{
"type": "FeatureCollection",
"name": "SEDIMEN_NATURAL",
"crs": { "type": "name", "properties": { "name": "urn:ogc:def:crs:OGC:1.3:CRS84" } },
"features": [
{ "type": "Feature", "properties": { "OBJECTID_1": 4, "OBJECTID": 1, "ID": 0, "TAHUN": 1988, "DATE": "1988-01-01", "NAMA_TITIK": "T42", "ZONA": "SEL TIMUR", "SHAPE_LENG": 214.58419806500001, "TRANSECTID": 46, "TRANSORDER": 46, "SHORELINEI": "1988-01-01", "BASELINEID": 1, "DISTANCE": 291.16, "INTERSECTX": 298024.20202000003, "INTERSECTY": 9242363.2141600009, "UNCERTAINT": 10, "NAMA_TITI2": "T42", "D_TAHUN": 0.0, "LRR": -1.48, "SKOR_SHORE": 4, "RASTERVALU": 10.6361, "SKOR_SLOPE": 2, "RASTERVA_1": -1.41562, "SKOR_ELEV": 5, "GEOM_LAP": "Tambak", "SKOR_GEOM": 5, "KATEGORI": "Abrasi Sedang", "GELOMBANG": 0.252405051799381, "PASUT": 0.924, "SLR": 4.69, "SKOR_GEL": 2, "SKOR_PASUT": 1, "SKOR_SLR": 5, "CVI": 27.386127875260001, "KELAS_CVI": 2, "KELAS_CV_1": "Rendah", "LAHAN": "Tambak", "JENIS": "Natural", "SKOR_LAHAN": 3, "DELTA_D": 0.0, "D_MEAN": 0.0, "D_MEDIAN": 0.0, "TSS_MIN_MG": 15.6, "TSS_RATA_R": 23.2, "TSS_MEDIAN": 21.2, "TSS_MAKS_M": 88.4, "TSS_STDDEV": 6.4, "HS": 0.252405052, "MWP_MEAN_S": 3.6391, "MWD_CIRCUL": 24.92, "JARAK_MUAR": 1130.0451134499999, "NAMA_SUNGA": "Kali Ketiwon", "MUARA_ID": "M5", "RESPON": null, "TSS__BATAS": 30.4, "PROKSI_NER": null }, "geometry": { "type": "MultiLineString", "coordinates": [ [ [ 109.172236300621194, -6.850776823436438 ], [ 109.170784846142496, -6.849488508422422 ] ] ] } },
{ "type": "Feature", "properties": { "OBJECTID_1": 5, "OBJECTID": 1, "ID": 0, "TAHUN": 1988, "DATE": "1988-01-01", "NAMA_TITIK": "T51", "ZONA": "SEL BARAT", "SHAPE_LENG": 201.76658598, "TRANSECTID": 20, "TRANSORDER": 20, "SHORELINEI": "1988-01-01", "BASELINEID": 1, "DISTANCE": 224.0, "INTERSECTX": 292986.98663599999, "INTERSECTY": 9242594.8396799993, "UNCERTAINT": 10, "NAMA_TITI2": "T51", "D_TAHUN": 0.0, "LRR": 0.72, "SKOR_SHORE": 3, "RASTERVALU": 2.59289, "SKOR_SLOPE": 4, "RASTERVA_1": -2.65623, "SKOR_ELEV": 5, "GEOM_LAP": "Aluvial", "SKOR_GEOM": 4, "KATEGORI": "Stabil", "GELOMBANG": 0.252405051799381, "PASUT": 0.924, "SLR": 4.69, "SKOR_GEL": 2, "SKOR_PASUT": 1, "SKOR_SLR": 5, "CVI": 34.641016151380001, "KELAS_CVI": 2, "KELAS_CV_1": "Rendah", "LAHAN": "Muara", "JENIS": "Natural", "SKOR_LAHAN": 4, "DELTA_D": 0.0, "D_MEAN": 0.0, "D_MEDIAN": 0.0, "TSS_MIN_MG": 16.1, "TSS_RATA_R": 26.1, "TSS_MEDIAN": 23.9, "TSS_MAKS_M": 83.0, "TSS_STDDEV": 7.5, "HS": 0.252405052, "MWP_MEAN_S": 3.6391, "MWD_CIRCUL": 24.92, "JARAK_MUAR": 19.716633507029201, "NAMA_SUNGA": "Kali Sibelis", "MUARA_ID": "M3", "RESPON": null, "TSS__BATAS": 30.4, "PROKSI_NER": null }, "geometry": { "type": "MultiLineString", "coordinates": [ [ [ 109.126672729708787, -6.848503460179961 ], [ 109.126625566954047, -6.848490159224784 ], [ 109.126473959954808, -6.848447402333723 ], [ 109.126438646303981, -6.848437470231181 ], [ 109.126433397147736, -6.848435994119044 ], [ 109.126431834779808, -6.848435554950166 ], [ 109.126344311514472, -6.848410938763632 ], [ 109.126343166621524, -6.84841061695067 ], [ 109.126265421486835, -6.848388751261581 ], [ 109.126239855244364, -6.848381560496552 ], [ 109.126236107915972, -6.848380506137491 ], [ 109.126228746087591, -6.848378435910627 ], [ 109.126219448696943, -6.848375821084256 ], [ 109.126215860405807, -6.848374811647476 ], [ 109.126176831969261, -6.84836383524162 ], [ 109.126153420874715, -6.848357250505034 ], [ 109.12613006038238, -6.848350680430856 ], [ 109.126126054617188, -6.848349553637189 ], [ 109.126039990748822, -6.848325348143629 ], [ 109.126006464493187, -6.848315918446334 ], [ 109.125987905864321, -6.848310698872536 ], [ 109.125930380265203, -6.848294519389212 ], [ 109.125904400177703, -6.848287212170806 ], [ 109.125792930060172, -6.848255860784406 ], [ 109.125756349571148, -6.848245571992585 ], [ 109.125720287764679, -6.848235428977716 ], [ 109.125568035356096, -6.848192606941227 ], [ 109.125548087871863, -6.848186996777247 ], [ 109.125365985225685, -6.848135779154549 ], [ 109.125334438843865, -6.848126906850249 ], [ 109.12533003097063, -6.848125667274614 ], [ 109.125321940835533, -6.84812339167019 ], [ 109.125050931737974, -6.848047168840825 ], [ 109.124915812179282, -6.848009165566505 ] ] ] } },
{ "type": "Feature", "properties": { "OBJECTID_1": 13, "OBJECTID": 1, "ID": 0, "TAHUN": 1988, "DATE": "1988-01-01", "NAMA_TITIK": "T41", "ZONA": "SEL TIMUR", "SHAPE_LENG": 205.342398919, "TRANSECTID": 45, "TRANSORDER": 45, "SHORELINEI": "1988-01-01", "BASELINEID": 1, "DISTANCE": 325.61, "INTERSECTX": 297863.67424700002, "INTERSECTY": 9242504.6867500003, "UNCERTAINT": 10, "NAMA_TITI2": "T41", "D_TAHUN": 0.0, "LRR": -2.12, "SKOR_SHORE": 5, "RASTERVALU": 9.05717, "SKOR_SLOPE": 2, "RASTERVA_1": -1.62402, "SKOR_ELEV": 5, "GEOM_LAP": "Tambak", "SKOR_GEOM": 5, "KATEGORI": "Abrasi Tinggi", "GELOMBANG": 0.252405051799381, "PASUT": 0.924, "SLR": 4.69, "SKOR_GEL": 2, "SKOR_PASUT": 1, "SKOR_SLR": 5, "CVI": 30.618621784790001, "KELAS_CVI": 2, "KELAS_CV_1": "Rendah", "LAHAN": "Tambak", "JENIS": "Natural", "SKOR_LAHAN": 3, "DELTA_D": 0.0, "D_MEAN": 0.0, "D_MEDIAN": 0.0, "TSS_MIN_MG": 15.6, "TSS_RATA_R": 23.2, "TSS_MEDIAN": 21.2, "TSS_MAKS_M": 88.4, "TSS_STDDEV": 6.4, "HS": 0.252405052, "MWP_MEAN_S": 3.6391, "MWD_CIRCUL": 24.92, "JARAK_MUAR": 936.29342666807304, "NAMA_SUNGA": "Kali Ketiwon", "MUARA_ID": "M5", "RESPON": null, "TSS__BATAS": 30.4, "PROKSI_NER": null }, "geometry": { "type": "MultiLineString", "coordinates": [ [ [ 109.170784846142496, -6.849488508422422 ], [ 109.170080601812984, -6.848863415820487 ], [ 109.169901183958473, -6.848701079446401 ], [ 109.169725673862686, -6.848540747050341 ], [ 109.169722211207144, -6.848537583801551 ], [ 109.169682151987004, -6.848502000279045 ], [ 109.169661923190574, -6.848484727193093 ], [ 109.169641468705706, -6.848468042753395 ], [ 109.169620684374394, -6.848452216904281 ], [ 109.169599430379037, -6.848437618910807 ], [ 109.16957751395806, -6.848424742609137 ], [ 109.169554684724105, -6.848414247979679 ], [ 109.169535925242442, -6.848408317632413 ], [ 109.169530650323921, -6.84840665017871 ], [ 109.169505693977868, -6.848401456618473 ], [ 109.169480067878723, -6.848398008229296 ], [ 109.169453962084361, -6.848395808452067 ], [ 109.169427520949199, -6.848394484422299 ], [ 109.169409618202451, -6.848394000320855 ], [ 109.169400847736853, -6.848393763479722 ], [ 109.169395486088206, -6.8483937267821 ], [ 109.169347091044642, -6.848393393254199 ], [ 109.169334869935327, -6.848393486844966 ], [ 109.169334595823699, -6.848393488513267 ] ] ] } },
{ "type": "Feature", "properties": { "OBJECTID_1": 29, "OBJECTID": 1, "ID": 0, "TAHUN": 1988, "DATE": "1988-01-01", "NAMA_TITIK": "T40", "ZONA": "SEL TIMUR", "SHAPE_LENG": 253.83251137100001, "TRANSECTID": 44, "TRANSORDER": 44, "SHORELINEI": "1988-01-01", "BASELINEID": 1, "DISTANCE": 344.81, "INTERSECTX": 297702.90017199999, "INTERSECTY": 9242625.1862499993, "UNCERTAINT": 10, "NAMA_TITI2": "T40", "D_TAHUN": 0.0, "LRR": -2.39, "SKOR_SHORE": 5, "RASTERVALU": 1.31742, "SKOR_SLOPE": 5, "RASTERVA_1": -2.87668, "SKOR_ELEV": 5, "GEOM_LAP": "Tambak", "SKOR_GEOM": 5, "KATEGORI": "Abrasi Tinggi", "GELOMBANG": 0.252405051799381, "PASUT": 0.924, "SLR": 4.69, "SKOR_GEL": 2, "SKOR_PASUT": 1, "SKOR_SLR": 5, "CVI": 48.412291827590003, "KELAS_CVI": 3, "KELAS_CV_1": "Sedang", "LAHAN": "Tambak", "JENIS": "Natural", "SKOR_LAHAN": 3, "DELTA_D": 0.0, "D_MEAN": 0.0, "D_MEDIAN": 0.0, "TSS_MIN_MG": 15.6, "TSS_RATA_R": 23.2, "TSS_MEDIAN": 21.2, "TSS_MAKS_M": 88.4, "TSS_STDDEV": 6.4, "HS": 0.252405052, "MWP_MEAN_S": 3.6391, "MWD_CIRCUL": 24.92, "JARAK_MUAR": 727.664323427044, "NAMA_SUNGA": "Kali Ketiwon", "MUARA_ID": "M5", "RESPON": null, "TSS__BATAS": 30.4, "PROKSI_NER": null }, "geometry": { "type": "MultiLineString", "coordinates": [ [ [ 109.169334595823699, -6.848393488513267 ], [ 109.169287396778813, -6.848393849402064 ], [ 109.169144651630774, -6.848394941229246 ], [ 109.169105401871462, -6.848395241968562 ], [ 109.169049774076356, -6.848395667467019 ], [ 109.169046662092057, -6.848395675502277 ], [ 109.169022070188987, -6.848395736420954 ], [ 109.169021219821218, -6.848395738606068 ], [ 109.168995293566283, -6.848395802577032 ], [ 109.168959358308285, -6.848395890798872 ], [ 109.168887299622142, -6.848396069229944 ], [ 109.168857390211073, -6.848396143333247 ], [ 109.168836140980588, -6.848396195279025 ], [ 109.168803751031561, -6.848396275298061 ], [ 109.168766123183644, -6.848396367905911 ], [ 109.168753049237978, -6.848396400366543 ], [ 109.168753108689543, -6.84837370009115 ], [ 109.168753122588086, -6.848368396398362 ], [ 109.168753220707572, -6.848330815764366 ], [ 109.168753234043834, -6.848325659445931 ], [ 109.168753283653317, -6.848306724919028 ], [ 109.168753323989463, -6.848291170070663 ], [ 109.168753379684958, -6.848269691287922 ], [ 109.168753400629399, -6.84826182887656 ], [ 109.168753823901042, -6.848099634963196 ], [ 109.168754459324276, -6.848021035979874 ], [ 109.16875484483262, -6.847973329956677 ], [ 109.168755134427983, -6.847937487828572 ], [ 109.16875549759358, -6.847892555653266 ], [ 109.168756060050512, -6.847822885779915 ], [ 109.168756227620278, -6.847802195842104 ], [ 109.168755836426897, -6.847748458888846 ], [ 109.168755074084359, -6.84772182514023 ], [ 109.168753674777633, -6.847695454784971 ], [ 109.168751349466547, -6.847669468782117 ], [ 109.168751088636498, -6.847667648637861 ], [ 109.168749536013976, -6.847656808288835 ], [ 109.168747704920705, -6.847644029284675 ], [ 109.168742215624519, -6.847619353094848 ], [ 109.168734183901392, -6.847595730499173 ], [ 109.168723069558467, -6.847573431588716 ], [ 109.168709430912884, -6.847552178203981 ], [ 109.168693967447624, -6.847531680969314 ], [ 109.168677203780902, -6.84751172127078 ], [ 109.168659532231757, -6.847492138760155 ], [ 109.168641238218555, -6.847472813368696 ], [ 109.168603554759429, -6.847434616815141 ], [ 109.168430442437739, -6.847264196663149 ], [ 109.168258561579492, -6.84709326761535 ], [ 109.168105039052222, -6.846939764564497 ] ] ] } },
{ "type": "Feature", "properties": { "OBJECTID_1": 35, "OBJECTID": 1, "ID": 0, "TAHUN": 1988, "DATE": "1988-01-01", "NAMA_TITIK": "T38", "ZONA": "SEL TIMUR", "SHAPE_LENG": 165.097135154, "TRANSECTID": 42, "TRANSORDER": 42, "SHORELINEI": "1988-01-01", "BASELINEID": 1, "DISTANCE": 446.84, "INTERSECTX": 297414.482296, "INTERSECTY": 9242920.5267299991, "UNCERTAINT": 10, "NAMA_TITI2": "T38", "D_TAHUN": 0.0, "LRR": -4.04, "SKOR_SHORE": 5, "RASTERVALU": 0.000344, "SKOR_SLOPE": 5, "RASTERVA_1": -2.94192, "SKOR_ELEV": 5, "GEOM_LAP": "Pasir_Halus", "SKOR_GEOM": 3, "KATEGORI": "Abrasi Tinggi", "GELOMBANG": 0.252405051799381, "PASUT": 0.924, "SLR": 4.69, "SKOR_GEL": 2, "SKOR_PASUT": 1, "SKOR_SLR": 5, "CVI": 30.618621784790001, "KELAS_CVI": 2, "KELAS_CV_1": "Rendah", "LAHAN": "Pantai", "JENIS": "Natural", "SKOR_LAHAN": 2, "DELTA_D": 0.0, "D_MEAN": 0.0, "D_MEDIAN": 0.0, "TSS_MIN_MG": 15.6, "TSS_RATA_R": 23.2, "TSS_MEDIAN": 21.2, "TSS_MAKS_M": 88.4, "TSS_STDDEV": 6.4, "HS": 0.252405052, "MWP_MEAN_S": 3.6391, "MWD_CIRCUL": 24.92, "JARAK_MUAR": 355.43647958132902, "NAMA_SUNGA": "Kali Ketiwon", "MUARA_ID": "M5", "RESPON": null, "TSS__BATAS": 30.4, "PROKSI_NER": null }, "geometry": { "type": "MultiLineString", "coordinates": [ [ [ 109.166735693326899, -6.845713263384481 ], [ 109.16668431730406, -6.845680373435318 ], [ 109.166322759087549, -6.845448094773139 ], [ 109.165729664824852, -6.845066815906046 ], [ 109.165479453415813, -6.844905963497439 ] ] ] } },
{ "type": "Feature", "properties": { "OBJECTID_1": 36, "OBJECTID": 1, "ID": 0, "TAHUN": 1988, "DATE": "1988-01-01", "NAMA_TITIK": "T39", "ZONA": "SEL TIMUR", "SHAPE_LENG": 204.05607135599999, "TRANSECTID": 43, "TRANSORDER": 43, "SHORELINEI": "1988-01-01", "BASELINEID": 1, "DISTANCE": 410.57, "INTERSECTX": 297566.37003300001, "INTERSECTY": 9242785.4515300002, "UNCERTAINT": 10, "NAMA_TITI2": "T39", "D_TAHUN": 0.0, "LRR": -3.6, "SKOR_SHORE": 5, "RASTERVALU": 0.000339, "SKOR_SLOPE": 5, "RASTERVA_1": -2.9425, "SKOR_ELEV": 5, "GEOM_LAP": "Pasir_Halus", "SKOR_GEOM": 3, "KATEGORI": "Abrasi Tinggi", "GELOMBANG": 0.252405051799381, "PASUT": 0.924, "SLR": 4.69, "SKOR_GEL": 2, "SKOR_PASUT": 1, "SKOR_SLR": 5, "CVI": 30.618621784790001, "KELAS_CVI": 2, "KELAS_CV_1": "Rendah", "LAHAN": "Pantai", "JENIS": "Natural", "SKOR_LAHAN": 2, "DELTA_D": 0.0, "D_MEAN": 0.0, "D_MEDIAN": 0.0, "TSS_MIN_MG": 15.6, "TSS_RATA_R": 23.2, "TSS_MEDIAN": 21.2, "TSS_MAKS_M": 88.4, "TSS_STDDEV": 6.4, "HS": 0.252405052, "MWP_MEAN_S": 3.6391, "MWD_CIRCUL": 24.92, "JARAK_MUAR": 535.47677602736997, "NAMA_SUNGA": "Kali Ketiwon", "MUARA_ID": "M5", "RESPON": null, "TSS__BATAS": 30.4, "PROKSI_NER": null }, "geometry": { "type": "MultiLineString", "coordinates": [ [ [ 109.168105039052222, -6.846939764564497 ], [ 109.167592671370855, -6.846427461605306 ], [ 109.167269746061692, -6.846103488035037 ], [ 109.167212214462353, -6.846046991720897 ], [ 109.167173051720752, -6.846010331047723 ], [ 109.167152997707404, -6.845992586605835 ], [ 109.167132464683931, -6.845975437076002 ], [ 109.167111380574667, -6.845959042217844 ], [ 109.16708981746217, -6.845943240463345 ], [ 109.167045749574086, -6.845912807852577 ], [ 109.166978437053814, -6.845868660176532 ], [ 109.166735693326899, -6.845713263384481 ] ] ] } },
{ "type": "Feature", "properties": { "OBJECTID_1": 40, "OBJECTID": 1, "ID": 0, "TAHUN": 1988, "DATE": "1988-01-01", "NAMA_TITIK": "T37", "ZONA": "SEL TIMUR", "SHAPE_LENG": 200.33035519500001, "TRANSECTID": 41, "TRANSORDER": 41, "SHORELINEI": "1988-01-01", "BASELINEID": 1, "DISTANCE": 448.33, "INTERSECTX": 297275.27394500002, "INTERSECTY": 9243009.2850499991, "UNCERTAINT": 10, "NAMA_TITI2": "T37", "D_TAHUN": 0.0, "LRR": -4.54, "SKOR_SHORE": 5, "RASTERVALU": 0.000345, "SKOR_SLOPE": 5, "RASTERVA_1": -2.94128, "SKOR_ELEV": 5, "GEOM_LAP": "Pasir_Halus", "SKOR_GEOM": 3, "KATEGORI": "Abrasi Tinggi", "GELOMBANG": 0.252405051799381, "PASUT": 0.924, "SLR": 4.69, "SKOR_GEL": 2, "SKOR_PASUT": 1, "SKOR_SLR": 5, "CVI": 30.618621784790001, "KELAS_CVI": 2, "KELAS_CV_1": "Rendah", "LAHAN": "Pantai", "JENIS": "Natural", "SKOR_LAHAN": 2, "DELTA_D": 0.0, "D_MEAN": 0.0, "D_MEDIAN": 0.0, "TSS_MIN_MG": 15.6, "TSS_RATA_R": 23.2, "TSS_MEDIAN": 21.2, "TSS_MAKS_M": 88.4, "TSS_STDDEV": 6.4, "HS": 0.252405052, "MWP_MEAN_S": 3.6391, "MWD_CIRCUL": 24.92, "JARAK_MUAR": 155.29372815372599, "NAMA_SUNGA": "Kali Ketiwon", "MUARA_ID": "M5", "RESPON": null, "TSS__BATAS": 30.4, "PROKSI_NER": null }, "geometry": { "type": "MultiLineString", "coordinates": [ [ [ 109.165479453415813, -6.844905963497439 ], [ 109.164511468248534, -6.844283676360054 ], [ 109.164408842479219, -6.844217701324702 ], [ 109.164239345430289, -6.844108736432495 ], [ 109.164157700774965, -6.84405624997396 ], [ 109.163972948619275, -6.843937478254707 ], [ 109.163955301208887, -6.843926104505845 ] ] ] } },
{ "type": "Feature", "properties": { "OBJECTID_1": 47, "OBJECTID": 1, "ID": 0, "TAHUN": 1988, "DATE": "1988-01-01", "NAMA_TITIK": "T03", "ZONA": "SEL BARAT", "SHAPE_LENG": 204.20453829900001, "TRANSECTID": 3, "TRANSORDER": 3, "SHORELINEI": "1988-01-01", "BASELINEID": 1, "DISTANCE": 346.14, "INTERSECTX": 289968.27414599998, "INTERSECTY": 9243772.1867900006, "UNCERTAINT": 10, "NAMA_TITI2": "T03", "D_TAHUN": 0.0, "LRR": -3.26, "SKOR_SHORE": 5, "RASTERVALU": 6.99672, "SKOR_SLOPE": 3, "RASTERVA_1": -1.58426, "SKOR_ELEV": 5, "GEOM_LAP": "Pasir_Halus", "SKOR_GEOM": 3, "KATEGORI": "Abrasi Tinggi", "GELOMBANG": 0.252405051799381, "PASUT": 0.924, "SLR": 4.69, "SKOR_GEL": 2, "SKOR_PASUT": 1, "SKOR_SLR": 5, "CVI": 23.717082451260001, "KELAS_CVI": 1, "KELAS_CV_1": "Sangat Rendah", "LAHAN": "Pantai", "JENIS": "Natural", "SKOR_LAHAN": 2, "DELTA_D": 0.0, "D_MEAN": 0.0, "D_MEDIAN": 0.0, "TSS_MIN_MG": 16.1, "TSS_RATA_R": 26.1, "TSS_MEDIAN": 23.9, "TSS_MAKS_M": 83.0, "TSS_STDDEV": 7.5, "HS": 0.252405052, "MWP_MEAN_S": 3.6391, "MWD_CIRCUL": 24.92, "JARAK_MUAR": 387.64661320961198, "NAMA_SUNGA": "KaliGangsa", "MUARA_ID": "M1", "RESPON": null, "TSS__BATAS": 30.4, "PROKSI_NER": null }, "geometry": { "type": "MultiLineString", "coordinates": [ [ [ 109.099407693673299, -6.837751826030489 ], [ 109.099304704704167, -6.837708000987116 ], [ 109.099090764528697, -6.837616963326226 ], [ 109.099009669485525, -6.837582454817526 ], [ 109.098983235937112, -6.837571206288195 ], [ 109.09882751724804, -6.83750494341398 ], [ 109.098800379320195, -6.8374933955448 ], [ 109.098709196222387, -6.837454594190738 ], [ 109.098700225202649, -6.83745077683954 ], [ 109.098655473059267, -6.837431732981773 ], [ 109.098642416591531, -6.837426176247518 ], [ 109.098642278421508, -6.837426117838328 ], [ 109.098528716577547, -6.83737779451669 ], [ 109.098517125780731, -6.837372861984718 ], [ 109.098479185450998, -6.837356716494177 ], [ 109.098462322580332, -6.837349540818343 ], [ 109.098417960583092, -6.837330663033771 ], [ 109.098366305463273, -6.837308682441175 ], [ 109.098360304619391, -6.837306129019036 ], [ 109.098271299794135, -6.837268254787706 ], [ 109.098123400959267, -6.837205319036816 ], [ 109.097981453343223, -6.83714491568594 ], [ 109.097896295630775, -6.837108678584995 ], [ 109.097708134886091, -6.837028609780668 ] ] ] } },
{ "type": "Feature", "properties": { "OBJECTID_1": 48, "OBJECTID": 1, "ID": 0, "TAHUN": 1988, "DATE": "1988-01-01", "NAMA_TITIK": "T04", "ZONA": "SEL BARAT", "SHAPE_LENG": 206.72508409599999, "TRANSECTID": 4, "TRANSORDER": 4, "SHORELINEI": "1988-01-01", "BASELINEID": 1, "DISTANCE": 398.05, "INTERSECTX": 290162.523147, "INTERSECTY": 9243701.7455700003, "UNCERTAINT": 10, "NAMA_TITI2": "T04", "D_TAHUN": 0.0, "LRR": -3.32, "SKOR_SHORE": 5, "RASTERVALU": 6.89058, "SKOR_SLOPE": 3, "RASTERVA_1": -2.22393, "SKOR_ELEV": 5, "GEOM_LAP": "Pasir_Halus", "SKOR_GEOM": 3, "KATEGORI": "Abrasi Tinggi", "GELOMBANG": 0.252405051799381, "PASUT": 0.924, "SLR": 4.69, "SKOR_GEL": 2, "SKOR_PASUT": 1, "SKOR_SLR": 5, "CVI": 23.717082451260001, "KELAS_CVI": 1, "KELAS_CV_1": "Sangat Rendah", "LAHAN": "Pantai", "JENIS": "Natural", "SKOR_LAHAN": 2, "DELTA_D": 186.7, "D_MEAN": 0.0, "D_MEDIAN": 0.0, "TSS_MIN_MG": 16.1, "TSS_RATA_R": 26.1, "TSS_MEDIAN": 23.9, "TSS_MAKS_M": 83.0, "TSS_STDDEV": 7.5, "HS": 0.252405052, "MWP_MEAN_S": 3.6391, "MWD_CIRCUL": 24.92, "JARAK_MUAR": 191.803552089433, "NAMA_SUNGA": "KaliGangsa", "MUARA_ID": "M1", "RESPON": null, "TSS__BATAS": 30.4, "PROKSI_NER": null }, "geometry": { "type": "MultiLineString", "coordinates": [ [ [ 109.101162295456476, -6.838395622030879 ], [ 109.1004566912369, -6.838151625642936 ], [ 109.100284959973465, -6.838092240837761 ], [ 109.099875145747347, -6.837950527570412 ], [ 109.09987248628687, -6.837949608434422 ], [ 109.099545870550457, -6.83781062382759 ], [ 109.099407693673299, -6.837751826030489 ] ] ] } },
{ "type": "Feature", "properties": { "OBJECTID_1": 49, "OBJECTID": 1, "ID": 0, "TAHUN": 1988, "DATE": "1988-01-01", "NAMA_TITIK": "T44", "ZONA": "SEL BARAT", "SHAPE_LENG": 84.846289903300004, "TRANSECTID": 5, "TRANSORDER": 5, "SHORELINEI": "1988-01-01", "BASELINEID": 1, "DISTANCE": 398.25, "INTERSECTX": 290245.62982099998, "INTERSECTY": 9243686.00722, "UNCERTAINT": 10, "NAMA_TITI2": "T44", "D_TAHUN": 0.0, "LRR": -2.33, "SKOR_SHORE": 5, "RASTERVALU": 0.013365, "SKOR_SLOPE": 5, "RASTERVA_1": -2.91714, "SKOR_ELEV": 5, "GEOM_LAP": "Aluvial", "SKOR_GEOM": 4, "KATEGORI": "Abrasi Tinggi", "GELOMBANG": 0.252405051799381, "PASUT": 0.924, "SLR": 4.69, "SKOR_GEL": 2, "SKOR_PASUT": 1, "SKOR_SLR": 5, "CVI": 50.0, "KELAS_CVI": 3, "KELAS_CV_1": "Sedang", "LAHAN": "Muara", "JENIS": "Natural", "SKOR_LAHAN": 4, "DELTA_D": 0.0, "D_MEAN": 0.0, "D_MEDIAN": 0.0, "TSS_MIN_MG": 16.1, "TSS_RATA_R": 26.1, "TSS_MEDIAN": 23.9, "TSS_MAKS_M": 83.0, "TSS_STDDEV": 7.5, "HS": 0.252405052, "MWP_MEAN_S": 3.6391, "MWD_CIRCUL": 24.92, "JARAK_MUAR": 61.827697463302599, "NAMA_SUNGA": "KaliGangsa", "MUARA_ID": "M1", "RESPON": null, "TSS__BATAS": 30.4, "PROKSI_NER": null }, "geometry": { "type": "MultiLineString", "coordinates": [ [ [ 109.101913491712935, -6.838540878853052 ], [ 109.101813691257107, -6.838526055519742 ], [ 109.101653508981798, -6.838502263839049 ], [ 109.101606239566379, -6.838495243160752 ], [ 109.101333043263622, -6.838454666369414 ], [ 109.101162295456476, -6.838395622030879 ] ] ] } },
{ "type": "Feature", "properties": { "OBJECTID_1": 50, "OBJECTID": 1, "ID": 0, "TAHUN": 1988, "DATE": "1988-01-01", "NAMA_TITIK": "T05", "ZONA": "SEL BARAT", "SHAPE_LENG": 214.525908738, "TRANSECTID": 6, "TRANSORDER": 6, "SHORELINEI": "1988-01-01", "BASELINEID": 1, "DISTANCE": 385.71, "INTERSECTX": 290432.36571599997, "INTERSECTY": 9243613.2955799997, "UNCERTAINT": 10, "NAMA_TITI2": "T05", "D_TAHUN": 0.0, "LRR": -1.47, "SKOR_SHORE": 4, "RASTERVALU": 6.15341, "SKOR_SLOPE": 3, "RASTERVA_1": -2.46219, "SKOR_ELEV": 5, "GEOM_LAP": "Pasir_Halus", "SKOR_GEOM": 3, "KATEGORI": "Abrasi Sedang", "GELOMBANG": 0.252405051799381, "PASUT": 0.924, "SLR": 4.69, "SKOR_GEL": 2, "SKOR_PASUT": 1, "SKOR_SLR": 5, "CVI": 30.0, "KELAS_CVI": 2, "KELAS_CV_1": "Rendah", "LAHAN": "Muara", "JENIS": "Natural", "SKOR_LAHAN": 4, "DELTA_D": 170.39, "D_MEAN": 0.0, "D_MEDIAN": 0.0, "TSS_MIN_MG": 16.1, "TSS_RATA_R": 26.1, "TSS_MEDIAN": 23.9, "TSS_MAKS_M": 83.0, "TSS_STDDEV": 7.5, "HS": 0.252405052, "MWP_MEAN_S": 3.6391, "MWD_CIRCUL": 24.92, "JARAK_MUAR": 4.2768385923696401, "NAMA_SUNGA": "KaliGangsa", "MUARA_ID": "M1", "RESPON": null, "TSS__BATAS": 30.4, "PROKSI_NER": null }, "geometry": { "type": "MultiLineString", "coordinates": [ [ [ 109.103600058583211, -6.839204926358666 ], [ 109.103462812845351, -6.839011388859673 ], [ 109.103272266091636, -6.838742689913792 ], [ 109.101913491712935, -6.838540878853052 ] ] ] } },
{ "type": "Feature", "properties": { "OBJECTID_1": 51, "OBJECTID": 1, "ID": 0, "TAHUN": 1988, "DATE": "1988-01-01", "NAMA_TITIK": "T01", "ZONA": "SEL BARAT", "SHAPE_LENG": 41.772665183599997, "TRANSECTID": 1, "TRANSORDER": 1, "SHORELINEI": "1988-01-01", "BASELINEID": 1, "DISTANCE": 273.09, "INTERSECTX": 289597.19696799997, "INTERSECTY": 9243938.4333900008, "UNCERTAINT": 10, "NAMA_TITI2": "T01", "D_TAHUN": 0.0, "LRR": -0.96, "SKOR_SHORE": 3, "RASTERVALU": 0.111227, "SKOR_SLOPE": 5, "RASTERVA_1": -2.91494, "SKOR_ELEV": 5, "GEOM_LAP": "Pasir_Halus", "SKOR_GEOM": 3, "KATEGORI": "Stabil", "GELOMBANG": 0.252405051799381, "PASUT": 0.924, "SLR": 4.69, "SKOR_GEL": 2, "SKOR_PASUT": 1, "SKOR_SLR": 5, "CVI": 23.717082451260001, "KELAS_CVI": 1, "KELAS_CV_1": "Sangat Rendah", "LAHAN": "Pantai", "JENIS": "Natural", "SKOR_LAHAN": 2, "DELTA_D": 0.0, "D_MEAN": 0.0, "D_MEDIAN": 0.0, "TSS_MIN_MG": 16.1, "TSS_RATA_R": 26.1, "TSS_MEDIAN": 23.9, "TSS_MAKS_M": 83.0, "TSS_STDDEV": 7.5, "HS": 0.252405052, "MWP_MEAN_S": 3.6391, "MWD_CIRCUL": 24.92, "JARAK_MUAR": 778.10088489128304, "NAMA_SUNGA": "KaliGangsa", "MUARA_ID": "M1", "RESPON": null, "TSS__BATAS": 30.4, "PROKSI_NER": null }, "geometry": { "type": "MultiLineString", "coordinates": [ [ [ 109.096057000815591, -6.83623552422524 ], [ 109.095924501992769, -6.836168545995821 ], [ 109.095899368847199, -6.836155841432073 ], [ 109.095782415784072, -6.836096722643904 ], [ 109.095719809543667, -6.836065075129846 ] ] ] } },
{ "type": "Feature", "properties": { "OBJECTID_1": 52, "OBJECTID": 1, "ID": 0, "TAHUN": 1988, "DATE": "1988-01-01", "NAMA_TITIK": "T02", "ZONA": "SEL BARAT", "SHAPE_LENG": 202.60947091599999, "TRANSECTID": 2, "TRANSORDER": 2, "SHORELINEI": "1988-01-01", "BASELINEID": 1, "DISTANCE": 304.91, "INTERSECTX": 289780.07457900001, "INTERSECTY": 9243851.4357900005, "UNCERTAINT": 10, "NAMA_TITI2": "T02", "D_TAHUN": 0.0, "LRR": -2.19, "SKOR_SHORE": 5, "RASTERVALU": 6.56471, "SKOR_SLOPE": 3, "RASTERVA_1": -1.78074, "SKOR_ELEV": 5, "GEOM_LAP": "Pasir_Halus", "SKOR_GEOM": 3, "KATEGORI": "Abrasi Tinggi", "GELOMBANG": 0.252405051799381, "PASUT": 0.924, "SLR": 4.69, "SKOR_GEL": 2, "SKOR_PASUT": 1, "SKOR_SLR": 5, "CVI": 23.717082451260001, "KELAS_CVI": 1, "KELAS_CV_1": "Sangat Rendah", "LAHAN": "Pantai", "JENIS": "Natural", "SKOR_LAHAN": 2, "DELTA_D": 0.0, "D_MEAN": 0.0, "D_MEDIAN": 0.0, "TSS_MIN_MG": 16.1, "TSS_RATA_R": 26.1, "TSS_MEDIAN": 23.9, "TSS_MAKS_M": 83.0, "TSS_STDDEV": 7.5, "HS": 0.252405052, "MWP_MEAN_S": 3.6391, "MWD_CIRCUL": 24.92, "JARAK_MUAR": 579.82548354246296, "NAMA_SUNGA": "KaliGangsa", "MUARA_ID": "M1", "RESPON": null, "TSS__BATAS": 30.4, "PROKSI_NER": null }, "geometry": { "type": "MultiLineString", "coordinates": [ [ [ 109.097708134886091, -6.837028609780668 ], [ 109.09756502425985, -6.836967711708462 ], [ 109.0974112404229, -6.836902270734543 ], [ 109.097322082268448, -6.83686433066528 ], [ 109.097204300769846, -6.83681421022151 ], [ 109.097188453887867, -6.83680746707761 ], [ 109.09655939609479, -6.836489483043314 ], [ 109.096294679818627, -6.836355669818389 ], [ 109.096057000815591, -6.83623552422524 ] ] ] } },
{ "type": "Feature", "properties": { "OBJECTID_1": 54, "OBJECTID": 2, "ID": 0, "TAHUN": 1989, "DATE": "1989-01-01", "NAMA_TITIK": "T42", "ZONA": "SEL TIMUR", "SHAPE_LENG": 224.42493887000001, "TRANSECTID": 46, "TRANSORDER": 46, "SHORELINEI": "1989-01-01", "BASELINEID": 1, "DISTANCE": 265.95, "INTERSECTX": 298010.29456200002, "INTERSECTY": 9242342.1913200002, "UNCERTAINT": 10, "NAMA_TITI2": "T42", "D_TAHUN": 0.0, "LRR": -1.48, "SKOR_SHORE": 4, "RASTERVALU": 10.6361, "SKOR_SLOPE": 2, "RASTERVA_1": -1.41562, "SKOR_ELEV": 5, "GEOM_LAP": "Tambak", "SKOR_GEOM": 5, "KATEGORI": "Abrasi Sedang", "GELOMBANG": 0.214001871207181, "PASUT": 0.873, "SLR": 4.69, "SKOR_GEL": 1, "SKOR_PASUT": 4, "SKOR_SLR": 5, "CVI": 38.729833462069998, "KELAS_CVI": 3, "KELAS_CV_1": "Sedang", "LAHAN": "Tambak", "JENIS": "Natural", "SKOR_LAHAN": 3, "DELTA_D": -25.21, "D_MEAN": -4.1870588235294086, "D_MEDIAN": -11.86, "TSS_MIN_MG": 13.1, "TSS_RATA_R": 43.1, "TSS_MEDIAN": 39.3, "TSS_MAKS_M": 256.2, "TSS_STDDEV": 28.6, "HS": 0.214001871, "MWP_MEAN_S": 3.2901, "MWD_CIRCUL": 17.02, "JARAK_MUAR": 1130.0451134499999, "NAMA_SUNGA": "Kali Ketiwon", "MUARA_ID": "M5", "RESPON": "Abrasi", "TSS__BATAS": 30.4, "PROKSI_NER": "Bypass/Export" }, "geometry": { "type": "MultiLineString", "coordinates": [ [ [ 109.172192379432545, -6.851034958980584 ], [ 109.170632339709485, -6.849736393109618 ] ] ] } },
{ "type": "Feature", "properties": { "OBJECTID_1": 61, "OBJECTID": 2, "ID": 0, "TAHUN": 1989, "DATE": "1989-01-01", "NAMA_TITIK": "T40", "ZONA": "SEL TIMUR", "SHAPE_LENG": 214.95300207299999, "TRANSECTID": 44, "TRANSORDER": 44, "SHORELINEI": "1989-01-01", "BASELINEID": 1, "DISTANCE": 322.25, "INTERSECTX": 297691.15982499998, "INTERSECTY": 9242605.9293099996, "UNCERTAINT": 10, "NAMA_TITI2": "T40", "D_TAHUN": 0.0, "LRR": -2.39, "SKOR_SHORE": 5, "RASTERVALU": 1.31742, "SKOR_SLOPE": 5, "RASTERVA_1": -2.87668, "SKOR_ELEV": 5, "GEOM_LAP": "Tambak", "SKOR_GEOM": 5, "KATEGORI": "Abrasi Tinggi", "GELOMBANG": 0.214001871207181, "PASUT": 0.873, "SLR": 4.69, "SKOR_GEL": 1, "SKOR_PASUT": 4, "SKOR_SLR": 5, "CVI": 68.465319688150004, "KELAS_CVI": 4, "KELAS_CV_1": "Tinggi", "LAHAN": "Tambak", "JENIS": "Natural", "SKOR_LAHAN": 3, "DELTA_D": -22.56, "D_MEAN": -4.1870588235294086, "D_MEDIAN": -11.86, "TSS_MIN_MG": 13.1, "TSS_RATA_R": 43.1, "TSS_MEDIAN": 39.3, "TSS_MAKS_M": 256.2, "TSS_STDDEV": 28.6, "HS": 0.214001871, "MWP_MEAN_S": 3.2901, "MWD_CIRCUL": 17.02, "JARAK_MUAR": 727.664323427044, "NAMA_SUNGA": "Kali Ketiwon", "MUARA_ID": "M5", "RESPON": "Abrasi", "TSS__BATAS": 30.4, "PROKSI_NER": "Bypass/Export" }, "geometry": { "type": "MultiLineString", "coordinates": [ [ [ 109.169227725288138, -6.848567193679881 ], [ 109.169120050615035, -6.848477565524704 ], [ 109.169074799546692, -6.848439898009579 ], [ 109.169066283182033, -6.848432809573835 ], [ 109.169022545303093, -6.848396400973352 ], [ 109.169022070188987, -6.848395736420954 ], [ 109.168754459324276, -6.848021035979874 ], [ 109.168675824000488, -6.847910932728356 ], [ 109.16856182087416, -6.847751310019353 ], [ 109.168534226682524, -6.847712673605703 ], [ 109.168477307850168, -6.847632764010037 ], [ 109.168145590606258, -6.847167058777444 ], [ 109.168100792398647, -6.847104166256758 ], [ 109.168048800183684, -6.847031173182155 ] ] ] } },
{ "type": "Feature", "properties": { "OBJECTID_1": 62, "OBJECTID": 2, "ID": 0, "TAHUN": 1989, "DATE": "1989-01-01", "NAMA_TITIK": "T41", "ZONA": "SEL TIMUR", "SHAPE_LENG": 202.06675937700001, "TRANSECTID": 45, "TRANSORDER": 45, "SHORELINEI": "1989-01-01", "BASELINEID": 1, "DISTANCE": 293.43, "INTERSECTX": 297846.92032899999, "INTERSECTY": 9242477.2063699998, "UNCERTAINT": 10, "NAMA_TITI2": "T41", "D_TAHUN": 0.0, "LRR": -2.12, "SKOR_SHORE": 5, "RASTERVALU": 9.05717, "SKOR_SLOPE": 2, "RASTERVA_1": -1.62402, "SKOR_ELEV": 5, "GEOM_LAP": "Tambak", "SKOR_GEOM": 5, "KATEGORI": "Abrasi Tinggi", "GELOMBANG": 0.214001871207181, "PASUT": 0.873, "SLR": 4.69, "SKOR_GEL": 1, "SKOR_PASUT": 4, "SKOR_SLR": 5, "CVI": 43.301270189219998, "KELAS_CVI": 3, "KELAS_CV_1": "Sedang", "LAHAN": "Tambak", "JENIS": "Natural", "SKOR_LAHAN": 3, "DELTA_D": -32.18, "D_MEAN": -4.1870588235294086, "D_MEDIAN": -11.86, "TSS_MIN_MG": 13.1, "TSS_RATA_R": 43.1, "TSS_MEDIAN": 39.3, "TSS_MAKS_M": 256.2, "TSS_STDDEV": 28.6, "HS": 0.214001871, "MWP_MEAN_S": 3.2901, "MWD_CIRCUL": 17.02, "JARAK_MUAR": 936.29342666807304, "NAMA_SUNGA": "Kali Ketiwon", "MUARA_ID": "M5", "RESPON": "Abrasi", "TSS__BATAS": 30.4, "PROKSI_NER": "Bypass/Export" }, "geometry": { "type": "MultiLineString", "coordinates": [ [ [ 109.170632339709485, -6.849736393109618 ], [ 109.170630499173953, -6.84973486170334 ], [ 109.170604960767491, -6.849713602813403 ], [ 109.170244969542765, -6.849413947247355 ], [ 109.170177027735306, -6.849357392472329 ], [ 109.1701528185895, -6.849337240790327 ], [ 109.170059479122784, -6.849259545176672 ], [ 109.170007890203692, -6.849216602268059 ], [ 109.16998192080176, -6.849194985482185 ], [ 109.169883363705708, -6.849112947233051 ], [ 109.169745388162525, -6.84899809639381 ], [ 109.169738758297768, -6.848992577522585 ], [ 109.169728465414991, -6.848984009465794 ], [ 109.16967947187004, -6.848943227396527 ], [ 109.169642107645259, -6.848912126057323 ], [ 109.169506656295709, -6.848799376093408 ], [ 109.169488526983642, -6.848784285478125 ], [ 109.169476464823731, -6.848774245050632 ], [ 109.169449696501076, -6.848751962462508 ], [ 109.169227725288138, -6.848567193679881 ] ] ] } },
{ "type": "Feature", "properties": { "OBJECTID_1": 78, "OBJECTID": 2, "ID": 0, "TAHUN": 1989, "DATE": "1989-01-01", "NAMA_TITIK": "T39", "ZONA": "SEL TIMUR", "SHAPE_LENG": 206.45740616200001, "TRANSECTID": 43, "TRANSORDER": 43, "SHORELINEI": "1989-01-01", "BASELINEID": 1, "DISTANCE": 398.71, "INTERSECTX": 297560.19189199997, "INTERSECTY": 9242775.3179199994, "UNCERTAINT": 10, "NAMA_TITI2": "T39", "D_TAHUN": 0.0, "LRR": -3.6, "SKOR_SHORE": 5, "RASTERVALU": 0.000339, "SKOR_SLOPE": 5, "RASTERVA_1": -2.9425, "SKOR_ELEV": 5, "GEOM_LAP": "Pasir_Halus", "SKOR_GEOM": 3, "KATEGORI": "Abrasi Tinggi", "GELOMBANG": 0.214001871207181, "PASUT": 0.873, "SLR": 4.69, "SKOR_GEL": 1, "SKOR_PASUT": 4, "SKOR_SLR": 5, "CVI": 43.301270189219998, "KELAS_CVI": 3, "KELAS_CV_1": "Sedang", "LAHAN": "Pantai", "JENIS": "Natural", "SKOR_LAHAN": 2, "DELTA_D": -11.86, "D_MEAN": -4.1870588235294086, "D_MEDIAN": -11.86, "TSS_MIN_MG": 13.1, "TSS_RATA_R": 43.1, "TSS_MEDIAN": 39.3, "TSS_MAKS_M": 256.2, "TSS_STDDEV": 28.6, "HS": 0.214001871, "MWP_MEAN_S": 3.2901, "MWD_CIRCUL": 17.02, "JARAK_MUAR": 535.47677602736997, "NAMA_SUNGA": "Kali Ketiwon", "MUARA_ID": "M5", "RESPON": "Abrasi", "TSS__BATAS": 30.4, "PROKSI_NER": "Bypass/Export" }, "geometry": { "type": "MultiLineString", "coordinates": [ [ [ 109.168048800183684, -6.847031173182155 ], [ 109.167785923028021, -6.846662113528345 ], [ 109.167661547655726, -6.846511093084584 ], [ 109.167592671370855, -6.846427461605306 ], [ 109.167268223078707, -6.846271913555854 ], [ 109.166920139542967, -6.84610503393035 ], [ 109.166758323775227, -6.846027455704529 ], [ 109.166591573290404, -6.845947511447049 ] ] ] } },
{ "type": "Feature", "properties": { "OBJECTID_1": 87, "OBJECTID": 2, "ID": 0, "TAHUN": 1989, "DATE": "1989-01-01", "NAMA_TITIK": "T38", "ZONA": "SEL TIMUR", "SHAPE_LENG": 170.77030323700001, "TRANSECTID": 42, "TRANSORDER": 42, "SHORELINEI": "1989-01-01", "BASELINEID": 1, "DISTANCE": 416.43, "INTERSECTX": 297398.64984700002, "INTERSECTY": 9242894.5577700008, "UNCERTAINT": 10, "NAMA_TITI2": "T38", "D_TAHUN": 0.0, "LRR": -4.04, "SKOR_SHORE": 5, "RASTERVALU": 0.000344, "SKOR_SLOPE": 5, "RASTERVA_1": -2.94192, "SKOR_ELEV": 5, "GEOM_LAP": "Pasir_Halus", "SKOR_GEOM": 3, "KATEGORI": "Abrasi Tinggi", "GELOMBANG": 0.214001871207181, "PASUT": 0.873, "SLR": 4.69, "SKOR_GEL": 1, "SKOR_PASUT": 4, "SKOR_SLR": 5, "CVI": 43.301270189219998, "KELAS_CVI": 3, "KELAS_CV_1": "Sedang", "LAHAN": "Pantai", "JENIS": "Natural", "SKOR_LAHAN": 2, "DELTA_D": -30.41, "D_MEAN": -4.1870588235294086, "D_MEDIAN": -11.86, "TSS_MIN_MG": 13.1, "TSS_RATA_R": 43.1, "TSS_MEDIAN": 39.3, "TSS_MAKS_M": 256.2, "TSS_STDDEV": 28.6, "HS": 0.214001871, "MWP_MEAN_S": 3.2901, "MWD_CIRCUL": 17.02, "JARAK_MUAR": 355.43647958132902, "NAMA_SUNGA": "Kali Ketiwon", "MUARA_ID": "M5", "RESPON": "Abrasi", "TSS__BATAS": 30.4, "PROKSI_NER": "Bypass/Export" }, "geometry": { "type": "MultiLineString", "coordinates": [ [ [ 109.166591573290404, -6.845947511447049 ], [ 109.166383251538235, -6.845847636660761 ], [ 109.166224538615054, -6.845771545705157 ], [ 109.166068001027867, -6.845696497354492 ], [ 109.166039466924346, -6.84568281723184 ], [ 109.166001417240281, -6.84566457554334 ], [ 109.165961861395232, -6.845645611116788 ], [ 109.165833680106502, -6.845584158070615 ], [ 109.165653984917256, -6.845498006929845 ], [ 109.165635521744107, -6.84548915539333 ], [ 109.165569465615732, -6.845409577864847 ], [ 109.165564596683538, -6.845403712157269 ], [ 109.165548119572577, -6.845383862896798 ], [ 109.165519328312058, -6.84534917748946 ], [ 109.165428676335821, -6.845239969374336 ], [ 109.165363766589707, -6.845161773227471 ], [ 109.16533949128798, -6.845132529035787 ], [ 109.165326180307133, -6.845116492894757 ] ] ] } },
{ "type": "Feature", "properties": { "OBJECTID_1": 90, "OBJECTID": 2, "ID": 0, "TAHUN": 1989, "DATE": "1989-01-01", "NAMA_TITIK": "T37", "ZONA": "SEL TIMUR", "SHAPE_LENG": 220.65808256299999, "TRANSECTID": 41, "TRANSORDER": 41, "SHORELINEI": "1989-01-01", "BASELINEID": 1, "DISTANCE": 419.53, "INTERSECTX": 297258.41954600002, "INTERSECTY": 9242985.9354500007, "UNCERTAINT": 10, "NAMA_TITI2": "T37", "D_TAHUN": 0.0, "LRR": -4.54, "SKOR_SHORE": 5, "RASTERVALU": 0.000345, "SKOR_SLOPE": 5, "RASTERVA_1": -2.94128, "SKOR_ELEV": 5, "GEOM_LAP": "Pasir_Halus", "SKOR_GEOM": 3, "KATEGORI": "Abrasi Tinggi", "GELOMBANG": 0.214001871207181, "PASUT": 0.873, "SLR": 4.69, "SKOR_GEL": 1, "SKOR_PASUT": 4, "SKOR_SLR": 5, "CVI": 43.301270189219998, "KELAS_CVI": 3, "KELAS_CV_1": "Sedang", "LAHAN": "Pantai", "JENIS": "Natural", "SKOR_LAHAN": 2, "DELTA_D": -28.8, "D_MEAN": -4.1870588235294086, "D_MEDIAN": -11.86, "TSS_MIN_MG": 13.1, "TSS_RATA_R": 43.1, "TSS_MEDIAN": 39.3, "TSS_MAKS_M": 256.2, "TSS_STDDEV": 28.6, "HS": 0.214001871, "MWP_MEAN_S": 3.2901, "MWD_CIRCUL": 17.02, "JARAK_MUAR": 155.29372815372599, "NAMA_SUNGA": "Kali Ketiwon", "MUARA_ID": "M5", "RESPON": "Abrasi", "TSS__BATAS": 30.4, "PROKSI_NER": "Bypass/Export" }, "geometry": { "type": "MultiLineString", "coordinates": [ [ [ 109.165326180307133, -6.845116492894757 ], [ 109.165270714885182, -6.845049674421871 ], [ 109.165253079776079, -6.845028429253824 ], [ 109.165067161613237, -6.844887201523021 ], [ 109.164908482747734, -6.844829819943219 ], [ 109.164858068681482, -6.844811588869653 ], [ 109.164798710250025, -6.844790122968417 ], [ 109.164660699909248, -6.844740215237313 ], [ 109.164660179562418, -6.844740026996621 ], [ 109.164621617871916, -6.844726081598651 ], [ 109.164599151708785, -6.844717957061146 ], [ 109.164502708651384, -6.844683080293172 ], [ 109.164496317308959, -6.844651395333564 ], [ 109.164486538100377, -6.844602911023805 ], [ 109.164479828928549, -6.844569648920661 ], [ 109.164478124336966, -6.844561197668437 ], [ 109.164477448711722, -6.844557848836462 ], [ 109.164458128239943, -6.844462057423334 ], [ 109.164444376984619, -6.844393879164175 ], [ 109.164411949799231, -6.844233109023305 ], [ 109.164408842479219, -6.844217701324702 ], [ 109.1644007705262, -6.844177682745467 ], [ 109.164383341080168, -6.844091270955556 ], [ 109.164121866469031, -6.843919016279304 ], [ 109.164074580363163, -6.843887865066056 ], [ 109.164012781693486, -6.843847153134551 ] ] ] } },
{ "type": "Feature", "properties": { "OBJECTID_1": 99, "OBJECTID": 2, "ID": 0, "TAHUN": 1989, "DATE": "1989-01-01", "NAMA_TITIK": "T05", "ZONA": "SEL BARAT", "SHAPE_LENG": 201.94824749899999, "TRANSECTID": 6, "TRANSORDER": 6, "SHORELINEI": "1989-01-01", "BASELINEID": 1, "DISTANCE": 366.89, "INTERSECTX": 290426.64904, "INTERSECTY": 9243595.3688299991, "UNCERTAINT": 10, "NAMA_TITI2": "T05", "D_TAHUN": 0.0, "LRR": -1.47, "SKOR_SHORE": 4, "RASTERVALU": 6.15341, "SKOR_SLOPE": 3, "RASTERVA_1": -2.46219, "SKOR_ELEV": 5, "GEOM_LAP": "Pasir_Halus", "SKOR_GEOM": 3, "KATEGORI": "Abrasi Sedang", "GELOMBANG": 0.214001871207181, "PASUT": 0.873, "SLR": 4.69, "SKOR_GEL": 1, "SKOR_PASUT": 4, "SKOR_SLR": 5, "CVI": 42.426406871189997, "KELAS_CVI": 3, "KELAS_CV_1": "Sedang", "LAHAN": "Muara", "JENIS": "Natural", "SKOR_LAHAN": 4, "DELTA_D": -18.82, "D_MEAN": 6.1995, "D_MEDIAN": 12.465, "TSS_MIN_MG": 0.0, "TSS_RATA_R": 0.0, "TSS_MEDIAN": 0.0, "TSS_MAKS_M": 0.0, "TSS_STDDEV": 0.0, "HS": 0.214001871, "MWP_MEAN_S": 3.2901, "MWD_CIRCUL": 17.02, "JARAK_MUAR": 4.2768385923696401, "NAMA_SUNGA": "KaliGangsa", "MUARA_ID": "M1", "RESPON": "Akresi", "TSS__BATAS": 30.4, "PROKSI_NER": null }, "geometry": { "type": "MultiLineString", "coordinates": [ [ [ 109.103547707423388, -6.839366798543298 ], [ 109.103117331099213, -6.839158129776921 ], [ 109.102049967164945, -6.838640615019151 ], [ 109.102035375181558, -6.838633540618147 ], [ 109.101904107868094, -6.838569894740187 ] ] ] } },
{ "type": "Feature", "properties": { "OBJECTID_1": 101, "OBJECTID": 2, "ID": 0, "TAHUN": 1989, "DATE": "1989-01-01", "NAMA_TITIK": "T04", "ZONA": "SEL BARAT", "SHAPE_LENG": 203.53395908600001, "TRANSECTID": 4, "TRANSORDER": 4, "SHORELINEI": "1989-01-01", "BASELINEID": 1, "DISTANCE": 416.72, "INTERSECTX": 290173.09399899998, "INTERSECTY": 9243717.13638, "UNCERTAINT": 10, "NAMA_TITI2": "T04", "D_TAHUN": 0.0, "LRR": -3.32, "SKOR_SHORE": 5, "RASTERVALU": 6.89058, "SKOR_SLOPE": 3, "RASTERVA_1": -2.22393, "SKOR_ELEV": 5, "GEOM_LAP": "Pasir_Halus", "SKOR_GEOM": 3, "KATEGORI": "Abrasi Tinggi", "GELOMBANG": 0.214001871207181, "PASUT": 0.873, "SLR": 4.69, "SKOR_GEL": 1, "SKOR_PASUT": 4, "SKOR_SLR": 5, "CVI": 33.541019662499998, "KELAS_CVI": 2, "KELAS_CV_1": "Rendah", "LAHAN": "Pantai", "JENIS": "Natural", "SKOR_LAHAN": 2, "DELTA_D": 18.67, "D_MEAN": 6.1995, "D_MEDIAN": 12.465, "TSS_MIN_MG": 0.0, "TSS_RATA_R": 0.0, "TSS_MEDIAN": 0.0, "TSS_MAKS_M": 0.0, "TSS_STDDEV": 0.0, "HS": 0.214001871, "MWP_MEAN_S": 3.2901, "MWD_CIRCUL": 17.02, "JARAK_MUAR": 191.803552089433, "NAMA_SUNGA": "KaliGangsa", "MUARA_ID": "M1", "RESPON": "Akresi", "TSS__BATAS": 30.4, "PROKSI_NER": null }, "geometry": { "type": "MultiLineString", "coordinates": [ [ [ 109.10125846535442, -6.838256850662588 ], [ 109.10002562957709, -6.837659099374135 ], [ 109.099977280001454, -6.837635656456325 ], [ 109.099827356846617, -6.837583326566159 ], [ 109.09958346329681, -6.83749819679493 ] ] ] } },
{ "type": "Feature", "properties": { "OBJECTID_1": 102, "OBJECTID": 2, "ID": 0, "TAHUN": 1989, "DATE": "1989-01-01", "NAMA_TITIK": "T44", "ZONA": "SEL BARAT", "SHAPE_LENG": 79.330017005000002, "TRANSECTID": 5, "TRANSORDER": 5, "SHORELINEI": "1989-01-01", "BASELINEID": 1, "DISTANCE": 394.88, "INTERSECTX": 290244.60509500001, "INTERSECTY": 9243682.7938199993, "UNCERTAINT": 10, "NAMA_TITI2": "T44", "D_TAHUN": 0.0, "LRR": -2.33, "SKOR_SHORE": 5, "RASTERVALU": 0.013365, "SKOR_SLOPE": 5, "RASTERVA_1": -2.91714, "SKOR_ELEV": 5, "GEOM_LAP": "Aluvial", "SKOR_GEOM": 4, "KATEGORI": "Abrasi Tinggi", "GELOMBANG": 0.214001871207181, "PASUT": 0.873, "SLR": 4.69, "SKOR_GEL": 1, "SKOR_PASUT": 4, "SKOR_SLR": 5, "CVI": 70.710678118649994, "KELAS_CVI": 4, "KELAS_CV_1": "Tinggi", "LAHAN": "Muara", "JENIS": "Natural", "SKOR_LAHAN": 4, "DELTA_D": -3.37, "D_MEAN": 6.1995, "D_MEDIAN": 12.465, "TSS_MIN_MG": 0.0, "TSS_RATA_R": 0.0, "TSS_MEDIAN": 0.0, "TSS_MAKS_M": 0.0, "TSS_STDDEV": 0.0, "HS": 0.214001871, "MWP_MEAN_S": 3.2901, "MWD_CIRCUL": 17.02, "JARAK_MUAR": 61.827697463302599, "NAMA_SUNGA": "KaliGangsa", "MUARA_ID": "M1", "RESPON": "Akresi", "TSS__BATAS": 30.4, "PROKSI_NER": null }, "geometry": { "type": "MultiLineString", "coordinates": [ [ [ 109.101904107868094, -6.838569894740187 ], [ 109.101813691257107, -6.838526055519742 ], [ 109.10125846535442, -6.838256850662588 ] ] ] } },
{ "type": "Feature", "properties": { "OBJECTID_1": 103, "OBJECTID": 2, "ID": 0, "TAHUN": 1989, "DATE": "1989-01-01", "NAMA_TITIK": "T02", "ZONA": "SEL BARAT", "SHAPE_LENG": 205.11395829, "TRANSECTID": 2, "TRANSORDER": 2, "SHORELINEI": "1989-01-01", "BASELINEID": 1, "DISTANCE": 324.95, "INTERSECTX": 289791.42163, "INTERSECTY": 9243867.9567300007, "UNCERTAINT": 10, "NAMA_TITI2": "T02", "D_TAHUN": 0.0, "LRR": -2.19, "SKOR_SHORE": 5, "RASTERVALU": 6.56471, "SKOR_SLOPE": 3, "RASTERVA_1": -1.78074, "SKOR_ELEV": 5, "GEOM_LAP": "Pasir_Halus", "SKOR_GEOM": 3, "KATEGORI": "Abrasi Tinggi", "GELOMBANG": 0.214001871207181, "PASUT": 0.873, "SLR": 4.69, "SKOR_GEL": 1, "SKOR_PASUT": 4, "SKOR_SLR": 5, "CVI": 33.541019662499998, "KELAS_CVI": 2, "KELAS_CV_1": "Rendah", "LAHAN": "Pantai", "JENIS": "Natural", "SKOR_LAHAN": 2, "DELTA_D": 20.04, "D_MEAN": 6.1995, "D_MEDIAN": 12.465, "TSS_MIN_MG": 17.5, "TSS_RATA_R": 25.4, "TSS_MEDIAN": 25.6, "TSS_MAKS_M": 128.2, "TSS_STDDEV": 5.4, "HS": 0.252405052, "MWP_MEAN_S": 3.2901, "MWD_CIRCUL": 17.02, "JARAK_MUAR": 579.82548354246296, "NAMA_SUNGA": "KaliGangsa", "MUARA_ID": "M1", "RESPON": "Akresi", "TSS__BATAS": 30.4, "PROKSI_NER": "Deposisi Lokal" }, "geometry": { "type": "MultiLineString", "coordinates": [ [ [ 109.097811367770007, -6.836879649800389 ], [ 109.097774513596903, -6.836866785979915 ], [ 109.097646112989565, -6.836821966987485 ], [ 109.097606479274475, -6.83680813290604 ], [ 109.097566412921395, -6.836769439377352 ], [ 109.097483722810637, -6.836689582111223 ], [ 109.097374998902851, -6.836584582484332 ], [ 109.097268619796012, -6.836481847879567 ], [ 109.097261580124012, -6.836475049139781 ], [ 109.097257060926339, -6.836470685197933 ], [ 109.097164373719281, -6.836381174034787 ], [ 109.097146548361735, -6.836363958849764 ], [ 109.097107407551107, -6.836326158609554 ], [ 109.096979235514766, -6.836202377740457 ], [ 109.096788632067486, -6.836018304188031 ], [ 109.096787689482255, -6.836017393634902 ], [ 109.096761635893429, -6.835992233104313 ], [ 109.096686393922496, -6.835919568514812 ], [ 109.09659268504457, -6.83582907048611 ], [ 109.096526914034342, -6.835765552281051 ], [ 109.096525589368071, -6.835764273146611 ], [ 109.096514779377017, -6.835753833092097 ], [ 109.096510739348119, -6.835753651666197 ], [ 109.096510705886431, -6.835753649725675 ], [ 109.09647638963196, -6.835752102726467 ], [ 109.096454206117613, -6.835751102766507 ], [ 109.09643789678573, -6.835750367429621 ], [ 109.096408292541184, -6.835749032536587 ], [ 109.096400234197162, -6.835748668864768 ], [ 109.096396422082748, -6.835748497380227 ], [ 109.096394579788281, -6.835748414150342 ] ] ] } },
{ "type": "Feature", "properties": { "OBJECTID_1": 104, "OBJECTID": 2, "ID": 0, "TAHUN": 1989, "DATE": "1989-01-01", "NAMA_TITIK": "T03", "ZONA": "SEL BARAT", "SHAPE_LENG": 207.50651060499999, "TRANSECTID": 3, "TRANSORDER": 3, "SHORELINEI": "1989-01-01", "BASELINEID": 1, "DISTANCE": 380.26, "INTERSECTX": 289987.59430900001, "INTERSECTY": 9243800.3163200002, "UNCERTAINT": 10, "NAMA_TITI2": "T03", "D_TAHUN": 0.0, "LRR": -3.26, "SKOR_SHORE": 5, "RASTERVALU": 6.99672, "SKOR_SLOPE": 3, "RASTERVA_1": -1.58426, "SKOR_ELEV": 5, "GEOM_LAP": "Pasir_Halus", "SKOR_GEOM": 3, "KATEGORI": "Abrasi Tinggi", "GELOMBANG": 0.214001871207181, "PASUT": 0.873, "SLR": 4.69, "SKOR_GEL": 1, "SKOR_PASUT": 4, "SKOR_SLR": 5, "CVI": 33.541019662499998, "KELAS_CVI": 2, "KELAS_CV_1": "Rendah", "LAHAN": "Pantai", "JENIS": "Natural", "SKOR_LAHAN": 2, "DELTA_D": 34.12, "D_MEAN": 6.1995, "D_MEDIAN": 12.465, "TSS_MIN_MG": 0.0, "TSS_RATA_R": 0.0, "TSS_MEDIAN": 0.0, "TSS_MAKS_M": 0.0, "TSS_STDDEV": 0.0, "HS": 0.214001871, "MWP_MEAN_S": 3.2901, "MWD_CIRCUL": 17.02, "JARAK_MUAR": 387.64661320961198, "NAMA_SUNGA": "KaliGangsa", "MUARA_ID": "M1", "RESPON": "Akresi", "TSS__BATAS": 30.4, "PROKSI_NER": null }, "geometry": { "type": "MultiLineString", "coordinates": [ [ [ 109.09958346329681, -6.83749819679493 ], [ 109.098664451641497, -6.837177418173891 ], [ 109.098425355349718, -6.837093962309797 ], [ 109.098395640179845, -6.837083590444542 ], [ 109.098298967203462, -6.837049846673851 ], [ 109.098243441993404, -6.837030465489233 ], [ 109.09820800963513, -6.837018098247624 ], [ 109.098177914173931, -6.837007593772235 ], [ 109.098149344446014, -6.836997621518506 ], [ 109.098138169309678, -6.836993720410317 ], [ 109.098084572734308, -6.836975012259589 ], [ 109.09806484483758, -6.836968126325289 ], [ 109.098043836015307, -6.836960793216883 ], [ 109.09801598083051, -6.836951070603417 ], [ 109.09798858544562, -6.836941508025598 ], [ 109.097961199994543, -6.836931950006313 ], [ 109.097958557746821, -6.836931027313788 ], [ 109.097951832431676, -6.836928679876338 ], [ 109.097921759571108, -6.836918182710148 ], [ 109.097843699860917, -6.836890935246823 ], [ 109.097842632123019, -6.83689056214867 ], [ 109.097811367770007, -6.836879649800389 ] ] ] } },
{ "type": "Feature", "properties": { "OBJECTID_1": 106, "OBJECTID": 2, "ID": 0, "TAHUN": 1989, "DATE": "1989-01-01", "NAMA_TITIK": "T01", "ZONA": "SEL BARAT", "SHAPE_LENG": 44.825682777700003, "TRANSECTID": 1, "TRANSORDER": 1, "SHORELINEI": "1989-01-01", "BASELINEID": 1, "DISTANCE": 338.63, "INTERSECTX": 289634.30267100001, "INTERSECTY": 9243992.4580799993, "UNCERTAINT": 10, "NAMA_TITI2": "T01", "D_TAHUN": 0.0, "LRR": -0.96, "SKOR_SHORE": 3, "RASTERVALU": 0.111227, "SKOR_SLOPE": 5, "RASTERVA_1": -2.91494, "SKOR_ELEV": 5, "GEOM_LAP": "Pasir_Halus", "SKOR_GEOM": 3, "KATEGORI": "Stabil", "GELOMBANG": 0.214001871207181, "PASUT": 0.873, "SLR": 4.69, "SKOR_GEL": 1, "SKOR_PASUT": 4, "SKOR_SLR": 5, "CVI": 33.541019662499998, "KELAS_CVI": 2, "KELAS_CV_1": "Rendah", "LAHAN": "Pantai", "JENIS": "Natural", "SKOR_LAHAN": 2, "DELTA_D": 65.54, "D_MEAN": 6.1995, "D_MEDIAN": 12.465, "TSS_MIN_MG": 17.5, "TSS_RATA_R": 25.4, "TSS_MEDIAN": 25.6, "TSS_MAKS_M": 128.2, "TSS_STDDEV": 5.4, "HS": 0.252405052, "MWP_MEAN_S": 3.2901, "MWD_CIRCUL": 17.02, "JARAK_MUAR": 778.10088489128304, "NAMA_SUNGA": "KaliGangsa", "MUARA_ID": "M1", "RESPON": "Akresi", "TSS__BATAS": 30.4, "PROKSI_NER": "Deposisi Lokal" }, "geometry": { "type": "MultiLineString", "coordinates": [ [ [ 109.096394579788281, -6.835748414150342 ], [ 109.096385209134425, -6.835747991946752 ], [ 109.096362075079696, -6.83574694934735 ], [ 109.096271726652091, -6.835742876192993 ], [ 109.096270494837654, -6.835742820691775 ], [ 109.096270128550472, -6.835742803873478 ], [ 109.096260469388397, -6.835742368773223 ], [ 109.096165131306336, -6.835738070635279 ], [ 109.096110395163791, -6.835735602939875 ], [ 109.096099971772489, -6.835735133170333 ], [ 109.096061668863314, -6.835733406732232 ], [ 109.095989511869959, -6.835730154072164 ] ] ] } },
{ "type": "Feature", "properties": { "OBJECTID_1": 109, "OBJECTID": 3, "ID": 0, "TAHUN": 1990, "DATE": "1990-01-01", "NAMA_TITIK": "T42", "ZONA": "SEL TIMUR", "SHAPE_LENG": 223.047910417, "TRANSECTID": 46, "TRANSORDER": 46, "SHORELINEI": "1990-01-01", "BASELINEID": 1, "DISTANCE": 265.29, "INTERSECTX": 298009.933563, "INTERSECTY": 9242341.6456300002, "UNCERTAINT": 10, "NAMA_TITI2": "T42", "D_TAHUN": 0.0, "LRR": -1.48, "SKOR_SHORE": 4, "RASTERVALU": 10.6361, "SKOR_SLOPE": 2, "RASTERVA_1": -1.41562, "SKOR_ELEV": 5, "GEOM_LAP": "Tambak", "SKOR_GEOM": 5, "KATEGORI": "Abrasi Sedang", "GELOMBANG": 0.25547451131484, "PASUT": 0.904, "SLR": 4.69, "SKOR_GEL": 2, "SKOR_PASUT": 2, "SKOR_SLR": 5, "CVI": 38.729833462069998, "KELAS_CVI": 3, "KELAS_CV_1": "Sedang", "LAHAN": "Tambak", "JENIS": "Natural", "SKOR_LAHAN": 3, "DELTA_D": -0.65999999999996795, "D_MEAN": -10.575555555555557, "D_MEDIAN": -6.485, "TSS_MIN_MG": 22.6, "TSS_RATA_R": 58.6, "TSS_MEDIAN": 43.3, "TSS_MAKS_M": 264.3, "TSS_STDDEV": 38.4, "HS": 0.255474511, "MWP_MEAN_S": 3.5893, "MWD_CIRCUL": 34.61, "JARAK_MUAR": 1130.0451134499999, "NAMA_SUNGA": "Kali Ketiwon", "MUARA_ID": "M5", "RESPON": "Abrasi", "TSS__BATAS": 30.4, "PROKSI_NER": "Bypass/Export" }, "geometry": { "type": "MultiLineString", "coordinates": [ [ [ 109.172192379432545, -6.851034958980584 ], [ 109.170576442125736, -6.849827248204825 ] ] ] } },
{ "type": "Feature", "properties": { "OBJECTID_1": 111, "OBJECTID": 3, "ID": 0, "TAHUN": 1990, "DATE": "1990-01-01", "NAMA_TITIK": "T51", "ZONA": "SEL BARAT", "SHAPE_LENG": 200.51293500599999, "TRANSECTID": 20, "TRANSORDER": 20, "SHORELINEI": "1990-01-01", "BASELINEID": 1, "DISTANCE": 243.3, "INTERSECTX": 292989.64329099999, "INTERSECTY": 9242613.9591700006, "UNCERTAINT": 10, "NAMA_TITI2": "T51", "D_TAHUN": 0.0, "LRR": 0.72, "SKOR_SHORE": 3, "RASTERVALU": 2.59289, "SKOR_SLOPE": 4, "RASTERVA_1": -2.65623, "SKOR_ELEV": 5, "GEOM_LAP": "Aluvial", "SKOR_GEOM": 4, "KATEGORI": "Stabil", "GELOMBANG": 0.25547451131484, "PASUT": 0.904, "SLR": 4.69, "SKOR_GEL": 2, "SKOR_PASUT": 2, "SKOR_SLR": 5, "CVI": 48.989794855660001, "KELAS_CVI": 3, "KELAS_CV_1": "Sedang", "LAHAN": "Muara", "JENIS": "Natural", "SKOR_LAHAN": 4, "DELTA_D": -7.84, "D_MEAN": -9.9426315789473634, "D_MEDIAN": -13.65, "TSS_MIN_MG": 20.9, "TSS_RATA_R": 50.3, "TSS_MEDIAN": 44.5, "TSS_MAKS_M": 258.0, "TSS_STDDEV": 18.5, "HS": 0.255474511, "MWP_MEAN_S": 3.5893, "MWD_CIRCUL": 34.61, "JARAK_MUAR": 19.716633507029201, "NAMA_SUNGA": "Kali Sibelis", "MUARA_ID": "M3", "RESPON": "Abrasi", "TSS__BATAS": 30.4, "PROKSI_NER": "Bypass/Export" }, "geometry": { "type": "MultiLineString", "coordinates": [ [ [ 109.126697435031431, -6.848330691477587 ], [ 109.12666481320106, -6.848323622413252 ], [ 109.126662944035175, -6.848323217310314 ], [ 109.126631126635928, -6.848316322260077 ], [ 109.126622432482122, -6.848314438520926 ], [ 109.126614258949104, -6.848312667114865 ], [ 109.126598177614213, -6.848309182298361 ], [ 109.126563993933729, -6.848301774420056 ], [ 109.12652594990486, -6.848293529637369 ], [ 109.126523398332523, -6.848292976308917 ], [ 109.126311549044374, -6.848247066916077 ], [ 109.126259340768755, -6.848235753429795 ], [ 109.126230272904863, -6.848229454047489 ], [ 109.12617132823226, -6.848216680339624 ], [ 109.126112320295462, -6.848203892816729 ], [ 109.126039794365127, -6.848188175639161 ], [ 109.126021640513372, -6.848184241509347 ], [ 109.125862366581686, -6.848149725540711 ], [ 109.125804908775038, -6.848137274036302 ], [ 109.12575706704385, -6.848126906070246 ], [ 109.125745871042298, -6.848124480028448 ], [ 109.125740554590308, -6.848123328230021 ], [ 109.125670272961187, -6.848108097135452 ], [ 109.125102637740781, -6.847985086044496 ], [ 109.124924768214711, -6.847946539886653 ] ] ] } },
{ "type": "Feature", "properties": { "OBJECTID_1": 124, "OBJECTID": 3, "ID": 0, "TAHUN": 1990, "DATE": "1990-01-01", "NAMA_TITIK": "T40", "ZONA": "SEL TIMUR", "SHAPE_LENG": 213.67245073300001, "TRANSECTID": 44, "TRANSORDER": 44, "SHORELINEI": "1990-01-01", "BASELINEID": 1, "DISTANCE": 299.84, "INTERSECTX": 297679.49018899997, "INTERSECTY": 9242586.7883599997, "UNCERTAINT": 10, "NAMA_TITI2": "T40", "D_TAHUN": 0.0, "LRR": -2.39, "SKOR_SHORE": 5, "RASTERVALU": 1.31742, "SKOR_SLOPE": 5, "RASTERVA_1": -2.87668, "SKOR_ELEV": 5, "GEOM_LAP": "Tambak", "SKOR_GEOM": 5, "KATEGORI": "Abrasi Tinggi", "GELOMBANG": 0.25547451131484, "PASUT": 0.904, "SLR": 4.69, "SKOR_GEL": 2, "SKOR_PASUT": 2, "SKOR_SLR": 5, "CVI": 68.465319688150004, "KELAS_CVI": 4, "KELAS_CV_1": "Tinggi", "LAHAN": "Tambak", "JENIS": "Natural", "SKOR_LAHAN": 3, "DELTA_D": -22.41, "D_MEAN": -10.575555555555557, "D_MEDIAN": -6.485, "TSS_MIN_MG": 22.6, "TSS_RATA_R": 58.6, "TSS_MEDIAN": 43.3, "TSS_MAKS_M": 264.3, "TSS_STDDEV": 38.4, "HS": 0.255474511, "MWP_MEAN_S": 3.5893, "MWD_CIRCUL": 34.61, "JARAK_MUAR": 727.664323427044, "NAMA_SUNGA": "Kali Ketiwon", "MUARA_ID": "M5", "RESPON": "Abrasi", "TSS__BATAS": 30.4, "PROKSI_NER": "Bypass/Export" }, "geometry": { "type": "MultiLineString", "coordinates": [ [ [ 109.169121498238354, -6.84873985153419 ], [ 109.169022544206655, -6.848665894762466 ], [ 109.168789847934889, -6.848433199358805 ], [ 109.168783796378179, -6.848427147425754 ], [ 109.168769118534129, -6.848412469578485 ], [ 109.168760202962673, -6.848403554137987 ], [ 109.168753049237978, -6.848396400366543 ], [ 109.168720093088169, -6.848350209235108 ], [ 109.168655285793307, -6.8482593754695 ], [ 109.168645863712442, -6.848246169713347 ], [ 109.168635098195352, -6.848231080013624 ], [ 109.168630817720924, -6.848225080940279 ], [ 109.168608914157971, -6.848194380234592 ], [ 109.168603595283813, -6.848186926043074 ], [ 109.168113407637904, -6.847499875814409 ], [ 109.168106597769821, -6.847490331872855 ], [ 109.168059411028381, -6.847424194286344 ], [ 109.167923874284838, -6.84723422482544 ] ] ] } },
{ "type": "Feature", "properties": { "OBJECTID_1": 125, "OBJECTID": 3, "ID": 0, "TAHUN": 1990, "DATE": "1990-01-01", "NAMA_TITIK": "T41", "ZONA": "SEL TIMUR", "SHAPE_LENG": 200.82700659299999, "TRANSECTID": 45, "TRANSORDER": 45, "SHORELINEI": "1990-01-01", "BASELINEID": 1, "DISTANCE": 281.63, "INTERSECTX": 297840.77962699998, "INTERSECTY": 9242467.1341699995, "UNCERTAINT": 10, "NAMA_TITI2": "T41", "D_TAHUN": 0.0, "LRR": -2.12, "SKOR_SHORE": 5, "RASTERVALU": 9.05717, "SKOR_SLOPE": 2, "RASTERVA_1": -1.62402, "SKOR_ELEV": 5, "GEOM_LAP": "Tambak", "SKOR_GEOM": 5, "KATEGORI": "Abrasi Tinggi", "GELOMBANG": 0.25547451131484, "PASUT": 0.904, "SLR": 4.69, "SKOR_GEL": 2, "SKOR_PASUT": 2, "SKOR_SLR": 5, "CVI": 43.301270189219998, "KELAS_CVI": 3, "KELAS_CV_1": "Sedang", "LAHAN": "Tambak", "JENIS": "Natural", "SKOR_LAHAN": 3, "DELTA_D": -11.8, "D_MEAN": -10.575555555555557, "D_MEDIAN": -6.485, "TSS_MIN_MG": 22.6, "TSS_RATA_R": 58.6, "TSS_MEDIAN": 43.3, "TSS_MAKS_M": 264.3, "TSS_STDDEV": 38.4, "HS": 0.255474511, "MWP_MEAN_S": 3.5893, "MWD_CIRCUL": 34.61, "JARAK_MUAR": 936.29342666807304, "NAMA_SUNGA": "Kali Ketiwon", "MUARA_ID": "M5", "RESPON": "Abrasi", "TSS__BATAS": 30.4, "PROKSI_NER": "Bypass/Export" }, "geometry": { "type": "MultiLineString", "coordinates": [ [ [ 109.170576442125736, -6.849827248204825 ], [ 109.170540011972136, -6.849800021130781 ], [ 109.170508466539374, -6.849776444628811 ], [ 109.170497459465579, -6.849768218343064 ], [ 109.170342676714711, -6.849652536877287 ], [ 109.169834802297714, -6.849272961537293 ], [ 109.169775078105317, -6.849228324890996 ], [ 109.169757244202671, -6.849214995786372 ], [ 109.169647734852489, -6.84913315086274 ], [ 109.169524684595288, -6.849041185722331 ], [ 109.169517519468528, -6.84903583026924 ], [ 109.169403815591991, -6.848950850013653 ], [ 109.169399085146864, -6.848947314847734 ], [ 109.169396349174761, -6.848945270086508 ], [ 109.16938415321745, -6.84893615499673 ], [ 109.169304213779611, -6.848876409802103 ], [ 109.169121498238354, -6.84873985153419 ] ] ] } },
{ "type": "Feature", "properties": { "OBJECTID_1": 142, "OBJECTID": 3, "ID": 0, "TAHUN": 1990, "DATE": "1990-01-01", "NAMA_TITIK": "T39", "ZONA": "SEL TIMUR", "SHAPE_LENG": 206.64197924300001, "TRANSECTID": 43, "TRANSORDER": 43, "SHORELINEI": "1990-01-01", "BASELINEID": 1, "DISTANCE": 372.34, "INTERSECTX": 297546.46798999998, "INTERSECTY": 9242752.8074900005, "UNCERTAINT": 10, "NAMA_TITI2": "T39", "D_TAHUN": 0.0, "LRR": -3.6, "SKOR_SHORE": 5, "RASTERVALU": 0.000339, "SKOR_SLOPE": 5, "RASTERVA_1": -2.9425, "SKOR_ELEV": 5, "GEOM_LAP": "Pasir_Halus", "SKOR_GEOM": 3, "KATEGORI": "Abrasi Tinggi", "GELOMBANG": 0.25547451131484, "PASUT": 0.904, "SLR": 4.69, "SKOR_GEL": 2, "SKOR_PASUT": 2, "SKOR_SLR": 5, "CVI": 43.301270189219998, "KELAS_CVI": 3, "KELAS_CV_1": "Sedang", "LAHAN": "Pantai", "JENIS": "Natural", "SKOR_LAHAN": 2, "DELTA_D": -26.37, "D_MEAN": -10.575555555555557, "D_MEDIAN": -6.485, "TSS_MIN_MG": 22.6, "TSS_RATA_R": 58.6, "TSS_MEDIAN": 43.3, "TSS_MAKS_M": 264.3, "TSS_STDDEV": 38.4, "HS": 0.255474511, "MWP_MEAN_S": 3.5893, "MWD_CIRCUL": 34.61, "JARAK_MUAR": 535.47677602736997, "NAMA_SUNGA": "Kali Ketiwon", "MUARA_ID": "M5", "RESPON": "Abrasi", "TSS__BATAS": 30.4, "PROKSI_NER": "Bypass/Export" }, "geometry": { "type": "MultiLineString", "coordinates": [ [ [ 109.167923874284838, -6.84723422482544 ], [ 109.167670967582382, -6.846879749070338 ], [ 109.167585849885299, -6.846760447536387 ], [ 109.167500412794325, -6.846640697226223 ], [ 109.167422012532896, -6.846585041786186 ], [ 109.167144246609709, -6.846387859199142 ], [ 109.166857985032138, -6.84618464598702 ], [ 109.166571014604898, -6.845980928160021 ] ] ] } },
{ "type": "Feature", "properties": { "OBJECTID_1": 149, "OBJECTID": 3, "ID": 0, "TAHUN": 1990, "DATE": "1990-01-01", "NAMA_TITIK": "T38", "ZONA": "SEL TIMUR", "SHAPE_LENG": 167.59527132599999, "TRANSECTID": 42, "TRANSORDER": 42, "SHORELINEI": "1990-01-01", "BASELINEID": 1, "DISTANCE": 412.09, "INTERSECTX": 297396.39129499998, "INTERSECTY": 9242890.8532200009, "UNCERTAINT": 10, "NAMA_TITI2": "T38", "D_TAHUN": 0.0, "LRR": -4.04, "SKOR_SHORE": 5, "RASTERVALU": 0.000344, "SKOR_SLOPE": 5, "RASTERVA_1": -2.94192, "SKOR_ELEV": 5, "GEOM_LAP": "Pasir_Halus", "SKOR_GEOM": 3, "KATEGORI": "Abrasi Tinggi", "GELOMBANG": 0.25547451131484, "PASUT": 0.904, "SLR": 4.69, "SKOR_GEL": 2, "SKOR_PASUT": 2, "SKOR_SLR": 5, "CVI": 43.301270189219998, "KELAS_CVI": 3, "KELAS_CV_1": "Sedang", "LAHAN": "Pantai", "JENIS": "Natural", "SKOR_LAHAN": 2, "DELTA_D": -4.34, "D_MEAN": -10.575555555555557, "D_MEDIAN": -6.485, "TSS_MIN_MG": 22.6, "TSS_RATA_R": 58.6, "TSS_MEDIAN": 43.3, "TSS_MAKS_M": 264.3, "TSS_STDDEV": 38.4, "HS": 0.255474511, "MWP_MEAN_S": 3.5893, "MWD_CIRCUL": 34.61, "JARAK_MUAR": 355.43647958132902, "NAMA_SUNGA": "Kali Ketiwon", "MUARA_ID": "M5", "RESPON": "Abrasi", "TSS__BATAS": 30.4, "PROKSI_NER": "Bypass/Export" }, "geometry": { "type": "MultiLineString", "coordinates": [ [ [ 109.166571014604898, -6.845980928160021 ], [ 109.166383251538235, -6.845847636660761 ], [ 109.165937247047552, -6.845531021212388 ], [ 109.165649144688587, -6.845338958620401 ], [ 109.165520370093788, -6.845253111131336 ], [ 109.165504448437574, -6.845242497158101 ], [ 109.16533949128798, -6.845132529035787 ], [ 109.165322670017432, -6.845121314887707 ] ] ] } },
{ "type": "Feature", "properties": { "OBJECTID_1": 156, "OBJECTID": 3, "ID": 0, "TAHUN": 1990, "DATE": "1990-01-01", "NAMA_TITIK": "T37", "ZONA": "SEL TIMUR", "SHAPE_LENG": 200.64772879500001, "TRANSECTID": 41, "TRANSORDER": 41, "SHORELINEI": "1990-01-01", "BASELINEID": 1, "DISTANCE": 418.87, "INTERSECTX": 297258.033559, "INTERSECTY": 9242985.4007099997, "UNCERTAINT": 10, "NAMA_TITI2": "T37", "D_TAHUN": 0.0, "LRR": -4.54, "SKOR_SHORE": 5, "RASTERVALU": 0.000345, "SKOR_SLOPE": 5, "RASTERVA_1": -2.94128, "SKOR_ELEV": 5, "GEOM_LAP": "Pasir_Halus", "SKOR_GEOM": 3, "KATEGORI": "Abrasi Tinggi", "GELOMBANG": 0.25547451131484, "PASUT": 0.904, "SLR": 4.69, "SKOR_GEL": 2, "SKOR_PASUT": 2, "SKOR_SLR": 5, "CVI": 43.301270189219998, "KELAS_CVI": 3, "KELAS_CV_1": "Sedang", "LAHAN": "Pantai", "JENIS": "Natural", "SKOR_LAHAN": 2, "DELTA_D": -0.65999999999996795, "D_MEAN": -10.575555555555557, "D_MEDIAN": -6.485, "TSS_MIN_MG": 22.6, "TSS_RATA_R": 58.6, "TSS_MEDIAN": 43.3, "TSS_MAKS_M": 264.3, "TSS_STDDEV": 38.4, "HS": 0.255474511, "MWP_MEAN_S": 3.5893, "MWD_CIRCUL": 34.61, "JARAK_MUAR": 155.29372815372599, "NAMA_SUNGA": "Kali Ketiwon", "MUARA_ID": "M5", "RESPON": "Abrasi", "TSS__BATAS": 30.4, "PROKSI_NER": "Bypass/Export" }, "geometry": { "type": "MultiLineString", "coordinates": [ [ [ 109.165322670017432, -6.845121314887707 ], [ 109.164858068681482, -6.844811588869653 ], [ 109.164650910786264, -6.844673486981726 ], [ 109.164635537790062, -6.844663238551391 ], [ 109.164545561065538, -6.844603255671922 ], [ 109.164477448711722, -6.844557848836462 ], [ 109.164435911779151, -6.844530158058729 ], [ 109.164371120021102, -6.844486964586017 ], [ 109.164207293164722, -6.844377749157311 ], [ 109.164201735721136, -6.844374044440926 ], [ 109.164197018348673, -6.844370898982798 ], [ 109.164171641255493, -6.844353981327033 ], [ 109.164146116133921, -6.844328456518773 ], [ 109.163902146985777, -6.844084486420096 ], [ 109.163891362363216, -6.84407729704801 ], [ 109.163860302441051, -6.844056590099574 ] ] ] } },
{ "type": "Feature", "properties": { "OBJECTID_1": 163, "OBJECTID": 3, "ID": 0, "TAHUN": 1990, "DATE": "1990-01-01", "NAMA_TITIK": "T03", "ZONA": "SEL BARAT", "SHAPE_LENG": 201.26448910400001, "TRANSECTID": 3, "TRANSORDER": 3, "SHORELINEI": "1990-01-01", "BASELINEID": 1, "DISTANCE": 349.41, "INTERSECTX": 289970.12443600001, "INTERSECTY": 9243774.8807500005, "UNCERTAINT": 10, "NAMA_TITI2": "T03", "D_TAHUN": 0.0, "LRR": -3.26, "SKOR_SHORE": 5, "RASTERVALU": 6.99672, "SKOR_SLOPE": 3, "RASTERVA_1": -1.58426, "SKOR_ELEV": 5, "GEOM_LAP": "Pasir_Halus", "SKOR_GEOM": 3, "KATEGORI": "Abrasi Tinggi", "GELOMBANG": 0.25547451131484, "PASUT": 0.904, "SLR": 4.69, "SKOR_GEL": 2, "SKOR_PASUT": 2, "SKOR_SLR": 5, "CVI": 33.541019662499998, "KELAS_CVI": 2, "KELAS_CV_1": "Rendah", "LAHAN": "Pantai", "JENIS": "Natural", "SKOR_LAHAN": 2, "DELTA_D": -30.85, "D_MEAN": -9.9426315789473634, "D_MEDIAN": -13.65, "TSS_MIN_MG": 20.9, "TSS_RATA_R": 50.3, "TSS_MEDIAN": 44.5, "TSS_MAKS_M": 258.0, "TSS_STDDEV": 18.5, "HS": 0.255474511, "MWP_MEAN_S": 3.5893, "MWD_CIRCUL": 34.61, "JARAK_MUAR": 387.64661320961198, "NAMA_SUNGA": "KaliGangsa", "MUARA_ID": "M1", "RESPON": "Abrasi", "TSS__BATAS": 30.4, "PROKSI_NER": "Bypass/Export" }, "geometry": { "type": "MultiLineString", "coordinates": [ [ [ 109.099424527180574, -6.837727535622251 ], [ 109.099212749858324, -6.837619325636885 ], [ 109.099208712721506, -6.837617262775771 ], [ 109.098693940180468, -6.837354234072688 ], [ 109.098572223208492, -6.837292041065426 ], [ 109.09850945901573, -6.837259970977876 ], [ 109.098477737939305, -6.837243762358784 ], [ 109.098476099435842, -6.837242925003979 ], [ 109.098375887098356, -6.837191720543974 ], [ 109.098358945963668, -6.837183064520543 ], [ 109.098319340224094, -6.83716282674651 ], [ 109.098297925030124, -6.837151884620554 ], [ 109.098291937946669, -6.837148825852116 ], [ 109.098284697841919, -6.837145125636086 ], [ 109.098271830747478, -6.837135832934876 ], [ 109.098099327810672, -6.837011259575477 ], [ 109.098086982980419, -6.837002345046638 ], [ 109.09801598083051, -6.836951070603417 ], [ 109.097846633247926, -6.836828775368174 ] ] ] } },
{ "type": "Feature", "properties": { "OBJECTID_1": 164, "OBJECTID": 3, "ID": 0, "TAHUN": 1990, "DATE": "1990-01-01", "NAMA_TITIK": "T04", "ZONA": "SEL BARAT", "SHAPE_LENG": 207.43481814200001, "TRANSECTID": 4, "TRANSORDER": 4, "SHORELINEI": "1990-01-01", "BASELINEID": 1, "DISTANCE": 403.07, "INTERSECTX": 290165.36783499998, "INTERSECTY": 9243705.8873399999, "UNCERTAINT": 10, "NAMA_TITI2": "T04", "D_TAHUN": 0.0, "LRR": -3.32, "SKOR_SHORE": 5, "RASTERVALU": 6.89058, "SKOR_SLOPE": 3, "RASTERVA_1": -2.22393, "SKOR_ELEV": 5, "GEOM_LAP": "Pasir_Halus", "SKOR_GEOM": 3, "KATEGORI": "Abrasi Tinggi", "GELOMBANG": 0.25547451131484, "PASUT": 0.904, "SLR": 4.69, "SKOR_GEL": 2, "SKOR_PASUT": 2, "SKOR_SLR": 5, "CVI": 33.541019662499998, "KELAS_CVI": 2, "KELAS_CV_1": "Rendah", "LAHAN": "Pantai", "JENIS": "Natural", "SKOR_LAHAN": 2, "DELTA_D": -13.65, "D_MEAN": -9.9426315789473634, "D_MEDIAN": -13.65, "TSS_MIN_MG": 20.9, "TSS_RATA_R": 50.3, "TSS_MEDIAN": 44.5, "TSS_MAKS_M": 258.0, "TSS_STDDEV": 18.5, "HS": 0.255474511, "MWP_MEAN_S": 3.5893, "MWD_CIRCUL": 34.61, "JARAK_MUAR": 191.803552089433, "NAMA_SUNGA": "KaliGangsa", "MUARA_ID": "M1", "RESPON": "Abrasi", "TSS__BATAS": 30.4, "PROKSI_NER": "Bypass/Export" }, "geometry": { "type": "MultiLineString", "coordinates": [ [ [ 109.101188175667261, -6.83835827833969 ], [ 109.100262710223916, -6.838055078823921 ], [ 109.100192540248798, -6.83803208954217 ], [ 109.099783177327069, -6.837897974381366 ], [ 109.099713265789475, -6.837875070145088 ], [ 109.099526381901583, -6.837779580003246 ], [ 109.099424527180574, -6.837727535622251 ] ] ] } },
{ "type": "Feature", "properties": { "OBJECTID_1": 165, "OBJECTID": 3, "ID": 0, "TAHUN": 1990, "DATE": "1990-01-01", "NAMA_TITIK": "T44", "ZONA": "SEL BARAT", "SHAPE_LENG": 82.507601220699996, "TRANSECTID": 5, "TRANSORDER": 5, "SHORELINEI": "1990-01-01", "BASELINEID": 1, "DISTANCE": 392.47, "INTERSECTX": 290243.87273300003, "INTERSECTY": 9243680.4972200003, "UNCERTAINT": 10, "NAMA_TITI2": "T44", "D_TAHUN": 0.0, "LRR": -2.33, "SKOR_SHORE": 5, "RASTERVALU": 0.013365, "SKOR_SLOPE": 5, "RASTERVA_1": -2.91714, "SKOR_ELEV": 5, "GEOM_LAP": "Aluvial", "SKOR_GEOM": 4, "KATEGORI": "Abrasi Tinggi", "GELOMBANG": 0.25547451131484, "PASUT": 0.904, "SLR": 4.69, "SKOR_GEL": 2, "SKOR_PASUT": 2, "SKOR_SLR": 5, "CVI": 70.710678118649994, "KELAS_CVI": 4, "KELAS_CV_1": "Tinggi", "LAHAN": "Muara", "JENIS": "Natural", "SKOR_LAHAN": 4, "DELTA_D": -2.41, "D_MEAN": -9.9426315789473634, "D_MEDIAN": -13.65, "TSS_MIN_MG": 20.9, "TSS_RATA_R": 50.3, "TSS_MEDIAN": 44.5, "TSS_MAKS_M": 258.0, "TSS_STDDEV": 18.5, "HS": 0.255474511, "MWP_MEAN_S": 3.5893, "MWD_CIRCUL": 34.61, "JARAK_MUAR": 61.827697463302599, "NAMA_SUNGA": "KaliGangsa", "MUARA_ID": "M1", "RESPON": "Abrasi", "TSS__BATAS": 30.4, "PROKSI_NER": "Bypass/Export" }, "geometry": { "type": "MultiLineString", "coordinates": [ [ [ 109.101897392679064, -6.838590629494782 ], [ 109.101606239566379, -6.838495243160752 ], [ 109.101188175667261, -6.83835827833969 ] ] ] } },
{ "type": "Feature", "properties": { "OBJECTID_1": 167, "OBJECTID": 3, "ID": 0, "TAHUN": 1990, "DATE": "1990-01-01", "NAMA_TITIK": "T05", "ZONA": "SEL BARAT", "SHAPE_LENG": 201.31748069700001, "TRANSECTID": 6, "TRANSORDER": 6, "SHORELINEI": "1990-01-01", "BASELINEID": 1, "DISTANCE": 399.31, "INTERSECTX": 290436.49884499999, "INTERSECTY": 9243626.2565299999, "UNCERTAINT": 10, "NAMA_TITI2": "T05", "D_TAHUN": 0.0, "LRR": -1.47, "SKOR_SHORE": 4, "RASTERVALU": 6.15341, "SKOR_SLOPE": 3, "RASTERVA_1": -2.46219, "SKOR_ELEV": 5, "GEOM_LAP": "Pasir_Halus", "SKOR_GEOM": 3, "KATEGORI": "Abrasi Sedang", "GELOMBANG": 0.25547451131484, "PASUT": 0.904, "SLR": 4.69, "SKOR_GEL": 2, "SKOR_PASUT": 2, "SKOR_SLR": 5, "CVI": 42.426406871189997, "KELAS_CVI": 3, "KELAS_CV_1": "Sedang", "LAHAN": "Muara", "JENIS": "Natural", "SKOR_LAHAN": 4, "DELTA_D": 32.42, "D_MEAN": -9.9426315789473634, "D_MEDIAN": -13.65, "TSS_MIN_MG": 20.9, "TSS_RATA_R": 50.3, "TSS_MEDIAN": 44.5, "TSS_MAKS_M": 258.0, "TSS_STDDEV": 18.5, "HS": 0.255474511, "MWP_MEAN_S": 3.5893, "MWD_CIRCUL": 34.61, "JARAK_MUAR": 4.2768385923696401, "NAMA_SUNGA": "KaliGangsa", "MUARA_ID": "M1", "RESPON": "Abrasi", "TSS__BATAS": 30.4, "PROKSI_NER": "Bypass/Export" }, "geometry": { "type": "MultiLineString", "coordinates": [ [ [ 109.10363790777096, -6.83908789279338 ], [ 109.10349286051634, -6.839014368811702 ], [ 109.103462812845351, -6.839011388859673 ], [ 109.103059676802673, -6.838971410164978 ], [ 109.102177358933886, -6.838682350578202 ], [ 109.102049967164945, -6.838640615019151 ], [ 109.101897392679064, -6.838590629494782 ] ] ] } },
{ "type": "Feature", "properties": { "OBJECTID_1": 168, "OBJECTID": 3, "ID": 0, "TAHUN": 1990, "DATE": "1990-01-01", "NAMA_TITIK": "T02", "ZONA": "SEL BARAT", "SHAPE_LENG": 197.73495156199999, "TRANSECTID": 2, "TRANSORDER": 2, "SHORELINEI": "1990-01-01", "BASELINEID": 1, "DISTANCE": 331.8, "INTERSECTX": 289795.29725200002, "INTERSECTY": 9243873.5995099992, "UNCERTAINT": 10, "NAMA_TITI2": "T02", "D_TAHUN": 0.0, "LRR": -2.19, "SKOR_SHORE": 5, "RASTERVALU": 6.56471, "SKOR_SLOPE": 3, "RASTERVA_1": -1.78074, "SKOR_ELEV": 5, "GEOM_LAP": "Pasir_Halus", "SKOR_GEOM": 3, "KATEGORI": "Abrasi Tinggi", "GELOMBANG": 0.25547451131484, "PASUT": 0.904, "SLR": 4.69, "SKOR_GEL": 2, "SKOR_PASUT": 2, "SKOR_SLR": 5, "CVI": 33.541019662499998, "KELAS_CVI": 2, "KELAS_CV_1": "Rendah", "LAHAN": "Pantai", "JENIS": "Natural", "SKOR_LAHAN": 2, "DELTA_D": 6.85, "D_MEAN": -9.9426315789473634, "D_MEDIAN": -13.65, "TSS_MIN_MG": 20.9, "TSS_RATA_R": 50.3, "TSS_MEDIAN": 44.5, "TSS_MAKS_M": 258.0, "TSS_STDDEV": 18.5, "HS": 0.255474511, "MWP_MEAN_S": 3.5893, "MWD_CIRCUL": 34.61, "JARAK_MUAR": 579.82548354246296, "NAMA_SUNGA": "KaliGangsa", "MUARA_ID": "M1", "RESPON": "Abrasi", "TSS__BATAS": 30.4, "PROKSI_NER": "Bypass/Export" }, "geometry": { "type": "MultiLineString", "coordinates": [ [ [ 109.097846633247926, -6.836828775368174 ], [ 109.097843527650141, -6.836826532644577 ], [ 109.097633888599432, -6.836675140139914 ], [ 109.09761400936209, -6.836660783796622 ], [ 109.097533542608119, -6.836602674770316 ], [ 109.09744524920437, -6.836538913017377 ], [ 109.097241074752418, -6.836391466766772 ], [ 109.096979235514766, -6.836202377740457 ], [ 109.09692571439345, -6.836163727739229 ], [ 109.096858679513232, -6.836115317738568 ], [ 109.096843851048533, -6.836119360182593 ], [ 109.096840791177868, -6.836120194337539 ], [ 109.096835123307727, -6.83612173966588 ], [ 109.096815305231658, -6.836127142966753 ], [ 109.096764205665735, -6.836141072263894 ], [ 109.09670028977402, -6.836158495918276 ], [ 109.096689929318046, -6.836161320096672 ], [ 109.096665691229191, -6.836167927374372 ], [ 109.096657236966337, -6.836170231989542 ], [ 109.09663567660337, -6.836176109382462 ], [ 109.09662307851822, -6.836179544030751 ], [ 109.096609545903092, -6.836183232656418 ], [ 109.09647486539059, -6.836219946947708 ], [ 109.096470401001696, -6.836221164315597 ], [ 109.096459911953062, -6.836224024144412 ], [ 109.096325245919346, -6.836260733924165 ], [ 109.096308955883799, -6.836265174708704 ] ] ] } },
{ "type": "Feature", "properties": { "OBJECTID_1": 169, "OBJECTID": 4, "ID": 0, "TAHUN": 1991, "DATE": "1991-01-01", "NAMA_TITIK": "T42", "ZONA": "SEL TIMUR", "SHAPE_LENG": 204.74136888300001, "TRANSECTID": 46, "TRANSORDER": 46, "SHORELINEI": "1991", "BASELINEID": 1, "DISTANCE": 290.65, "INTERSECTX": 298023.922227, "INTERSECTY": 9242362.79122, "UNCERTAINT": 10, "NAMA_TITI2": "T42", "D_TAHUN": 0.0, "LRR": -1.48, "SKOR_SHORE": 4, "RASTERVALU": 10.6361, "SKOR_SLOPE": 2, "RASTERVA_1": -1.41562, "SKOR_ELEV": 5, "GEOM_LAP": "Tambak", "SKOR_GEOM": 5, "KATEGORI": "Abrasi Sedang", "GELOMBANG": 0.24523335607612801, "PASUT": 0.811, "SLR": 4.69, "SKOR_GEL": 2, "SKOR_PASUT": 5, "SKOR_SLR": 5, "CVI": 61.237243569580002, "KELAS_CVI": 4, "KELAS_CV_1": "Tinggi", "LAHAN": "Tambak", "JENIS": "Natural", "SKOR_LAHAN": 3, "DELTA_D": 25.36, "D_MEAN": 20.351111111111113, "D_MEDIAN": 22.23, "TSS_MIN_MG": 65.0, "TSS_RATA_R": 120.8, "TSS_MEDIAN": 120.4, "TSS_MAKS_M": 222.1, "TSS_STDDEV": 29.9, "HS": 0.275672799, "MWP_MEAN_S": 3.6531, "MWD_CIRCUL": 28.79, "JARAK_MUAR": 1130.0451134499999, "NAMA_SUNGA": "Kali Ketiwon", "MUARA_ID": "M5", "RESPON": "Akresi", "TSS__BATAS": 30.4, "PROKSI_NER": "Surplus/Deposisi" }, "geometry": { "type": "MultiLineString", "coordinates": [ [ [ 109.172145329388286, -6.850713949801831 ], [ 109.172134897036159, -6.850703499705586 ], [ 109.172098896603174, -6.850667435356394 ], [ 109.172090283786773, -6.850658807719421 ], [ 109.17206974352527, -6.85063823154228 ], [ 109.172046099520784, -6.850614545027238 ], [ 109.171988783809127, -6.850557128497242 ], [ 109.171863343387557, -6.850431466863498 ], [ 109.171846414272409, -6.850414507467052 ], [ 109.171713724643354, -6.850281584111814 ], [ 109.171425365845636, -6.849992716992749 ], [ 109.170837162595845, -6.849403475041658 ] ] ] } },
{ "type": "Feature", "properties": { "OBJECTID_1": 171, "OBJECTID": 4, "ID": 0, "TAHUN": 1991, "DATE": "1991-01-01", "NAMA_TITIK": "T51", "ZONA": "SEL BARAT", "SHAPE_LENG": 201.827358997, "TRANSECTID": 20, "TRANSORDER": 20, "SHORELINEI": "1991-01-01", "BASELINEID": 1, "DISTANCE": 237.16, "INTERSECTX": 292988.79847400001, "INTERSECTY": 9242607.8791700006, "UNCERTAINT": 10, "NAMA_TITI2": "T51", "D_TAHUN": 0.0, "LRR": 0.72, "SKOR_SHORE": 3, "RASTERVALU": 2.59289, "SKOR_SLOPE": 4, "RASTERVA_1": -2.65623, "SKOR_ELEV": 5, "GEOM_LAP": "Aluvial", "SKOR_GEOM": 4, "KATEGORI": "Stabil", "GELOMBANG": 0.27567279864760003, "PASUT": 0.917, "SLR": 4.69, "SKOR_GEL": 5, "SKOR_PASUT": 2, "SKOR_SLR": 5, "CVI": 77.45966692415, "KELAS_CVI": 5, "KELAS_CV_1": "Sangat Tinggi", "LAHAN": "Muara", "JENIS": "Natural", "SKOR_LAHAN": 4, "DELTA_D": -6.14, "D_MEAN": -2.7685, "D_MEDIAN": 7.805, "TSS_MIN_MG": 65.1, "TSS_RATA_R": 107.9, "TSS_MEDIAN": 110.4, "TSS_MAKS_M": 171.3, "TSS_STDDEV": 18.5, "HS": 0.275672799, "MWP_MEAN_S": 3.6531, "MWD_CIRCUL": 28.79, "JARAK_MUAR": 19.716633507029201, "NAMA_SUNGA": "Kali Sibelis", "MUARA_ID": "M3", "RESPON": "Akresi", "TSS__BATAS": 30.4, "PROKSI_NER": "Surplus/Deposisi" }, "geometry": { "type": "MultiLineString", "coordinates": [ [ [ 109.126689578444072, -6.848385631915528 ], [ 109.126686579877131, -6.848385107585771 ], [ 109.12666037378888, -6.848379608685725 ], [ 109.126634267009649, -6.848373465527342 ], [ 109.126594885594145, -6.84836322554649 ], [ 109.126587310786178, -6.848361255757024 ], [ 109.126585601890213, -6.848360811496823 ], [ 109.126582243742106, -6.848359938579146 ], [ 109.126562271772102, -6.848354336494025 ], [ 109.126548617059441, -6.848350506716491 ], [ 109.126541940159044, -6.848348633552008 ], [ 109.126536257248958, -6.84834703911761 ], [ 109.126521540775599, -6.848342911358347 ], [ 109.126516756070387, -6.848341569060772 ], [ 109.126504445052646, -6.848338116117463 ], [ 109.126477512382536, -6.848330345915992 ], [ 109.126457332306771, -6.848324524216624 ], [ 109.126440759400069, -6.848319742765661 ], [ 109.126436545016304, -6.848318526556502 ], [ 109.126407027153888, -6.848310010312148 ], [ 109.126290559602865, -6.84827640906197 ], [ 109.126219519585163, -6.848255913953332 ], [ 109.126192893921328, -6.848248291404231 ], [ 109.12614361665824, -6.848234183821503 ], [ 109.12606474810859, -6.848211603988345 ], [ 109.126031996004613, -6.848202227040459 ], [ 109.126002289956119, -6.848193722699021 ], [ 109.1259965818777, -6.848192088379379 ], [ 109.125908591446532, -6.848166897091624 ], [ 109.125837481122275, -6.848146580678426 ], [ 109.125804908775038, -6.848137274036302 ], [ 109.125768619889769, -6.848126905917446 ], [ 109.125759987723654, -6.848124440147227 ], [ 109.125756087754453, -6.848123325517455 ], [ 109.125694935206667, -6.848105853431409 ], [ 109.125397696285191, -6.848020929323098 ], [ 109.125140767409704, -6.847947521779859 ], [ 109.124933111397468, -6.847888191958972 ] ] ] } },
{ "type": "Feature", "properties": { "OBJECTID_1": 178, "OBJECTID": 4, "ID": 0, "TAHUN": 1991, "DATE": "1991-01-01", "NAMA_TITIK": "T41", "ZONA": "SEL TIMUR", "SHAPE_LENG": 203.72415318700001, "TRANSECTID": 45, "TRANSORDER": 45, "SHORELINEI": "1991-01-01", "BASELINEID": 1, "DISTANCE": 336.65, "INTERSECTX": 297869.421493, "INTERSECTY": 9242514.1135900002, "UNCERTAINT": 10, "NAMA_TITI2": "T41", "D_TAHUN": 0.0, "LRR": -2.12, "SKOR_SHORE": 5, "RASTERVALU": 9.05717, "SKOR_SLOPE": 2, "RASTERVA_1": -1.62402, "SKOR_ELEV": 5, "GEOM_LAP": "Tambak", "SKOR_GEOM": 5, "KATEGORI": "Abrasi Tinggi", "GELOMBANG": 0.27567279864760003, "PASUT": 0.917, "SLR": 4.69, "SKOR_GEL": 5, "SKOR_PASUT": 2, "SKOR_SLR": 5, "CVI": 68.465319688150004, "KELAS_CVI": 4, "KELAS_CV_1": "Tinggi", "LAHAN": "Tambak", "JENIS": "Natural", "SKOR_LAHAN": 3, "DELTA_D": 55.02, "D_MEAN": 20.351111111111113, "D_MEDIAN": 22.23, "TSS_MIN_MG": 65.0, "TSS_RATA_R": 120.8, "TSS_MEDIAN": 120.4, "TSS_MAKS_M": 222.1, "TSS_STDDEV": 29.9, "HS": 0.275672799, "MWP_MEAN_S": 3.6531, "MWD_CIRCUL": 28.79, "JARAK_MUAR": 936.29342666807304, "NAMA_SUNGA": "Kali Ketiwon", "MUARA_ID": "M5", "RESPON": "Akresi", "TSS__BATAS": 30.4, "PROKSI_NER": "Surplus/Deposisi" }, "geometry": { "type": "MultiLineString", "coordinates": [ [ [ 109.170837162595845, -6.849403475041658 ], [ 109.170761697910848, -6.849327876489493 ], [ 109.17017620798768, -6.848741352400078 ], [ 109.169881457728508, -6.84861011184681 ], [ 109.169725673862686, -6.848540747050341 ], [ 109.16962985712307, -6.848498083241128 ], [ 109.169417605827391, -6.848403575864388 ], [ 109.169395486088206, -6.8483937267821 ], [ 109.169394184713241, -6.848393147689404 ], [ 109.169347574591143, -6.848372393485789 ] ] ] } },
{ "type": "Feature", "properties": { "OBJECTID_1": 194, "OBJECTID": 4, "ID": 0, "TAHUN": 1991, "DATE": "1991-01-01", "NAMA_TITIK": "T40", "ZONA": "SEL TIMUR", "SHAPE_LENG": 203.86737866000001, "TRANSECTID": 44, "TRANSORDER": 44, "SHORELINEI": "1991-01-01", "BASELINEID": 1, "DISTANCE": 347.55, "INTERSECTX": 297704.32597000001, "INTERSECTY": 9242627.5249000005, "UNCERTAINT": 10, "NAMA_TITI2": "T40", "D_TAHUN": 0.0, "LRR": -2.39, "SKOR_SHORE": 5, "RASTERVALU": 1.31742, "SKOR_SLOPE": 5, "RASTERVA_1": -2.87668, "SKOR_ELEV": 5, "GEOM_LAP": "Tambak", "SKOR_GEOM": 5, "KATEGORI": "Abrasi Tinggi", "GELOMBANG": 0.27567279864760003, "PASUT": 0.917, "SLR": 4.69, "SKOR_GEL": 5, "SKOR_PASUT": 2, "SKOR_SLR": 5, "CVI": 108.25317547305001, "KELAS_CVI": 5, "KELAS_CV_1": "Sangat Tinggi", "LAHAN": "Tambak", "JENIS": "Natural", "SKOR_LAHAN": 3, "DELTA_D": 47.71, "D_MEAN": 20.351111111111113, "D_MEDIAN": 22.23, "TSS_MIN_MG": 65.0, "TSS_RATA_R": 120.8, "TSS_MEDIAN": 120.4, "TSS_MAKS_M": 222.1, "TSS_STDDEV": 29.9, "HS": 0.275672799, "MWP_MEAN_S": 3.6531, "MWD_CIRCUL": 28.79, "JARAK_MUAR": 727.664323427044, "NAMA_SUNGA": "Kali Ketiwon", "MUARA_ID": "M5", "RESPON": "Akresi", "TSS__BATAS": 30.4, "PROKSI_NER": "Surplus/Deposisi" }, "geometry": { "type": "MultiLineString", "coordinates": [ [ [ 109.169347574591143, -6.848372393485789 ], [ 109.169198003367001, -6.848305795415215 ], [ 109.168855695589542, -6.84798612728669 ], [ 109.16875549759358, -6.847892555653266 ], [ 109.168684155164158, -6.847825931849601 ], [ 109.168671710085562, -6.847814309498496 ], [ 109.168477307850168, -6.847632764010037 ], [ 109.167970096490748, -6.84715909615719 ] ] ] } },
{ "type": "Feature", "properties": { "OBJECTID_1": 195, "OBJECTID": 4, "ID": 0, "TAHUN": 1991, "DATE": "1991-01-01", "NAMA_TITIK": "T39", "ZONA": "SEL TIMUR", "SHAPE_LENG": 204.07468484699999, "TRANSECTID": 43, "TRANSORDER": 43, "SHORELINEI": "1991-01-01", "BASELINEID": 1, "DISTANCE": 382.1, "INTERSECTX": 297551.54583199997, "INTERSECTY": 9242761.1363399997, "UNCERTAINT": 10, "NAMA_TITI2": "T39", "D_TAHUN": 0.0, "LRR": -3.6, "SKOR_SHORE": 5, "RASTERVALU": 0.000339, "SKOR_SLOPE": 5, "RASTERVA_1": -2.9425, "SKOR_ELEV": 5, "GEOM_LAP": "Pasir_Halus", "SKOR_GEOM": 3, "KATEGORI": "Abrasi Tinggi", "GELOMBANG": 0.27567279864760003, "PASUT": 0.917, "SLR": 4.69, "SKOR_GEL": 5, "SKOR_PASUT": 2, "SKOR_SLR": 5, "CVI": 68.465319688150004, "KELAS_CVI": 4, "KELAS_CV_1": "Tinggi", "LAHAN": "Pantai", "JENIS": "Natural", "SKOR_LAHAN": 2, "DELTA_D": 9.76, "D_MEAN": 20.351111111111113, "D_MEDIAN": 22.23, "TSS_MIN_MG": 65.0, "TSS_RATA_R": 120.8, "TSS_MEDIAN": 120.4, "TSS_MAKS_M": 222.1, "TSS_STDDEV": 29.9, "HS": 0.275672799, "MWP_MEAN_S": 3.6531, "MWD_CIRCUL": 28.79, "JARAK_MUAR": 535.47677602736997, "NAMA_SUNGA": "Kali Ketiwon", "MUARA_ID": "M5", "RESPON": "Akresi", "TSS__BATAS": 30.4, "PROKSI_NER": "Surplus/Deposisi" }, "geometry": { "type": "MultiLineString", "coordinates": [ [ [ 109.167970096490748, -6.84715909615719 ], [ 109.167670967582382, -6.846879749070338 ], [ 109.167524193611925, -6.846742681037493 ], [ 109.167393925643509, -6.846621027464482 ], [ 109.167144246609709, -6.846387859199142 ], [ 109.167050906394536, -6.846300690491913 ], [ 109.166758323775227, -6.846027455704529 ], [ 109.166621183789118, -6.845899384384087 ] ] ] } },
{ "type": "Feature", "properties": { "OBJECTID_1": 203, "OBJECTID": 4, "ID": 0, "TAHUN": 1991, "DATE": "1991-01-01", "NAMA_TITIK": "T38", "ZONA": "SEL TIMUR", "SHAPE_LENG": 167.95698049800001, "TRANSECTID": 42, "TRANSORDER": 42, "SHORELINEI": "1991-01-01", "BASELINEID": 1, "DISTANCE": 422.67, "INTERSECTX": 297401.90268200001, "INTERSECTY": 9242899.8931900002, "UNCERTAINT": 10, "NAMA_TITI2": "T38", "D_TAHUN": 0.0, "LRR": -4.04, "SKOR_SHORE": 5, "RASTERVALU": 0.000344, "SKOR_SLOPE": 5, "RASTERVA_1": -2.94192, "SKOR_ELEV": 5, "GEOM_LAP": "Pasir_Halus", "SKOR_GEOM": 3, "KATEGORI": "Abrasi Tinggi", "GELOMBANG": 0.27567279864760003, "PASUT": 0.917, "SLR": 4.69, "SKOR_GEL": 5, "SKOR_PASUT": 2, "SKOR_SLR": 5, "CVI": 68.465319688150004, "KELAS_CVI": 4, "KELAS_CV_1": "Tinggi", "LAHAN": "Pantai", "JENIS": "Natural", "SKOR_LAHAN": 2, "DELTA_D": 10.58, "D_MEAN": 20.351111111111113, "D_MEDIAN": 22.23, "TSS_MIN_MG": 65.0, "TSS_RATA_R": 120.8, "TSS_MEDIAN": 120.4, "TSS_MAKS_M": 222.1, "TSS_STDDEV": 29.9, "HS": 0.275672799, "MWP_MEAN_S": 3.6531, "MWD_CIRCUL": 28.79, "JARAK_MUAR": 355.43647958132902, "NAMA_SUNGA": "Kali Ketiwon", "MUARA_ID": "M5", "RESPON": "Akresi", "TSS__BATAS": 30.4, "PROKSI_NER": "Surplus/Deposisi" }, "geometry": { "type": "MultiLineString", "coordinates": [ [ [ 109.166621183789118, -6.845899384384087 ], [ 109.165511010505696, -6.844862618750312 ] ] ] } },
{ "type": "Feature", "properties": { "OBJECTID_1": 208, "OBJECTID": 4, "ID": 0, "TAHUN": 1991, "DATE": "1991-01-01", "NAMA_TITIK": "T37", "ZONA": "SEL TIMUR", "SHAPE_LENG": 203.20701533299999, "TRANSECTID": 41, "TRANSORDER": 41, "SHORELINEI": "1991-01-01", "BASELINEID": 1, "DISTANCE": 454.26, "INTERSECTX": 297278.74396300007, "INTERSECTY": 9243014.0923100002, "UNCERTAINT": 10, "NAMA_TITI2": "T37", "D_TAHUN": 0.0, "LRR": -4.54, "SKOR_SHORE": 5, "RASTERVALU": 0.000345, "SKOR_SLOPE": 5, "RASTERVA_1": -2.94128, "SKOR_ELEV": 5, "GEOM_LAP": "Pasir_Halus", "SKOR_GEOM": 3, "KATEGORI": "Abrasi Tinggi", "GELOMBANG": 0.27567279864760003, "PASUT": 0.917, "SLR": 4.69, "SKOR_GEL": 5, "SKOR_PASUT": 2, "SKOR_SLR": 5, "CVI": 68.465319688150004, "KELAS_CVI": 4, "KELAS_CV_1": "Tinggi", "LAHAN": "Pantai", "JENIS": "Natural", "SKOR_LAHAN": 2, "DELTA_D": 35.39, "D_MEAN": 20.351111111111113, "D_MEDIAN": 22.23, "TSS_MIN_MG": 65.0, "TSS_RATA_R": 120.8, "TSS_MEDIAN": 120.4, "TSS_MAKS_M": 222.1, "TSS_STDDEV": 29.9, "HS": 0.275672799, "MWP_MEAN_S": 3.6531, "MWD_CIRCUL": 28.79, "JARAK_MUAR": 155.29372815372599, "NAMA_SUNGA": "Kali Ketiwon", "MUARA_ID": "M5", "RESPON": "Akresi", "TSS__BATAS": 30.4, "PROKSI_NER": "Surplus/Deposisi" }, "geometry": { "type": "MultiLineString", "coordinates": [ [ [ 109.165511010505696, -6.844862618750312 ], [ 109.164659114282031, -6.844067048078399 ], [ 109.164065635449745, -6.843828205963095 ], [ 109.164040240029436, -6.843817985264087 ], [ 109.16403631275179, -6.843816405190381 ], [ 109.164035425769057, -6.843816049186335 ] ] ] } },
{ "type": "Feature", "properties": { "OBJECTID_1": 218, "OBJECTID": 4, "ID": 0, "TAHUN": 1991, "DATE": "1991-01-01", "NAMA_TITIK": "T05", "ZONA": "SEL BARAT", "SHAPE_LENG": 214.94858894500001, "TRANSECTID": 6, "TRANSORDER": 6, "SHORELINEI": "1991-01-01", "BASELINEID": 1, "DISTANCE": 340.24, "INTERSECTX": 290418.55022199999, "INTERSECTY": 9243569.972, "UNCERTAINT": 10, "NAMA_TITI2": "T05", "D_TAHUN": 0.0, "LRR": -1.47, "SKOR_SHORE": 4, "RASTERVALU": 6.15341, "SKOR_SLOPE": 3, "RASTERVA_1": -2.46219, "SKOR_ELEV": 5, "GEOM_LAP": "Pasir_Halus", "SKOR_GEOM": 3, "KATEGORI": "Abrasi Sedang", "GELOMBANG": 0.27567279864760003, "PASUT": 0.917, "SLR": 4.69, "SKOR_GEL": 5, "SKOR_PASUT": 2, "SKOR_SLR": 5, "CVI": 67.082039324990006, "KELAS_CVI": 4, "KELAS_CV_1": "Tinggi", "LAHAN": "Muara", "JENIS": "Natural", "SKOR_LAHAN": 4, "DELTA_D": -59.07, "D_MEAN": -2.7685, "D_MEDIAN": 7.805, "TSS_MIN_MG": 65.1, "TSS_RATA_R": 107.9, "TSS_MEDIAN": 110.4, "TSS_MAKS_M": 171.3, "TSS_STDDEV": 18.5, "HS": 0.275672799, "MWP_MEAN_S": 3.6531, "MWD_CIRCUL": 28.79, "JARAK_MUAR": 4.2768385923696401, "NAMA_SUNGA": "KaliGangsa", "MUARA_ID": "M1", "RESPON": "Akresi", "TSS__BATAS": 30.4, "PROKSI_NER": "Surplus/Deposisi" }, "geometry": { "type": "MultiLineString", "coordinates": [ [ [ 109.103473541888931, -6.83959612414374 ], [ 109.103422117677411, -6.839532893599051 ], [ 109.1033749677228, -6.839474919261943 ], [ 109.103372586640205, -6.839471991384687 ], [ 109.103117331099213, -6.839158129776921 ], [ 109.102945014789682, -6.838946250441824 ], [ 109.102177358933886, -6.838682350578202 ], [ 109.102035375181558, -6.838633540618147 ], [ 109.101898792657693, -6.838586586380283 ], [ 109.10189871767821, -6.838586560769272 ] ] ] } },
{ "type": "Feature", "properties": { "OBJECTID_1": 219, "OBJECTID": 4, "ID": 0, "TAHUN": 1991, "DATE": "1991-01-01", "NAMA_TITIK": "T03", "ZONA": "SEL BARAT", "SHAPE_LENG": 200.37428973600001, "TRANSECTID": 3, "TRANSORDER": 3, "SHORELINEI": "1991-01-01", "BASELINEID": 1, "DISTANCE": 352.8, "INTERSECTX": 289972.045659, "INTERSECTY": 9243777.6779900007, "UNCERTAINT": 10, "NAMA_TITI2": "T03", "D_TAHUN": 0.0, "LRR": -3.26, "SKOR_SHORE": 5, "RASTERVALU": 6.99672, "SKOR_SLOPE": 3, "RASTERVA_1": -1.58426, "SKOR_ELEV": 5, "GEOM_LAP": "Pasir_Halus", "SKOR_GEOM": 3, "KATEGORI": "Abrasi Tinggi", "GELOMBANG": 0.27567279864760003, "PASUT": 0.917, "SLR": 4.69, "SKOR_GEL": 5, "SKOR_PASUT": 2, "SKOR_SLR": 5, "CVI": 53.03300858899, "KELAS_CVI": 4, "KELAS_CV_1": "Tinggi", "LAHAN": "Pantai", "JENIS": "Natural", "SKOR_LAHAN": 2, "DELTA_D": 3.39, "D_MEAN": -2.7685, "D_MEDIAN": 7.805, "TSS_MIN_MG": 65.1, "TSS_RATA_R": 107.9, "TSS_MEDIAN": 110.4, "TSS_MAKS_M": 171.3, "TSS_STDDEV": 18.5, "HS": 0.275672799, "MWP_MEAN_S": 3.6531, "MWD_CIRCUL": 28.79, "JARAK_MUAR": 387.64661320961198, "NAMA_SUNGA": "KaliGangsa", "MUARA_ID": "M1", "RESPON": "Akresi", "TSS__BATAS": 30.4, "PROKSI_NER": "Surplus/Deposisi" }, "geometry": { "type": "MultiLineString", "coordinates": [ [ [ 109.09944199939892, -6.8377023101669 ], [ 109.099397680948826, -6.83767239246764 ], [ 109.099316417539001, -6.837617535308159 ], [ 109.098848673612352, -6.837301779999614 ], [ 109.098664451641497, -6.837177418173891 ], [ 109.098179106396259, -6.836849779749986 ], [ 109.098122350537324, -6.836822049617833 ], [ 109.098038690192283, -6.836781174030934 ], [ 109.097919851797073, -6.836723110537296 ] ] ] } },
{ "type": "Feature", "properties": { "OBJECTID_1": 220, "OBJECTID": 4, "ID": 0, "TAHUN": 1991, "DATE": "1991-01-01", "NAMA_TITIK": "T04", "ZONA": "SEL BARAT", "SHAPE_LENG": 207.15962602799999, "TRANSECTID": 4, "TRANSORDER": 4, "SHORELINEI": "1991-01-01", "BASELINEID": 1, "DISTANCE": 404.81, "INTERSECTX": 290166.351157, "INTERSECTY": 9243707.3190299999, "UNCERTAINT": 10, "NAMA_TITI2": "T04", "D_TAHUN": 0.0, "LRR": -3.32, "SKOR_SHORE": 5, "RASTERVALU": 6.89058, "SKOR_SLOPE": 3, "RASTERVA_1": -2.22393, "SKOR_ELEV": 5, "GEOM_LAP": "Pasir_Halus", "SKOR_GEOM": 3, "KATEGORI": "Abrasi Tinggi", "GELOMBANG": 0.27567279864760003, "PASUT": 0.917, "SLR": 4.69, "SKOR_GEL": 5, "SKOR_PASUT": 2, "SKOR_SLR": 5, "CVI": 53.03300858899, "KELAS_CVI": 4, "KELAS_CV_1": "Tinggi", "LAHAN": "Pantai", "JENIS": "Natural", "SKOR_LAHAN": 2, "DELTA_D": 1.74, "D_MEAN": -2.7685, "D_MEDIAN": 7.805, "TSS_MIN_MG": 65.1, "TSS_RATA_R": 107.9, "TSS_MEDIAN": 110.4, "TSS_MAKS_M": 171.3, "TSS_STDDEV": 18.5, "HS": 0.275672799, "MWP_MEAN_S": 3.6531, "MWD_CIRCUL": 28.79, "JARAK_MUAR": 191.803552089433, "NAMA_SUNGA": "KaliGangsa", "MUARA_ID": "M1", "RESPON": "Akresi", "TSS__BATAS": 30.4, "PROKSI_NER": "Surplus/Deposisi" }, "geometry": { "type": "MultiLineString", "coordinates": [ [ [ 109.101197121431781, -6.838345369395745 ], [ 109.100239385692731, -6.8380161206092 ], [ 109.09989761355331, -6.837898626886224 ], [ 109.099613231801428, -6.83780086225166 ], [ 109.099561795654282, -6.83778317988668 ], [ 109.099504259414985, -6.837744339722446 ], [ 109.099448799090837, -6.837706900993414 ], [ 109.09944199939892, -6.8377023101669 ] ] ] } },
{ "type": "Feature", "properties": { "OBJECTID_1": 221, "OBJECTID": 4, "ID": 0, "TAHUN": 1991, "DATE": "1991-01-01", "NAMA_TITIK": "T44", "ZONA": "SEL BARAT", "SHAPE_LENG": 82.020260855499998, "TRANSECTID": 5, "TRANSORDER": 5, "SHORELINEI": "1991-01-01", "BASELINEID": 1, "DISTANCE": 392.94, "INTERSECTX": 290244.01650799997, "INTERSECTY": 9243680.9480900001, "UNCERTAINT": 10, "NAMA_TITI2": "T44", "D_TAHUN": 0.0, "LRR": -2.33, "SKOR_SHORE": 5, "RASTERVALU": 0.013365, "SKOR_SLOPE": 5, "RASTERVA_1": -2.91714, "SKOR_ELEV": 5, "GEOM_LAP": "Aluvial", "SKOR_GEOM": 4, "KATEGORI": "Abrasi Tinggi", "GELOMBANG": 0.27567279864760003, "PASUT": 0.917, "SLR": 4.69, "SKOR_GEL": 5, "SKOR_PASUT": 2, "SKOR_SLR": 5, "CVI": 111.80339887498999, "KELAS_CVI": 5, "KELAS_CV_1": "Sangat Tinggi", "LAHAN": "Muara", "JENIS": "Natural", "SKOR_LAHAN": 4, "DELTA_D": 0.46999999999997, "D_MEAN": -2.7685, "D_MEDIAN": 7.805, "TSS_MIN_MG": 65.1, "TSS_RATA_R": 107.9, "TSS_MEDIAN": 110.4, "TSS_MAKS_M": 171.3, "TSS_STDDEV": 18.5, "HS": 0.275672799, "MWP_MEAN_S": 3.6531, "MWD_CIRCUL": 28.79, "JARAK_MUAR": 61.827697463302599, "NAMA_SUNGA": "KaliGangsa", "MUARA_ID": "M1", "RESPON": "Akresi", "TSS__BATAS": 30.4, "PROKSI_NER": "Surplus/Deposisi" }, "geometry": { "type": "MultiLineString", "coordinates": [ [ [ 109.10189871767821, -6.838586560769272 ], [ 109.101653508981798, -6.838502263839049 ], [ 109.101197121431781, -6.838345369395745 ] ] ] } },
{ "type": "Feature", "properties": { "OBJECTID_1": 223, "OBJECTID": 4, "ID": 0, "TAHUN": 1991, "DATE": "1991-01-01", "NAMA_TITIK": "T02", "ZONA": "SEL BARAT", "SHAPE_LENG": 206.586068641, "TRANSECTID": 2, "TRANSORDER": 2, "SHORELINEI": "1991-01-01", "BASELINEID": 1, "DISTANCE": 346.02, "INTERSECTX": 289803.34594500001, "INTERSECTY": 9243885.3181400001, "UNCERTAINT": 10, "NAMA_TITI2": "T02", "D_TAHUN": 0.0, "LRR": -2.19, "SKOR_SHORE": 5, "RASTERVALU": 6.56471, "SKOR_SLOPE": 3, "RASTERVA_1": -1.78074, "SKOR_ELEV": 5, "GEOM_LAP": "Pasir_Halus", "SKOR_GEOM": 3, "KATEGORI": "Abrasi Tinggi", "GELOMBANG": 0.27567279864760003, "PASUT": 0.917, "SLR": 4.69, "SKOR_GEL": 5, "SKOR_PASUT": 2, "SKOR_SLR": 5, "CVI": 53.03300858899, "KELAS_CVI": 4, "KELAS_CV_1": "Tinggi", "LAHAN": "Pantai", "JENIS": "Natural", "SKOR_LAHAN": 2, "DELTA_D": 14.22, "D_MEAN": -2.7685, "D_MEDIAN": 7.805, "TSS_MIN_MG": 65.1, "TSS_RATA_R": 107.9, "TSS_MEDIAN": 110.4, "TSS_MAKS_M": 171.3, "TSS_STDDEV": 18.5, "HS": 0.275672799, "MWP_MEAN_S": 3.6531, "MWD_CIRCUL": 28.79, "JARAK_MUAR": 579.82548354246296, "NAMA_SUNGA": "KaliGangsa", "MUARA_ID": "M1", "RESPON": "Akresi", "TSS__BATAS": 30.4, "PROKSI_NER": "Surplus/Deposisi" }, "geometry": { "type": "MultiLineString", "coordinates": [ [ [ 109.097919851797073, -6.836723110537296 ], [ 109.097750299399394, -6.836640269160355 ], [ 109.097716594775179, -6.836623801326605 ], [ 109.097693926403167, -6.836612725847354 ], [ 109.097596803077678, -6.836565272908228 ], [ 109.097546291302237, -6.836540593474334 ], [ 109.097543360702531, -6.836539161528194 ], [ 109.097530216339223, -6.83653273918833 ], [ 109.097498019467096, -6.836517007826732 ], [ 109.097367300838428, -6.83645313987729 ], [ 109.097336824778409, -6.836438249806833 ], [ 109.097319486759076, -6.836429778437872 ], [ 109.097241074752418, -6.836391466766772 ], [ 109.097107407551107, -6.836326158609554 ], [ 109.097068378072507, -6.836307088446966 ], [ 109.097064036346481, -6.836304967410041 ], [ 109.097059607045892, -6.83630280353352 ], [ 109.097054192754385, -6.836300158390925 ], [ 109.097043776766938, -6.836295069545857 ], [ 109.097015359192184, -6.83628118483573 ], [ 109.096990845723539, -6.836274401103434 ], [ 109.096982631197349, -6.836272127331425 ], [ 109.096780936602826, -6.836216310103787 ], [ 109.096731265429355, -6.836202563768477 ], [ 109.096699460015415, -6.836193761238989 ], [ 109.096688216661207, -6.83619065003159 ], [ 109.09663567660337, -6.836176109382462 ], [ 109.096601169460868, -6.836166560216559 ], [ 109.096583172689819, -6.836161579720709 ], [ 109.09633694218661, -6.83609343585502 ], [ 109.096326175933569, -6.836090456719456 ], [ 109.096238555007531, -6.836066208168134 ], [ 109.096184674967617, -6.836051296916046 ] ] ] } },
{ "type": "Feature", "properties": { "OBJECTID_1": 224, "OBJECTID": 4, "ID": 0, "TAHUN": 1991, "DATE": "1991-01-01", "NAMA_TITIK": "T01", "ZONA": "SEL BARAT", "SHAPE_LENG": 53.324303347300003, "TRANSECTID": 1, "TRANSORDER": 1, "SHORELINEI": "1991-01-01", "BASELINEID": 1, "DISTANCE": 297.88, "INTERSECTX": 289611.23051899998, "INTERSECTY": 9243958.8657799996, "UNCERTAINT": 10, "NAMA_TITI2": "T01", "D_TAHUN": 0.0, "LRR": -0.96, "SKOR_SHORE": 3, "RASTERVALU": 0.111227, "SKOR_SLOPE": 5, "RASTERVA_1": -2.91494, "SKOR_ELEV": 5, "GEOM_LAP": "Pasir_Halus", "SKOR_GEOM": 3, "KATEGORI": "Stabil", "GELOMBANG": 0.27567279864760003, "PASUT": 0.917, "SLR": 4.69, "SKOR_GEL": 5, "SKOR_PASUT": 2, "SKOR_SLR": 5, "CVI": 53.03300858899, "KELAS_CVI": 4, "KELAS_CV_1": "Tinggi", "LAHAN": "Pantai", "JENIS": "Natural", "SKOR_LAHAN": 2, "DELTA_D": -40.75, "D_MEAN": -2.7685, "D_MEDIAN": 7.805, "TSS_MIN_MG": 65.1, "TSS_RATA_R": 107.9, "TSS_MEDIAN": 110.4, "TSS_MAKS_M": 171.3, "TSS_STDDEV": 18.5, "HS": 0.275672799, "MWP_MEAN_S": 3.6531, "MWD_CIRCUL": 28.79, "JARAK_MUAR": 778.10088489128304, "NAMA_SUNGA": "KaliGangsa", "MUARA_ID": "M1", "RESPON": "Akresi", "TSS__BATAS": 30.4, "PROKSI_NER": "Surplus/Deposisi" }, "geometry": { "type": "MultiLineString", "coordinates": [ [ [ 109.096184674967617, -6.836051296916046 ], [ 109.09608168945816, -6.836022796107105 ], [ 109.095760626776766, -6.835933942955379 ], [ 109.095719809936995, -6.835922647345587 ] ] ] } },
{ "type": "Feature", "properties": { "OBJECTID_1": 225, "OBJECTID": 5, "ID": 0, "TAHUN": 1992, "DATE": "1992-01-01", "NAMA_TITIK": "T42", "ZONA": "SEL TIMUR", "SHAPE_LENG": 213.62112146300001, "TRANSECTID": 46, "TRANSORDER": 46, "SHORELINEI": "1992", "BASELINEID": 1, "DISTANCE": 294.02, "INTERSECTX": 298025.78247699997, "INTERSECTY": 9242365.6032200009, "UNCERTAINT": 10, "NAMA_TITI2": "T42", "D_TAHUN": 0.0, "LRR": -1.48, "SKOR_SHORE": 4, "RASTERVALU": 10.6361, "SKOR_SLOPE": 2, "RASTERVA_1": -1.41562, "SKOR_ELEV": 5, "GEOM_LAP": "Tambak", "SKOR_GEOM": 5, "KATEGORI": "Abrasi Sedang", "GELOMBANG": 0.29514835336628997, "PASUT": 0.816, "SLR": 4.69, "SKOR_GEL": 5, "SKOR_PASUT": 5, "SKOR_SLR": 5, "CVI": 96.824583655189997, "KELAS_CVI": 5, "KELAS_CV_1": "Sangat Tinggi", "LAHAN": "Tambak", "JENIS": "Natural", "SKOR_LAHAN": 3, "DELTA_D": 3.37, "D_MEAN": -11.078888888888892, "D_MEDIAN": -13.73, "TSS_MIN_MG": 22.1, "TSS_RATA_R": 70.3, "TSS_MEDIAN": 52.6, "TSS_MAKS_M": 379.2, "TSS_STDDEV": 45.6, "HS": 0.211833183, "MWP_MEAN_S": 3.3732, "MWD_CIRCUL": 32.87, "JARAK_MUAR": 1130.0451134499999, "NAMA_SUNGA": "Kali Ketiwon", "MUARA_ID": "M5", "RESPON": "Abrasi", "TSS__BATAS": 30.4, "PROKSI_NER": "Bypass/Export" }, "geometry": { "type": "MultiLineString", "coordinates": [ [ [ 109.172253819064665, -6.850736201437878 ], [ 109.172225266683853, -6.850733830624056 ], [ 109.172190321398872, -6.850730929161546 ], [ 109.172184002653054, -6.850730404221446 ], [ 109.172181208188377, -6.85073017207255 ], [ 109.172177257049071, -6.850729844203644 ], [ 109.172176008129654, -6.850729740899493 ], [ 109.172148352875695, -6.850727444018313 ], [ 109.172144550955764, -6.85072712847086 ], [ 109.172132743660654, -6.850726148655299 ], [ 109.172091044360286, -6.850693307624122 ], [ 109.172013920211114, -6.850630521014873 ], [ 109.172002143892385, -6.850620934693275 ], [ 109.171908541221285, -6.850544734669286 ], [ 109.171899428963215, -6.850537316693334 ], [ 109.17170919325693, -6.850384180854047 ], [ 109.171707724976798, -6.850383005294406 ], [ 109.17072056494537, -6.849592991552263 ] ] ] } },
{ "type": "Feature", "properties": { "OBJECTID_1": 235, "OBJECTID": 5, "ID": 0, "TAHUN": 1992, "DATE": "1992-01-01", "NAMA_TITIK": "T40", "ZONA": "SEL TIMUR", "SHAPE_LENG": 210.86635458000001, "TRANSECTID": 44, "TRANSORDER": 44, "SHORELINEI": "1992-01-01", "BASELINEID": 1, "DISTANCE": 325.71, "INTERSECTX": 297692.95680299995, "INTERSECTY": 9242608.8767799996, "UNCERTAINT": 10, "NAMA_TITI2": "T40", "D_TAHUN": 0.0, "LRR": -2.39, "SKOR_SHORE": 5, "RASTERVALU": 1.31742, "SKOR_SLOPE": 5, "RASTERVA_1": -2.87668, "SKOR_ELEV": 5, "GEOM_LAP": "Tambak", "SKOR_GEOM": 5, "KATEGORI": "Abrasi Tinggi", "GELOMBANG": 0.211833183379734, "PASUT": 0.882, "SLR": 4.69, "SKOR_GEL": 1, "SKOR_PASUT": 3, "SKOR_SLR": 5, "CVI": 59.292706128159999, "KELAS_CVI": 4, "KELAS_CV_1": "Tinggi", "LAHAN": "Tambak", "JENIS": "Natural", "SKOR_LAHAN": 3, "DELTA_D": -21.84, "D_MEAN": -11.078888888888892, "D_MEDIAN": -13.73, "TSS_MIN_MG": 22.1, "TSS_RATA_R": 70.3, "TSS_MEDIAN": 52.6, "TSS_MAKS_M": 379.2, "TSS_STDDEV": 45.6, "HS": 0.211833183, "MWP_MEAN_S": 3.3732, "MWD_CIRCUL": 32.87, "JARAK_MUAR": 727.664323427044, "NAMA_SUNGA": "Kali Ketiwon", "MUARA_ID": "M5", "RESPON": "Abrasi", "TSS__BATAS": 30.4, "PROKSI_NER": "Bypass/Export" }, "geometry": { "type": "MultiLineString", "coordinates": [ [ [ 109.169244083028886, -6.848540606157331 ], [ 109.169120050615035, -6.848477565524704 ], [ 109.169088592204204, -6.8484615760274 ], [ 109.168959358308285, -6.848395890798872 ], [ 109.168753323989463, -6.848291170070663 ], [ 109.16868610767915, -6.84825700650353 ], [ 109.168654956281785, -6.848241173668952 ], [ 109.168635098195352, -6.848231080013624 ], [ 109.168611538273794, -6.848219105181162 ], [ 109.16854822335867, -6.848186924801579 ], [ 109.168538769236136, -6.848182119381975 ], [ 109.168477880389958, -6.848151171555892 ], [ 109.168465634542898, -6.848144947734511 ], [ 109.168417171228327, -6.848120314823905 ], [ 109.168391824130879, -6.84808121047653 ], [ 109.168391680232745, -6.848080989315486 ], [ 109.168381547333581, -6.848065355917261 ], [ 109.168374177212584, -6.848053986170248 ], [ 109.168339251216352, -6.848000104052952 ], [ 109.168307002568, -6.847950353254899 ], [ 109.168295587207638, -6.847932742113117 ], [ 109.168150909956609, -6.847709542858576 ], [ 109.167950993475358, -6.847401123965076 ], [ 109.167884399965573, -6.84729838745519 ] ] ] } },
{ "type": "Feature", "properties": { "OBJECTID_1": 236, "OBJECTID": 5, "ID": 0, "TAHUN": 1992, "DATE": "1992-01-01", "NAMA_TITIK": "T41", "ZONA": "SEL TIMUR", "SHAPE_LENG": 201.680175601, "TRANSECTID": 45, "TRANSORDER": 45, "SHORELINEI": "1992-01-01", "BASELINEID": 1, "DISTANCE": 312.05, "INTERSECTX": 297856.612494, "INTERSECTY": 9242493.1038099993, "UNCERTAINT": 10, "NAMA_TITI2": "T41", "D_TAHUN": 0.0, "LRR": -2.12, "SKOR_SHORE": 5, "RASTERVALU": 9.05717, "SKOR_SLOPE": 2, "RASTERVA_1": -1.62402, "SKOR_ELEV": 5, "GEOM_LAP": "Tambak", "SKOR_GEOM": 5, "KATEGORI": "Abrasi Tinggi", "GELOMBANG": 0.211833183379734, "PASUT": 0.882, "SLR": 4.69, "SKOR_GEL": 1, "SKOR_PASUT": 3, "SKOR_SLR": 5, "CVI": 37.5, "KELAS_CVI": 3, "KELAS_CV_1": "Sedang", "LAHAN": "Tambak", "JENIS": "Natural", "SKOR_LAHAN": 3, "DELTA_D": -24.6, "D_MEAN": -11.078888888888892, "D_MEDIAN": -13.73, "TSS_MIN_MG": 22.1, "TSS_RATA_R": 70.3, "TSS_MEDIAN": 52.6, "TSS_MAKS_M": 379.2, "TSS_STDDEV": 45.6, "HS": 0.211833183, "MWP_MEAN_S": 3.3732, "MWD_CIRCUL": 32.87, "JARAK_MUAR": 936.29342666807304, "NAMA_SUNGA": "Kali Ketiwon", "MUARA_ID": "M5", "RESPON": "Abrasi", "TSS__BATAS": 30.4, "PROKSI_NER": "Bypass/Export" }, "geometry": { "type": "MultiLineString", "coordinates": [ [ [ 109.17072056494537, -6.849592991552263 ], [ 109.170635129820468, -6.849524618067434 ], [ 109.170528304606151, -6.849439127119521 ], [ 109.170503992374023, -6.849419670350128 ], [ 109.170342767077273, -6.849290642621505 ], [ 109.170205604253468, -6.849180871775583 ], [ 109.17011281077481, -6.849106610413619 ], [ 109.170066778411254, -6.84906977089659 ], [ 109.169997711906674, -6.849014005675316 ], [ 109.169919204716919, -6.84895061776537 ], [ 109.169917128713593, -6.848948919097218 ], [ 109.169729104333229, -6.848795082360804 ], [ 109.169687111744295, -6.848762145152365 ], [ 109.169666292948591, -6.848746813740872 ], [ 109.169645673676882, -6.848732774216004 ], [ 109.169625347557812, -6.848720620057243 ], [ 109.16960803337895, -6.848712395054889 ], [ 109.169605439955632, -6.84871116276523 ], [ 109.169593536476938, -6.848707668091927 ], [ 109.169586119509631, -6.848705489771431 ], [ 109.169567611400112, -6.848705044053868 ], [ 109.169244083028886, -6.848540606157331 ] ] ] } },
{ "type": "Feature", "properties": { "OBJECTID_1": 246, "OBJECTID": 5, "ID": 0, "TAHUN": 1992, "DATE": "1992-01-01", "NAMA_TITIK": "T51", "ZONA": "SEL BARAT", "SHAPE_LENG": 200.0260052, "TRANSECTID": 20, "TRANSORDER": 20, "SHORELINEI": "1992-01-01", "BASELINEID": 1, "DISTANCE": 251.58, "INTERSECTX": 292990.78249299998, "INTERSECTY": 9242622.1578100007, "UNCERTAINT": 10, "NAMA_TITI2": "T51", "D_TAHUN": 0.0, "LRR": 0.72, "SKOR_SHORE": 3, "RASTERVALU": 2.59289, "SKOR_SLOPE": 4, "RASTERVA_1": -2.65623, "SKOR_ELEV": 5, "GEOM_LAP": "Aluvial", "SKOR_GEOM": 4, "KATEGORI": "Stabil", "GELOMBANG": 0.211833183379734, "PASUT": 0.882, "SLR": 4.69, "SKOR_GEL": 1, "SKOR_PASUT": 3, "SKOR_SLR": 5, "CVI": 42.426406871189997, "KELAS_CVI": 3, "KELAS_CV_1": "Sedang", "LAHAN": "Muara", "JENIS": "Natural", "SKOR_LAHAN": 4, "DELTA_D": 14.42, "D_MEAN": -8.868, "D_MEDIAN": -5.95, "TSS_MIN_MG": 21.6, "TSS_RATA_R": 44.9, "TSS_MEDIAN": 39.3, "TSS_MAKS_M": 283.7, "TSS_STDDEV": 22.9, "HS": 0.211833183, "MWP_MEAN_S": 3.3732, "MWD_CIRCUL": 32.87, "JARAK_MUAR": 19.716633507029201, "NAMA_SUNGA": "Kali Sibelis", "MUARA_ID": "M3", "RESPON": "Abrasi", "TSS__BATAS": 30.4, "PROKSI_NER": "Bypass/Export" }, "geometry": { "type": "MultiLineString", "coordinates": [ [ [ 109.126708029508308, -6.848256606826935 ], [ 109.124912873319104, -6.848029719405917 ] ] ] } },
{ "type": "Feature", "properties": { "OBJECTID_1": 262, "OBJECTID": 5, "ID": 0, "TAHUN": 1992, "DATE": "1992-01-01", "NAMA_TITIK": "T39", "ZONA": "SEL TIMUR", "SHAPE_LENG": 210.42840680800001, "TRANSECTID": 43, "TRANSORDER": 43, "SHORELINEI": "1992-01-01", "BASELINEID": 1, "DISTANCE": 364.01, "INTERSECTX": 297542.13141500001, "INTERSECTY": 9242745.6944800001, "UNCERTAINT": 10, "NAMA_TITI2": "T39", "D_TAHUN": 0.0, "LRR": -3.6, "SKOR_SHORE": 5, "RASTERVALU": 0.000339, "SKOR_SLOPE": 5, "RASTERVA_1": -2.9425, "SKOR_ELEV": 5, "GEOM_LAP": "Pasir_Halus", "SKOR_GEOM": 3, "KATEGORI": "Abrasi Tinggi", "GELOMBANG": 0.211833183379734, "PASUT": 0.882, "SLR": 4.69, "SKOR_GEL": 1, "SKOR_PASUT": 3, "SKOR_SLR": 5, "CVI": 37.5, "KELAS_CVI": 3, "KELAS_CV_1": "Sedang", "LAHAN": "Pantai", "JENIS": "Natural", "SKOR_LAHAN": 2, "DELTA_D": -18.09, "D_MEAN": -11.078888888888892, "D_MEDIAN": -13.73, "TSS_MIN_MG": 22.1, "TSS_RATA_R": 70.3, "TSS_MEDIAN": 52.6, "TSS_MAKS_M": 379.2, "TSS_STDDEV": 45.6, "HS": 0.211833183, "MWP_MEAN_S": 3.3732, "MWD_CIRCUL": 32.87, "JARAK_MUAR": 535.47677602736997, "NAMA_SUNGA": "Kali Ketiwon", "MUARA_ID": "M5", "RESPON": "Abrasi", "TSS__BATAS": 30.4, "PROKSI_NER": "Bypass/Export" }, "geometry": { "type": "MultiLineString", "coordinates": [ [ [ 109.167884399965573, -6.84729838745519 ], [ 109.167867951019815, -6.847273011272467 ], [ 109.167848813944744, -6.847243488357541 ], [ 109.167524193611925, -6.846742681037493 ], [ 109.167491089842045, -6.846691610524759 ], [ 109.167422012532896, -6.846585041786186 ], [ 109.167357071306895, -6.846484854027038 ], [ 109.167050906394536, -6.846300690491913 ], [ 109.166857985032138, -6.84618464598702 ], [ 109.166557049080581, -6.846003627817685 ] ] ] } },
{ "type": "Feature", "properties": { "OBJECTID_1": 268, "OBJECTID": 5, "ID": 0, "TAHUN": 1992, "DATE": "1992-01-01", "NAMA_TITIK": "T38", "ZONA": "SEL TIMUR", "SHAPE_LENG": 168.39145660700001, "TRANSECTID": 42, "TRANSORDER": 42, "SHORELINEI": "1992-01-01", "BASELINEID": 1, "DISTANCE": 409.14, "INTERSECTX": 297394.857066, "INTERSECTY": 9242888.3367199991, "UNCERTAINT": 10, "NAMA_TITI2": "T38", "D_TAHUN": 0.0, "LRR": -4.04, "SKOR_SHORE": 5, "RASTERVALU": 0.000344, "SKOR_SLOPE": 5, "RASTERVA_1": -2.94192, "SKOR_ELEV": 5, "GEOM_LAP": "Pasir_Halus", "SKOR_GEOM": 3, "KATEGORI": "Abrasi Tinggi", "GELOMBANG": 0.211833183379734, "PASUT": 0.882, "SLR": 4.69, "SKOR_GEL": 1, "SKOR_PASUT": 3, "SKOR_SLR": 5, "CVI": 37.5, "KELAS_CVI": 3, "KELAS_CV_1": "Sedang", "LAHAN": "Pantai", "JENIS": "Natural", "SKOR_LAHAN": 2, "DELTA_D": -13.53, "D_MEAN": -11.078888888888892, "D_MEDIAN": -13.73, "TSS_MIN_MG": 22.1, "TSS_RATA_R": 70.3, "TSS_MEDIAN": 52.6, "TSS_MAKS_M": 379.2, "TSS_STDDEV": 45.6, "HS": 0.211833183, "MWP_MEAN_S": 3.3732, "MWD_CIRCUL": 32.87, "JARAK_MUAR": 355.43647958132902, "NAMA_SUNGA": "Kali Ketiwon", "MUARA_ID": "M5", "RESPON": "Abrasi", "TSS__BATAS": 30.4, "PROKSI_NER": "Bypass/Export" }, "geometry": { "type": "MultiLineString", "coordinates": [ [ [ 109.166557049080581, -6.846003627817685 ], [ 109.166481274725939, -6.845958048186796 ], [ 109.166183129808374, -6.845778708655359 ], [ 109.16606324571589, -6.845706596643335 ], [ 109.166018661161118, -6.845679777681998 ], [ 109.165961861395232, -6.845645611116788 ], [ 109.165812159591823, -6.845555562728705 ], [ 109.165620034067842, -6.84543999559433 ], [ 109.165569465615732, -6.845409577864847 ], [ 109.165558142140767, -6.845402766202751 ], [ 109.165516054119621, -6.845377449484259 ], [ 109.165311857974828, -6.845254621101441 ], [ 109.165251882227409, -6.845218544550903 ] ] ] } },
{ "type": "Feature", "properties": { "OBJECTID_1": 272, "OBJECTID": 5, "ID": 0, "TAHUN": 1992, "DATE": "1992-01-01", "NAMA_TITIK": "T37", "ZONA": "SEL TIMUR", "SHAPE_LENG": 214.328169626, "TRANSECTID": 41, "TRANSORDER": 41, "SHORELINEI": "1992-01-01", "BASELINEID": 1, "DISTANCE": 405.57, "INTERSECTX": 297250.249618, "INTERSECTY": 9242974.6170700006, "UNCERTAINT": 10, "NAMA_TITI2": "T37", "D_TAHUN": 0.0, "LRR": -4.54, "SKOR_SHORE": 5, "RASTERVALU": 0.000345, "SKOR_SLOPE": 5, "RASTERVA_1": -2.94128, "SKOR_ELEV": 5, "GEOM_LAP": "Pasir_Halus", "SKOR_GEOM": 3, "KATEGORI": "Abrasi Tinggi", "GELOMBANG": 0.211833183379734, "PASUT": 0.882, "SLR": 4.69, "SKOR_GEL": 1, "SKOR_PASUT": 3, "SKOR_SLR": 5, "CVI": 37.5, "KELAS_CVI": 3, "KELAS_CV_1": "Sedang", "LAHAN": "Pantai", "JENIS": "Natural", "SKOR_LAHAN": 2, "DELTA_D": -48.69, "D_MEAN": -11.078888888888892, "D_MEDIAN": -13.73, "TSS_MIN_MG": 22.1, "TSS_RATA_R": 70.3, "TSS_MEDIAN": 52.6, "TSS_MAKS_M": 379.2, "TSS_STDDEV": 45.6, "HS": 0.211833183, "MWP_MEAN_S": 3.3732, "MWD_CIRCUL": 32.87, "JARAK_MUAR": 155.29372815372599, "NAMA_SUNGA": "Kali Ketiwon", "MUARA_ID": "M5", "RESPON": "Abrasi", "TSS__BATAS": 30.4, "PROKSI_NER": "Bypass/Export" }, "geometry": { "type": "MultiLineString", "coordinates": [ [ [ 109.165251882227409, -6.845218544550903 ], [ 109.165000096299735, -6.845067089955719 ], [ 109.164733463530865, -6.844906704383858 ], [ 109.164710630706054, -6.844892970016664 ], [ 109.164694610644489, -6.844843959177371 ], [ 109.164666058701599, -6.844756610723475 ], [ 109.164660798269992, -6.844740515790038 ], [ 109.164660699909248, -6.844740215237313 ], [ 109.16463995770394, -6.844676759782578 ], [ 109.164635912453662, -6.84466438372919 ], [ 109.164635537790062, -6.844663238551391 ], [ 109.164578834524534, -6.844489768297658 ], [ 109.164521717278234, -6.844315032467289 ], [ 109.164511468248534, -6.844283676360054 ], [ 109.164502894895989, -6.844257448649377 ], [ 109.1644007705262, -6.844177682745467 ], [ 109.16417082486565, -6.843998081069941 ], [ 109.164102529470796, -6.843944737804915 ], [ 109.164000024625977, -6.843864674740808 ] ] ] } },
{ "type": "Feature", "properties": { "OBJECTID_1": 279, "OBJECTID": 5, "ID": 0, "TAHUN": 1992, "DATE": "1992-01-01", "NAMA_TITIK": "T05", "ZONA": "SEL BARAT", "SHAPE_LENG": 203.14278972599999, "TRANSECTID": 6, "TRANSORDER": 6, "SHORELINEI": "1992-01-01", "BASELINEID": 1, "DISTANCE": 298.93, "INTERSECTX": 290406.00116500002, "INTERSECTY": 9243530.6198100001, "UNCERTAINT": 10, "NAMA_TITI2": "T05", "D_TAHUN": 0.0, "LRR": -1.47, "SKOR_SHORE": 4, "RASTERVALU": 6.15341, "SKOR_SLOPE": 3, "RASTERVA_1": -2.46219, "SKOR_ELEV": 5, "GEOM_LAP": "Pasir_Halus", "SKOR_GEOM": 3, "KATEGORI": "Abrasi Sedang", "GELOMBANG": 0.211833183379734, "PASUT": 0.882, "SLR": 4.69, "SKOR_GEL": 1, "SKOR_PASUT": 3, "SKOR_SLR": 5, "CVI": 36.742346141749998, "KELAS_CVI": 3, "KELAS_CV_1": "Sedang", "LAHAN": "Muara", "JENIS": "Natural", "SKOR_LAHAN": 4, "DELTA_D": -41.31, "D_MEAN": -8.868, "D_MEDIAN": -5.95, "TSS_MIN_MG": 21.6, "TSS_RATA_R": 44.9, "TSS_MEDIAN": 39.3, "TSS_MAKS_M": 283.7, "TSS_STDDEV": 22.9, "HS": 0.211833183, "MWP_MEAN_S": 3.3732, "MWD_CIRCUL": 32.87, "JARAK_MUAR": 4.2768385923696401, "NAMA_SUNGA": "KaliGangsa", "MUARA_ID": "M1", "RESPON": "Abrasi", "TSS__BATAS": 30.4, "PROKSI_NER": "Bypass/Export" }, "geometry": { "type": "MultiLineString", "coordinates": [ [ [ 109.103358622129079, -6.839951460510867 ], [ 109.103305637521814, -6.839923297236419 ], [ 109.103211134362027, -6.839873065326536 ], [ 109.103105845828452, -6.839817100368283 ], [ 109.103092364981563, -6.839809935433816 ], [ 109.102834122137651, -6.839672670406979 ], [ 109.102799520065801, -6.839654278038376 ], [ 109.102796424726719, -6.839652632997867 ], [ 109.102566915722477, -6.839530640497475 ], [ 109.10239931174452, -6.839441552377853 ], [ 109.102388613929179, -6.839435865786506 ], [ 109.102314482066461, -6.839396462231174 ], [ 109.102308829401082, -6.839393458160233 ], [ 109.102305843294488, -6.839391870507625 ], [ 109.102272559202447, -6.839374178575685 ], [ 109.10224810164236, -6.83936117855986 ], [ 109.102244484553225, -6.839359255703395 ], [ 109.102115055579944, -6.839290459085087 ], [ 109.101736196633055, -6.839089080722386 ] ] ] } },
{ "type": "Feature", "properties": { "OBJECTID_1": 281, "OBJECTID": 5, "ID": 0, "TAHUN": 1992, "DATE": "1992-01-01", "NAMA_TITIK": "T44", "ZONA": "SEL BARAT", "SHAPE_LENG": 96.487986497899996, "TRANSECTID": 5, "TRANSORDER": 5, "SHORELINEI": "1992-01-01", "BASELINEID": 1, "DISTANCE": 334.53, "INTERSECTX": 290226.26953200001, "INTERSECTY": 9243625.2959000003, "UNCERTAINT": 10, "NAMA_TITI2": "T44", "D_TAHUN": 0.0, "LRR": -2.33, "SKOR_SHORE": 5, "RASTERVALU": 0.013365, "SKOR_SLOPE": 5, "RASTERVA_1": -2.91714, "SKOR_ELEV": 5, "GEOM_LAP": "Aluvial", "SKOR_GEOM": 4, "KATEGORI": "Abrasi Tinggi", "GELOMBANG": 0.211833183379734, "PASUT": 0.882, "SLR": 4.69, "SKOR_GEL": 1, "SKOR_PASUT": 3, "SKOR_SLR": 5, "CVI": 61.237243569580002, "KELAS_CVI": 4, "KELAS_CV_1": "Tinggi", "LAHAN": "Muara", "JENIS": "Natural", "SKOR_LAHAN": 4, "DELTA_D": -58.41, "D_MEAN": -8.868, "D_MEDIAN": -5.95, "TSS_MIN_MG": 21.6, "TSS_RATA_R": 44.9, "TSS_MEDIAN": 39.3, "TSS_MAKS_M": 283.7, "TSS_STDDEV": 22.9, "HS": 0.211833183, "MWP_MEAN_S": 3.3732, "MWD_CIRCUL": 32.87, "JARAK_MUAR": 61.827697463302599, "NAMA_SUNGA": "KaliGangsa", "MUARA_ID": "M1", "RESPON": "Abrasi", "TSS__BATAS": 30.4, "PROKSI_NER": "Bypass/Export" }, "geometry": { "type": "MultiLineString", "coordinates": [ [ [ 109.101736196633055, -6.839089080722386 ], [ 109.101729381311358, -6.839085458164815 ], [ 109.101394197634932, -6.838907294218561 ], [ 109.101353936724905, -6.838885894055852 ], [ 109.101352740659891, -6.838885258263428 ], [ 109.10130829036828, -6.838861631003762 ], [ 109.100965585851156, -6.838679469001758 ] ] ] } },
{ "type": "Feature", "properties": { "OBJECTID_1": 282, "OBJECTID": 5, "ID": 0, "TAHUN": 1992, "DATE": "1992-01-01", "NAMA_TITIK": "T04", "ZONA": "SEL BARAT", "SHAPE_LENG": 212.10523490200001, "TRANSECTID": 4, "TRANSORDER": 4, "SHORELINEI": "1992-01-01", "BASELINEID": 1, "DISTANCE": 359.86, "INTERSECTX": 290140.90126000001, "INTERSECTY": 9243670.2647999991, "UNCERTAINT": 10, "NAMA_TITI2": "T04", "D_TAHUN": 0.0, "LRR": -3.32, "SKOR_SHORE": 5, "RASTERVALU": 6.89058, "SKOR_SLOPE": 3, "RASTERVA_1": -2.22393, "SKOR_ELEV": 5, "GEOM_LAP": "Pasir_Halus", "SKOR_GEOM": 3, "KATEGORI": "Abrasi Tinggi", "GELOMBANG": 0.211833183379734, "PASUT": 0.882, "SLR": 4.69, "SKOR_GEL": 1, "SKOR_PASUT": 3, "SKOR_SLR": 5, "CVI": 29.04737509656, "KELAS_CVI": 2, "KELAS_CV_1": "Rendah", "LAHAN": "Pantai", "JENIS": "Natural", "SKOR_LAHAN": 2, "DELTA_D": -44.95, "D_MEAN": -8.868, "D_MEDIAN": -5.95, "TSS_MIN_MG": 21.6, "TSS_RATA_R": 44.9, "TSS_MEDIAN": 39.3, "TSS_MAKS_M": 283.7, "TSS_STDDEV": 22.9, "HS": 0.211833183, "MWP_MEAN_S": 3.3732, "MWD_CIRCUL": 32.87, "JARAK_MUAR": 191.803552089433, "NAMA_SUNGA": "KaliGangsa", "MUARA_ID": "M1", "RESPON": "Abrasi", "TSS__BATAS": 30.4, "PROKSI_NER": "Bypass/Export" }, "geometry": { "type": "MultiLineString", "coordinates": [ [ [ 109.100965585851156, -6.838679469001758 ], [ 109.10082567889441, -6.838605102114879 ], [ 109.100771554541737, -6.838576332904969 ], [ 109.100693103627762, -6.838534632848035 ], [ 109.100482948632447, -6.838422926203013 ], [ 109.1004772601528, -6.838413424995364 ], [ 109.100369113456736, -6.838232796911857 ], [ 109.100284959973465, -6.838092240837761 ], [ 109.100269908434839, -6.838067101242461 ], [ 109.100262710223916, -6.838055078823921 ], [ 109.100239385692731, -6.8380161206092 ], [ 109.10002562957709, -6.837659099374135 ], [ 109.100012079710268, -6.837636467394777 ], [ 109.099827356846617, -6.837583326566159 ], [ 109.099574815017547, -6.837510675613001 ] ] ] } },
{ "type": "Feature", "properties": { "OBJECTID_1": 283, "OBJECTID": 5, "ID": 0, "TAHUN": 1992, "DATE": "1992-01-01", "NAMA_TITIK": "T02", "ZONA": "SEL BARAT", "SHAPE_LENG": 200.18483811900001, "TRANSECTID": 2, "TRANSORDER": 2, "SHORELINEI": "1992-01-01", "BASELINEID": 1, "DISTANCE": 328.59, "INTERSECTX": 289793.47895299998, "INTERSECTY": 9243870.9521200005, "UNCERTAINT": 10, "NAMA_TITI2": "T02", "D_TAHUN": 0.0, "LRR": -2.19, "SKOR_SHORE": 5, "RASTERVALU": 6.56471, "SKOR_SLOPE": 3, "RASTERVA_1": -1.78074, "SKOR_ELEV": 5, "GEOM_LAP": "Pasir_Halus", "SKOR_GEOM": 3, "KATEGORI": "Abrasi Tinggi", "GELOMBANG": 0.211833183379734, "PASUT": 0.882, "SLR": 4.69, "SKOR_GEL": 1, "SKOR_PASUT": 3, "SKOR_SLR": 5, "CVI": 29.04737509656, "KELAS_CVI": 2, "KELAS_CV_1": "Rendah", "LAHAN": "Pantai", "JENIS": "Natural", "SKOR_LAHAN": 2, "DELTA_D": -17.43, "D_MEAN": -8.868, "D_MEDIAN": -5.95, "TSS_MIN_MG": 21.6, "TSS_RATA_R": 44.9, "TSS_MEDIAN": 39.3, "TSS_MAKS_M": 283.7, "TSS_STDDEV": 22.9, "HS": 0.211833183, "MWP_MEAN_S": 3.3732, "MWD_CIRCUL": 32.87, "JARAK_MUAR": 579.82548354246296, "NAMA_SUNGA": "KaliGangsa", "MUARA_ID": "M1", "RESPON": "Abrasi", "TSS__BATAS": 30.4, "PROKSI_NER": "Bypass/Export" }, "geometry": { "type": "MultiLineString", "coordinates": [ [ [ 109.097830084533783, -6.836852640995987 ], [ 109.097735620449583, -6.836785105525307 ], [ 109.097391069975544, -6.836538774833786 ], [ 109.097203274147788, -6.836404513815928 ], [ 109.097146548361735, -6.836363958849764 ], [ 109.097071767618104, -6.836310494987549 ], [ 109.097064036346481, -6.836304967410041 ], [ 109.097052197243556, -6.83629650330448 ], [ 109.097036840234992, -6.836285524511785 ], [ 109.097004165217328, -6.836262164124886 ], [ 109.096815305231658, -6.836127142966753 ], [ 109.096815259234859, -6.836127108428555 ], [ 109.096702777496262, -6.836046691204754 ], [ 109.09640408877992, -6.835875237508149 ], [ 109.096402336072089, -6.835874231531676 ], [ 109.096402012968426, -6.835874045814805 ], [ 109.096334408288158, -6.835835239727262 ] ] ] } },
{ "type": "Feature", "properties": { "OBJECTID_1": 284, "OBJECTID": 5, "ID": 0, "TAHUN": 1992, "DATE": "1992-01-01", "NAMA_TITIK": "T03", "ZONA": "SEL BARAT", "SHAPE_LENG": 208.33921979799999, "TRANSECTID": 3, "TRANSORDER": 3, "SHORELINEI": "1992-01-01", "BASELINEID": 1, "DISTANCE": 378.58, "INTERSECTX": 289986.64371700003, "INTERSECTY": 9243798.9322900008, "UNCERTAINT": 10, "NAMA_TITI2": "T03", "D_TAHUN": 0.0, "LRR": -3.26, "SKOR_SHORE": 5, "RASTERVALU": 6.99672, "SKOR_SLOPE": 3, "RASTERVA_1": -1.58426, "SKOR_ELEV": 5, "GEOM_LAP": "Pasir_Halus", "SKOR_GEOM": 3, "KATEGORI": "Abrasi Tinggi", "GELOMBANG": 0.211833183379734, "PASUT": 0.882, "SLR": 4.69, "SKOR_GEL": 1, "SKOR_PASUT": 3, "SKOR_SLR": 5, "CVI": 29.04737509656, "KELAS_CVI": 2, "KELAS_CV_1": "Rendah", "LAHAN": "Pantai", "JENIS": "Natural", "SKOR_LAHAN": 2, "DELTA_D": 25.78, "D_MEAN": -8.868, "D_MEDIAN": -5.95, "TSS_MIN_MG": 21.6, "TSS_RATA_R": 44.9, "TSS_MEDIAN": 39.3, "TSS_MAKS_M": 283.7, "TSS_STDDEV": 22.9, "HS": 0.211833183, "MWP_MEAN_S": 3.3732, "MWD_CIRCUL": 32.87, "JARAK_MUAR": 387.64661320961198, "NAMA_SUNGA": "KaliGangsa", "MUARA_ID": "M1", "RESPON": "Abrasi", "TSS__BATAS": 30.4, "PROKSI_NER": "Bypass/Export" }, "geometry": { "type": "MultiLineString", "coordinates": [ [ [ 109.099574815017547, -6.837510675613001 ], [ 109.098848673612352, -6.837301779999614 ], [ 109.098758126695429, -6.837275731012667 ], [ 109.098629511277807, -6.837238731074755 ], [ 109.098566466745069, -6.837220595018533 ], [ 109.098401395716465, -6.837173107035401 ], [ 109.098401089411539, -6.837173019030254 ], [ 109.098347976764046, -6.837157738505369 ], [ 109.098329914740106, -6.837152542622841 ], [ 109.098320047940902, -6.837149704501218 ], [ 109.098293329879795, -6.837142018842913 ], [ 109.098288583518396, -6.83714065295943 ], [ 109.09827763065357, -6.837137501338863 ], [ 109.098271830747478, -6.837135832934876 ], [ 109.09824839710555, -6.837129091489238 ], [ 109.098219870136319, -6.837120885143325 ], [ 109.098199279073526, -6.837114961397172 ], [ 109.09819546788809, -6.837113865017609 ], [ 109.098165965189722, -6.837092772076631 ], [ 109.098085180285594, -6.837035016261878 ], [ 109.098040959173332, -6.837003401837008 ], [ 109.097921759571108, -6.836918182710148 ], [ 109.097830084533783, -6.836852640995987 ] ] ] } },
{ "type": "Feature", "properties": { "OBJECTID_1": 285, "OBJECTID": 5, "ID": 0, "TAHUN": 1992, "DATE": "1992-01-01", "NAMA_TITIK": "T01", "ZONA": "SEL BARAT", "SHAPE_LENG": 78.351601072500003, "TRANSECTID": 1, "TRANSORDER": 1, "SHORELINEI": "1992-01-01", "BASELINEID": 1, "DISTANCE": 326.95, "INTERSECTX": 289627.68876400002, "INTERSECTY": 9243982.8284499999, "UNCERTAINT": 10, "NAMA_TITI2": "T01", "D_TAHUN": 0.0, "LRR": -0.96, "SKOR_SHORE": 3, "RASTERVALU": 0.111227, "SKOR_SLOPE": 5, "RASTERVA_1": -2.91494, "SKOR_ELEV": 5, "GEOM_LAP": "Pasir_Halus", "SKOR_GEOM": 3, "KATEGORI": "Stabil", "GELOMBANG": 0.211833183379734, "PASUT": 0.882, "SLR": 4.69, "SKOR_GEL": 1, "SKOR_PASUT": 3, "SKOR_SLR": 5, "CVI": 29.04737509656, "KELAS_CVI": 2, "KELAS_CV_1": "Rendah", "LAHAN": "Pantai", "JENIS": "Natural", "SKOR_LAHAN": 2, "DELTA_D": 29.07, "D_MEAN": -8.868, "D_MEDIAN": -5.95, "TSS_MIN_MG": 21.6, "TSS_RATA_R": 44.9, "TSS_MEDIAN": 39.3, "TSS_MAKS_M": 283.7, "TSS_STDDEV": 22.9, "HS": 0.211833183, "MWP_MEAN_S": 3.3732, "MWD_CIRCUL": 32.87, "JARAK_MUAR": 778.10088489128304, "NAMA_SUNGA": "KaliGangsa", "MUARA_ID": "M1", "RESPON": "Abrasi", "TSS__BATAS": 30.4, "PROKSI_NER": "Bypass/Export" }, "geometry": { "type": "MultiLineString", "coordinates": [ [ [ 109.096334408288158, -6.835835239727262 ], [ 109.096165131306336, -6.835738070635279 ], [ 109.095919534110493, -6.835597091895556 ], [ 109.09590774441773, -6.835590324085264 ], [ 109.095840119071795, -6.835551506114342 ], [ 109.095719811532021, -6.83548244691346 ] ] ] } },
{ "type": "Feature", "properties": { "OBJECTID_1": 290, "OBJECTID": 6, "ID": 0, "TAHUN": 1993, "DATE": "1993-01-01", "NAMA_TITIK": "T42", "ZONA": "SEL TIMUR", "SHAPE_LENG": 213.92877976899999, "TRANSECTID": 46, "TRANSORDER": 46, "SHORELINEI": "1993-01-01", "BASELINEID": 1, "DISTANCE": 291.1, "INTERSECTX": 298024.17268399999, "INTERSECTY": 9242363.1698100008, "UNCERTAINT": 10, "NAMA_TITI2": "T42", "D_TAHUN": 0.0, "LRR": -1.48, "SKOR_SHORE": 4, "RASTERVALU": 10.6361, "SKOR_SLOPE": 2, "RASTERVA_1": -1.41562, "SKOR_ELEV": 5, "GEOM_LAP": "Tambak", "SKOR_GEOM": 5, "KATEGORI": "Abrasi Sedang", "GELOMBANG": 0.26739924970795098, "PASUT": 0.836, "SLR": 4.69, "SKOR_GEL": 3, "SKOR_PASUT": 5, "SKOR_SLR": 5, "CVI": 75.0, "KELAS_CVI": 4, "KELAS_CV_1": "Tinggi", "LAHAN": "Tambak", "JENIS": "Natural", "SKOR_LAHAN": 3, "DELTA_D": -2.92, "D_MEAN": 6.3335294117647081, "D_MEDIAN": 0.84, "TSS_MIN_MG": 49.6, "TSS_RATA_R": 161.3, "TSS_MEDIAN": 147.5, "TSS_MAKS_M": 477.6, "TSS_STDDEV": 55.2, "HS": 0.26739925, "MWP_MEAN_S": 3.6693, "MWD_CIRCUL": 33.19, "JARAK_MUAR": 1130.0451134499999, "NAMA_SUNGA": "Kali Ketiwon", "MUARA_ID": "M5", "RESPON": "Stabil", "TSS__BATAS": 30.4, "PROKSI_NER": "Relatif Seimbang" }, "geometry": { "type": "MultiLineString", "coordinates": [ [ [ 109.172236049865319, -6.850777105482014 ], [ 109.170766049782785, -6.849519061376014 ] ] ] } },
{ "type": "Feature", "properties": { "OBJECTID_1": 305, "OBJECTID": 6, "ID": 0, "TAHUN": 1993, "DATE": "1993-01-01", "NAMA_TITIK": "T41", "ZONA": "SEL TIMUR", "SHAPE_LENG": 203.59486997600001, "TRANSECTID": 45, "TRANSORDER": 45, "SHORELINEI": "1993-01-01", "BASELINEID": 1, "DISTANCE": 321.65, "INTERSECTX": 297861.60924800002, "INTERSECTY": 9242501.2996599991, "UNCERTAINT": 10, "NAMA_TITI2": "T41", "D_TAHUN": 0.0, "LRR": -2.12, "SKOR_SHORE": 5, "RASTERVALU": 9.05717, "SKOR_SLOPE": 2, "RASTERVA_1": -1.62402, "SKOR_ELEV": 5, "GEOM_LAP": "Tambak", "SKOR_GEOM": 5, "KATEGORI": "Abrasi Tinggi", "GELOMBANG": 0.26739924970795098, "PASUT": 0.836, "SLR": 4.69, "SKOR_GEL": 3, "SKOR_PASUT": 5, "SKOR_SLR": 5, "CVI": 83.852549156240002, "KELAS_CVI": 5, "KELAS_CV_1": "Sangat Tinggi", "LAHAN": "Tambak", "JENIS": "Natural", "SKOR_LAHAN": 3, "DELTA_D": 9.6, "D_MEAN": 6.3335294117647081, "D_MEDIAN": 0.84, "TSS_MIN_MG": 49.6, "TSS_RATA_R": 161.3, "TSS_MEDIAN": 147.5, "TSS_MAKS_M": 477.6, "TSS_STDDEV": 55.2, "HS": 0.26739925, "MWP_MEAN_S": 3.6693, "MWD_CIRCUL": 33.19, "JARAK_MUAR": 936.29342666807304, "NAMA_SUNGA": "Kali Ketiwon", "MUARA_ID": "M5", "RESPON": "Stabil", "TSS__BATAS": 30.4, "PROKSI_NER": "Relatif Seimbang" }, "geometry": { "type": "MultiLineString", "coordinates": [ [ [ 109.170766049782785, -6.849519061376014 ], [ 109.170765747711116, -6.849518803447114 ], [ 109.170765652130697, -6.849518721709643 ], [ 109.170554121562205, -6.84933769013939 ], [ 109.170202571865943, -6.849036828069545 ], [ 109.170116766307089, -6.848963394401044 ], [ 109.16962985712307, -6.848498083241128 ], [ 109.169535925242442, -6.848408317632413 ], [ 109.16952026782856, -6.848393354880388 ], [ 109.169403393846508, -6.848281664828122 ] ] ] } },
{ "type": "Feature", "properties": { "OBJECTID_1": 310, "OBJECTID": 6, "ID": 0, "TAHUN": 1993, "DATE": "1993-01-01", "NAMA_TITIK": "T51", "ZONA": "SEL BARAT", "SHAPE_LENG": 200.551068375, "TRANSECTID": 20, "TRANSORDER": 20, "SHORELINEI": "1993-01-01", "BASELINEID": 1, "DISTANCE": 278.03, "INTERSECTX": 292994.42345100001, "INTERSECTY": 9242648.3611500002, "UNCERTAINT": 10, "NAMA_TITI2": "T51", "D_TAHUN": 0.0, "LRR": 0.72, "SKOR_SHORE": 3, "RASTERVALU": 2.59289, "SKOR_SLOPE": 4, "RASTERVA_1": -2.65623, "SKOR_ELEV": 5, "GEOM_LAP": "Aluvial", "SKOR_GEOM": 4, "KATEGORI": "Stabil", "GELOMBANG": 0.26739924970795098, "PASUT": 0.836, "SLR": 4.69, "SKOR_GEL": 3, "SKOR_PASUT": 5, "SKOR_SLR": 5, "CVI": 94.868329805049996, "KELAS_CVI": 5, "KELAS_CV_1": "Sangat Tinggi", "LAHAN": "Muara", "JENIS": "Natural", "SKOR_LAHAN": 4, "DELTA_D": 26.45, "D_MEAN": 13.208, "D_MEDIAN": 10.375, "TSS_MIN_MG": 41.6, "TSS_RATA_R": 156.0, "TSS_MEDIAN": 148.1, "TSS_MAKS_M": 459.9, "TSS_STDDEV": 33.0, "HS": 0.26739925, "MWP_MEAN_S": 3.6693, "MWD_CIRCUL": 33.19, "JARAK_MUAR": 19.716633507029201, "NAMA_SUNGA": "Kali Sibelis", "MUARA_ID": "M3", "RESPON": "Akresi", "TSS__BATAS": 30.4, "PROKSI_NER": "Surplus/Deposisi" }, "geometry": { "type": "MultiLineString", "coordinates": [ [ [ 109.126741890494401, -6.848019826181237 ], [ 109.126712189342086, -6.848013309178739 ], [ 109.12662710980112, -6.847994640002272 ], [ 109.126510432866965, -6.847969037740846 ], [ 109.124969892453791, -6.847630998792547 ] ] ] } },
{ "type": "Feature", "properties": { "OBJECTID_1": 328, "OBJECTID": 6, "ID": 0, "TAHUN": 1993, "DATE": "1993-01-01", "NAMA_TITIK": "T39", "ZONA": "SEL TIMUR", "SHAPE_LENG": 200.59716708799999, "TRANSECTID": 43, "TRANSORDER": 43, "SHORELINEI": "1993-01-01", "BASELINEID": 1, "DISTANCE": 392.82, "INTERSECTX": 297557.12881000002, "INTERSECTY": 9242770.2937499993, "UNCERTAINT": 10, "NAMA_TITI2": "T39", "D_TAHUN": 0.0, "LRR": -3.6, "SKOR_SHORE": 5, "RASTERVALU": 0.000339, "SKOR_SLOPE": 5, "RASTERVA_1": -2.9425, "SKOR_ELEV": 5, "GEOM_LAP": "Pasir_Halus", "SKOR_GEOM": 3, "KATEGORI": "Abrasi Tinggi", "GELOMBANG": 0.26739924970795098, "PASUT": 0.836, "SLR": 4.69, "SKOR_GEL": 3, "SKOR_PASUT": 5, "SKOR_SLR": 5, "CVI": 83.852549156240002, "KELAS_CVI": 5, "KELAS_CV_1": "Sangat Tinggi", "LAHAN": "Pantai", "JENIS": "Natural", "SKOR_LAHAN": 2, "DELTA_D": 28.81, "D_MEAN": 6.3335294117647081, "D_MEDIAN": 0.84, "TSS_MIN_MG": 49.6, "TSS_RATA_R": 161.3, "TSS_MEDIAN": 147.5, "TSS_MAKS_M": 477.6, "TSS_STDDEV": 55.2, "HS": 0.26739925, "MWP_MEAN_S": 3.6693, "MWD_CIRCUL": 33.19, "JARAK_MUAR": 535.47677602736997, "NAMA_SUNGA": "Kali Ketiwon", "MUARA_ID": "M5", "RESPON": "Stabil", "TSS__BATAS": 30.4, "PROKSI_NER": "Relatif Seimbang" }, "geometry": { "type": "MultiLineString", "coordinates": [ [ [ 109.168020917411397, -6.847076493220361 ], [ 109.167585849885299, -6.846760447536387 ], [ 109.167491089842045, -6.846691610524759 ], [ 109.167393925643509, -6.846621027464482 ], [ 109.166553023824065, -6.846010169357382 ] ] ] } },
{ "type": "Feature", "properties": { "OBJECTID_1": 329, "OBJECTID": 6, "ID": 0, "TAHUN": 1993, "DATE": "1993-01-01", "NAMA_TITIK": "T40", "ZONA": "SEL TIMUR", "SHAPE_LENG": 203.19806010299999, "TRANSECTID": 44, "TRANSORDER": 44, "SHORELINEI": "1993-01-01", "BASELINEID": 1, "DISTANCE": 359.33, "INTERSECTX": 297710.45810300001, "INTERSECTY": 9242637.5830400009, "UNCERTAINT": 10, "NAMA_TITI2": "T40", "D_TAHUN": 0.0, "LRR": -2.39, "SKOR_SHORE": 5, "RASTERVALU": 1.31742, "SKOR_SLOPE": 5, "RASTERVA_1": -2.87668, "SKOR_ELEV": 5, "GEOM_LAP": "Tambak", "SKOR_GEOM": 5, "KATEGORI": "Abrasi Tinggi", "GELOMBANG": 0.26739924970795098, "PASUT": 0.836, "SLR": 4.69, "SKOR_GEL": 3, "SKOR_PASUT": 5, "SKOR_SLR": 5, "CVI": 132.58252147248001, "KELAS_CVI": 5, "KELAS_CV_1": "Sangat Tinggi", "LAHAN": "Tambak", "JENIS": "Natural", "SKOR_LAHAN": 3, "DELTA_D": 33.62, "D_MEAN": 6.3335294117647081, "D_MEDIAN": 0.84, "TSS_MIN_MG": 49.6, "TSS_RATA_R": 161.3, "TSS_MEDIAN": 147.5, "TSS_MAKS_M": 477.6, "TSS_STDDEV": 55.2, "HS": 0.26739925, "MWP_MEAN_S": 3.6693, "MWD_CIRCUL": 33.19, "JARAK_MUAR": 727.664323427044, "NAMA_SUNGA": "Kali Ketiwon", "MUARA_ID": "M5", "RESPON": "Stabil", "TSS__BATAS": 30.4, "PROKSI_NER": "Relatif Seimbang" }, "geometry": { "type": "MultiLineString", "coordinates": [ [ [ 109.169403393846508, -6.848281664828122 ], [ 109.168971931793962, -6.847869340697203 ], [ 109.168856032429957, -6.847758581947469 ], [ 109.168749536013976, -6.847656808288835 ], [ 109.168526925909205, -6.847444071576868 ], [ 109.168341318724273, -6.847309241772178 ], [ 109.1683174644633, -6.8472919132482 ], [ 109.168145590606258, -6.847167058777444 ], [ 109.168020917411397, -6.847076493220361 ] ] ] } },
{ "type": "Feature", "properties": { "OBJECTID_1": 339, "OBJECTID": 6, "ID": 0, "TAHUN": 1993, "DATE": "1993-01-01", "NAMA_TITIK": "T38", "ZONA": "SEL TIMUR", "SHAPE_LENG": 168.62780272200001, "TRANSECTID": 42, "TRANSORDER": 42, "SHORELINEI": "1993-01-01", "BASELINEID": 1, "DISTANCE": 408.29, "INTERSECTX": 297394.41493199999, "INTERSECTY": 9242887.6115199998, "UNCERTAINT": 10, "NAMA_TITI2": "T38", "D_TAHUN": 0.0, "LRR": -4.04, "SKOR_SHORE": 5, "RASTERVALU": 0.000344, "SKOR_SLOPE": 5, "RASTERVA_1": -2.94192, "SKOR_ELEV": 5, "GEOM_LAP": "Pasir_Halus", "SKOR_GEOM": 3, "KATEGORI": "Abrasi Tinggi", "GELOMBANG": 0.26739924970795098, "PASUT": 0.836, "SLR": 4.69, "SKOR_GEL": 3, "SKOR_PASUT": 5, "SKOR_SLR": 5, "CVI": 83.852549156240002, "KELAS_CVI": 5, "KELAS_CV_1": "Sangat Tinggi", "LAHAN": "Pantai", "JENIS": "Natural", "SKOR_LAHAN": 2, "DELTA_D": -0.849999999999966, "D_MEAN": 6.3335294117647081, "D_MEDIAN": 0.84, "TSS_MIN_MG": 49.6, "TSS_RATA_R": 161.3, "TSS_MEDIAN": 147.5, "TSS_MAKS_M": 477.6, "TSS_STDDEV": 55.2, "HS": 0.26739925, "MWP_MEAN_S": 3.6693, "MWD_CIRCUL": 33.19, "JARAK_MUAR": 355.43647958132902, "NAMA_SUNGA": "Kali Ketiwon", "MUARA_ID": "M5", "RESPON": "Stabil", "TSS__BATAS": 30.4, "PROKSI_NER": "Relatif Seimbang" }, "geometry": { "type": "MultiLineString", "coordinates": [ [ [ 109.166553023824065, -6.846010169357382 ], [ 109.166481274725939, -6.845958048186796 ], [ 109.166224538615054, -6.845771545705157 ], [ 109.166010282139879, -6.845615901946214 ], [ 109.165927669855037, -6.845571020396379 ], [ 109.165843317974449, -6.845525193693267 ], [ 109.165779721409436, -6.845490643142306 ], [ 109.165751944463466, -6.845475552711622 ], [ 109.165640059430473, -6.845414767582614 ], [ 109.165603595262198, -6.845394957797943 ], [ 109.165589050943083, -6.845387056102511 ], [ 109.165519328312058, -6.84534917748946 ], [ 109.165259532116693, -6.845208035889565 ] ] ] } },
{ "type": "Feature", "properties": { "OBJECTID_1": 343, "OBJECTID": 6, "ID": 0, "TAHUN": 1993, "DATE": "1993-01-01", "NAMA_TITIK": "T37", "ZONA": "SEL TIMUR", "SHAPE_LENG": 211.46188202499999, "TRANSECTID": 41, "TRANSORDER": 41, "SHORELINEI": "1993-01-01", "BASELINEID": 1, "DISTANCE": 407.01, "INTERSECTX": 297251.09090100002, "INTERSECTY": 9242975.7825600002, "UNCERTAINT": 10, "NAMA_TITI2": "T37", "D_TAHUN": 0.0, "LRR": -4.54, "SKOR_SHORE": 5, "RASTERVALU": 0.000345, "SKOR_SLOPE": 5, "RASTERVA_1": -2.94128, "SKOR_ELEV": 5, "GEOM_LAP": "Pasir_Halus", "SKOR_GEOM": 3, "KATEGORI": "Abrasi Tinggi", "GELOMBANG": 0.26739924970795098, "PASUT": 0.836, "SLR": 4.69, "SKOR_GEL": 3, "SKOR_PASUT": 5, "SKOR_SLR": 5, "CVI": 83.852549156240002, "KELAS_CVI": 5, "KELAS_CV_1": "Sangat Tinggi", "LAHAN": "Pantai", "JENIS": "Natural", "SKOR_LAHAN": 2, "DELTA_D": 1.44, "D_MEAN": 6.3335294117647081, "D_MEDIAN": 0.84, "TSS_MIN_MG": 49.6, "TSS_RATA_R": 161.3, "TSS_MEDIAN": 147.5, "TSS_MAKS_M": 477.6, "TSS_STDDEV": 55.2, "HS": 0.26739925, "MWP_MEAN_S": 3.6693, "MWD_CIRCUL": 33.19, "JARAK_MUAR": 155.29372815372599, "NAMA_SUNGA": "Kali Ketiwon", "MUARA_ID": "M5", "RESPON": "Stabil", "TSS__BATAS": 30.4, "PROKSI_NER": "Relatif Seimbang" }, "geometry": { "type": "MultiLineString", "coordinates": [ [ [ 109.165259532116693, -6.845208035889565 ], [ 109.165259057265786, -6.845207778203473 ], [ 109.165238158457328, -6.845196424624222 ], [ 109.165000096299735, -6.845067089955719 ], [ 109.164747954021564, -6.844930105709309 ], [ 109.164733463530865, -6.844906704383858 ], [ 109.164694610644489, -6.844843959177371 ], [ 109.164626350633313, -6.84473372434709 ], [ 109.164621617871916, -6.844726081598651 ], [ 109.164601617824786, -6.844693783217542 ], [ 109.164552329342811, -6.844614185536403 ], [ 109.164551801584722, -6.844613332718284 ], [ 109.164545561065538, -6.844603255671922 ], [ 109.164458128239943, -6.844462057423334 ], [ 109.164393399910068, -6.84435752496891 ], [ 109.164256793847429, -6.844136914818003 ], [ 109.164239345430289, -6.844108736432495 ], [ 109.16417082486565, -6.843998081069941 ], [ 109.164121866469031, -6.843919016279304 ], [ 109.164065635449745, -6.843828205963095 ], [ 109.16404768266689, -6.843799213725658 ] ] ] } },
{ "type": "Feature", "properties": { "OBJECTID_1": 352, "OBJECTID": 6, "ID": 0, "TAHUN": 1993, "DATE": "1993-01-01", "NAMA_TITIK": "T05", "ZONA": "SEL BARAT", "SHAPE_LENG": 200.005944008, "TRANSECTID": 6, "TRANSORDER": 6, "SHORELINEI": "1993-01-01", "BASELINEID": 1, "DISTANCE": 349.76, "INTERSECTX": 290421.44312100002, "INTERSECTY": 9243579.0437599998, "UNCERTAINT": 10, "NAMA_TITI2": "T05", "D_TAHUN": 0.0, "LRR": -1.47, "SKOR_SHORE": 4, "RASTERVALU": 6.15341, "SKOR_SLOPE": 3, "RASTERVA_1": -2.46219, "SKOR_ELEV": 5, "GEOM_LAP": "Pasir_Halus", "SKOR_GEOM": 3, "KATEGORI": "Abrasi Sedang", "GELOMBANG": 0.26739924970795098, "PASUT": 0.836, "SLR": 4.69, "SKOR_GEL": 3, "SKOR_PASUT": 5, "SKOR_SLR": 5, "CVI": 82.15838362577, "KELAS_CVI": 5, "KELAS_CV_1": "Sangat Tinggi", "LAHAN": "Muara", "JENIS": "Natural", "SKOR_LAHAN": 4, "DELTA_D": 50.83, "D_MEAN": 13.208, "D_MEDIAN": 10.375, "TSS_MIN_MG": 41.6, "TSS_RATA_R": 156.0, "TSS_MEDIAN": 148.1, "TSS_MAKS_M": 459.9, "TSS_STDDEV": 33.0, "HS": 0.26739925, "MWP_MEAN_S": 3.6693, "MWD_CIRCUL": 33.19, "JARAK_MUAR": 4.2768385923696401, "NAMA_SUNGA": "KaliGangsa", "MUARA_ID": "M1", "RESPON": "Akresi", "TSS__BATAS": 30.4, "PROKSI_NER": "Surplus/Deposisi" }, "geometry": { "type": "MultiLineString", "coordinates": [ [ [ 109.103500038423931, -6.83951421062238 ], [ 109.103372586640205, -6.839471991384687 ], [ 109.103108298574924, -6.839384444544489 ], [ 109.102153890070653, -6.839068289838583 ], [ 109.101821362148769, -6.838958137071893 ], [ 109.101782689214076, -6.838945325984969 ] ] ] } },
{ "type": "Feature", "properties": { "OBJECTID_1": 356, "OBJECTID": 6, "ID": 0, "TAHUN": 1993, "DATE": "1993-01-01", "NAMA_TITIK": "T03", "ZONA": "SEL BARAT", "SHAPE_LENG": 200.04513027300001, "TRANSECTID": 3, "TRANSORDER": 3, "SHORELINEI": "1993-01-01", "BASELINEID": 1, "DISTANCE": 322.06, "INTERSECTX": 289954.64400700002, "INTERSECTY": 9243752.3417499997, "UNCERTAINT": 10, "NAMA_TITI2": "T03", "D_TAHUN": 0.0, "LRR": -3.26, "SKOR_SHORE": 5, "RASTERVALU": 6.99672, "SKOR_SLOPE": 3, "RASTERVA_1": -1.58426, "SKOR_ELEV": 5, "GEOM_LAP": "Pasir_Halus", "SKOR_GEOM": 3, "KATEGORI": "Abrasi Tinggi", "GELOMBANG": 0.26739924970795098, "PASUT": 0.836, "SLR": 4.69, "SKOR_GEL": 3, "SKOR_PASUT": 5, "SKOR_SLR": 5, "CVI": 64.951905283830001, "KELAS_CVI": 4, "KELAS_CV_1": "Tinggi", "LAHAN": "Pantai", "JENIS": "Natural", "SKOR_LAHAN": 2, "DELTA_D": -56.52, "D_MEAN": 13.208, "D_MEDIAN": 10.375, "TSS_MIN_MG": 41.6, "TSS_RATA_R": 156.0, "TSS_MEDIAN": 148.1, "TSS_MAKS_M": 459.9, "TSS_STDDEV": 33.0, "HS": 0.26739925, "MWP_MEAN_S": 3.6693, "MWD_CIRCUL": 33.19, "JARAK_MUAR": 387.64661320961198, "NAMA_SUNGA": "KaliGangsa", "MUARA_ID": "M1", "RESPON": "Akresi", "TSS__BATAS": 30.4, "PROKSI_NER": "Surplus/Deposisi" }, "geometry": { "type": "MultiLineString", "coordinates": [ [ [ 109.099283689912696, -6.837930758117253 ], [ 109.099219923899113, -6.837884349376879 ], [ 109.099209455431534, -6.837876730640487 ], [ 109.09907707977149, -6.837780389660412 ], [ 109.098934091394952, -6.837676324470729 ], [ 109.098854072556463, -6.837618088058574 ], [ 109.098819696951665, -6.837593070115557 ], [ 109.098535869943419, -6.837386503186969 ], [ 109.098517125780731, -6.837372861984718 ], [ 109.09842741342176, -6.83730756949198 ], [ 109.098416054723117, -6.837299302593842 ], [ 109.098176428933158, -6.83712490498746 ], [ 109.098096297549318, -6.837066585778796 ], [ 109.097842632123019, -6.83689056214867 ], [ 109.097834570017952, -6.836884968175124 ], [ 109.097816413371731, -6.8368723690099 ] ] ] } },
{ "type": "Feature", "properties": { "OBJECTID_1": 357, "OBJECTID": 6, "ID": 0, "TAHUN": 1993, "DATE": "1993-01-01", "NAMA_TITIK": "T04", "ZONA": "SEL BARAT", "SHAPE_LENG": 205.911363373, "TRANSECTID": 4, "TRANSORDER": 4, "SHORELINEI": "1993-01-01", "BASELINEID": 1, "DISTANCE": 344.42, "INTERSECTX": 290132.16249000002, "INTERSECTY": 9243657.5414400008, "UNCERTAINT": 10, "NAMA_TITI2": "T04", "D_TAHUN": 0.0, "LRR": -3.32, "SKOR_SHORE": 5, "RASTERVALU": 6.89058, "SKOR_SLOPE": 3, "RASTERVA_1": -2.22393, "SKOR_ELEV": 5, "GEOM_LAP": "Pasir_Halus", "SKOR_GEOM": 3, "KATEGORI": "Abrasi Tinggi", "GELOMBANG": 0.26739924970795098, "PASUT": 0.836, "SLR": 4.69, "SKOR_GEL": 3, "SKOR_PASUT": 5, "SKOR_SLR": 5, "CVI": 64.951905283830001, "KELAS_CVI": 4, "KELAS_CV_1": "Tinggi", "LAHAN": "Pantai", "JENIS": "Natural", "SKOR_LAHAN": 2, "DELTA_D": -15.44, "D_MEAN": 13.208, "D_MEDIAN": 10.375, "TSS_MIN_MG": 41.6, "TSS_RATA_R": 156.0, "TSS_MEDIAN": 148.1, "TSS_MAKS_M": 459.9, "TSS_STDDEV": 33.0, "HS": 0.26739925, "MWP_MEAN_S": 3.6693, "MWD_CIRCUL": 33.19, "JARAK_MUAR": 191.803552089433, "NAMA_SUNGA": "KaliGangsa", "MUARA_ID": "M1", "RESPON": "Akresi", "TSS__BATAS": 30.4, "PROKSI_NER": "Surplus/Deposisi" }, "geometry": { "type": "MultiLineString", "coordinates": [ [ [ 109.100886083684244, -6.838794189635585 ], [ 109.100848439604562, -6.838788176075329 ], [ 109.100845281880453, -6.838787671774355 ], [ 109.100805209617576, -6.838781270707734 ], [ 109.100734106148025, -6.838769912860352 ], [ 109.100715661535929, -6.83876696678431 ], [ 109.100636788973972, -6.838754367649957 ], [ 109.100629522504519, -6.838753207016854 ], [ 109.100566249624862, -6.838743099705623 ], [ 109.100559947740237, -6.838742092962047 ], [ 109.100559417082167, -6.83874200859298 ], [ 109.100466553104965, -6.83872717438486 ], [ 109.100460219579006, -6.838726162994622 ], [ 109.100408371644093, -6.838717880965267 ], [ 109.100353087553941, -6.838709050130227 ], [ 109.10013184189269, -6.838548030649569 ], [ 109.099887961862336, -6.838370539160645 ], [ 109.099842061422592, -6.838337133482165 ], [ 109.09978307583188, -6.838294204617827 ], [ 109.099770813290775, -6.838285279590708 ], [ 109.099672418911979, -6.838213670259057 ], [ 109.099283689912696, -6.837930758117253 ] ] ] } },
{ "type": "Feature", "properties": { "OBJECTID_1": 358, "OBJECTID": 6, "ID": 0, "TAHUN": 1993, "DATE": "1993-01-01", "NAMA_TITIK": "T44", "ZONA": "SEL BARAT", "SHAPE_LENG": 100.58462511899999, "TRANSECTID": 5, "TRANSORDER": 5, "SHORELINEI": "1993-01-01", "BASELINEID": 1, "DISTANCE": 351.24, "INTERSECTX": 290231.34636000003, "INTERSECTY": 9243641.2161699999, "UNCERTAINT": 10, "NAMA_TITI2": "T44", "D_TAHUN": 0.0, "LRR": -2.33, "SKOR_SHORE": 5, "RASTERVALU": 0.013365, "SKOR_SLOPE": 5, "RASTERVA_1": -2.91714, "SKOR_ELEV": 5, "GEOM_LAP": "Aluvial", "SKOR_GEOM": 4, "KATEGORI": "Abrasi Tinggi", "GELOMBANG": 0.26739924970795098, "PASUT": 0.836, "SLR": 4.69, "SKOR_GEL": 3, "SKOR_PASUT": 5, "SKOR_SLR": 5, "CVI": 136.93063937629, "KELAS_CVI": 5, "KELAS_CV_1": "Sangat Tinggi", "LAHAN": "Muara", "JENIS": "Natural", "SKOR_LAHAN": 4, "DELTA_D": 16.71, "D_MEAN": 13.208, "D_MEDIAN": 10.375, "TSS_MIN_MG": 41.6, "TSS_RATA_R": 156.0, "TSS_MEDIAN": 148.1, "TSS_MAKS_M": 459.9, "TSS_STDDEV": 33.0, "HS": 0.26739925, "MWP_MEAN_S": 3.6693, "MWD_CIRCUL": 33.19, "JARAK_MUAR": 61.827697463302599, "NAMA_SUNGA": "KaliGangsa", "MUARA_ID": "M1", "RESPON": "Akresi", "TSS__BATAS": 30.4, "PROKSI_NER": "Surplus/Deposisi" }, "geometry": { "type": "MultiLineString", "coordinates": [ [ [ 109.101782689214076, -6.838945325984969 ], [ 109.101782663013623, -6.838945317744564 ], [ 109.101736530670621, -6.838930036114869 ], [ 109.101536396970019, -6.838898067249374 ], [ 109.101532153520253, -6.838897389599474 ], [ 109.101325998221427, -6.838864459329351 ], [ 109.10130829036828, -6.838861631003762 ], [ 109.101299341520772, -6.838860201548319 ], [ 109.100917752228497, -6.838799248372252 ], [ 109.100908042204154, -6.838797697467076 ], [ 109.100886083684244, -6.838794189635585 ] ] ] } },
{ "type": "Feature", "properties": { "OBJECTID_1": 360, "OBJECTID": 6, "ID": 0, "TAHUN": 1993, "DATE": "1993-01-01", "NAMA_TITIK": "T02", "ZONA": "SEL BARAT", "SHAPE_LENG": 200.63067934, "TRANSECTID": 2, "TRANSORDER": 2, "SHORELINEI": "1993-01-01", "BASELINEID": 1, "DISTANCE": 325.93, "INTERSECTX": 289791.97621, "INTERSECTY": 9243868.7641800009, "UNCERTAINT": 10, "NAMA_TITI2": "T02", "D_TAHUN": 0.0, "LRR": -2.19, "SKOR_SHORE": 5, "RASTERVALU": 6.56471, "SKOR_SLOPE": 3, "RASTERVA_1": -1.78074, "SKOR_ELEV": 5, "GEOM_LAP": "Pasir_Halus", "SKOR_GEOM": 3, "KATEGORI": "Abrasi Tinggi", "GELOMBANG": 0.26739924970795098, "PASUT": 0.836, "SLR": 4.69, "SKOR_GEL": 3, "SKOR_PASUT": 5, "SKOR_SLR": 5, "CVI": 64.951905283830001, "KELAS_CVI": 4, "KELAS_CV_1": "Tinggi", "LAHAN": "Pantai", "JENIS": "Natural", "SKOR_LAHAN": 2, "DELTA_D": -2.66, "D_MEAN": 13.208, "D_MEDIAN": 10.375, "TSS_MIN_MG": 41.6, "TSS_RATA_R": 156.0, "TSS_MEDIAN": 148.1, "TSS_MAKS_M": 459.9, "TSS_STDDEV": 33.0, "HS": 0.26739925, "MWP_MEAN_S": 3.6693, "MWD_CIRCUL": 33.19, "JARAK_MUAR": 579.82548354246296, "NAMA_SUNGA": "KaliGangsa", "MUARA_ID": "M1", "RESPON": "Akresi", "TSS__BATAS": 30.4, "PROKSI_NER": "Surplus/Deposisi" }, "geometry": { "type": "MultiLineString", "coordinates": [ [ [ 109.097816413371731, -6.8368723690099 ], [ 109.097805540314639, -6.836864823697458 ], [ 109.097795496392152, -6.836859428934441 ], [ 109.097687000935125, -6.836801151296765 ], [ 109.097526626839837, -6.836715008123014 ], [ 109.097483722810637, -6.836689582111223 ], [ 109.097417054213068, -6.836650072803843 ], [ 109.097237896295113, -6.836543899701066 ], [ 109.097102063893701, -6.836463402888008 ], [ 109.096921642690134, -6.836356480624728 ], [ 109.096887337392772, -6.836336150706213 ], [ 109.09662307851822, -6.836179544030751 ], [ 109.096601169460868, -6.836166560216559 ], [ 109.096558281790792, -6.83614114325413 ], [ 109.096249306239187, -6.83595803634546 ] ] ] } },
{ "type": "Feature", "properties": { "OBJECTID_1": 361, "OBJECTID": 6, "ID": 0, "TAHUN": 1993, "DATE": "1993-01-01", "NAMA_TITIK": "T01", "ZONA": "SEL BARAT", "SHAPE_LENG": 68.050104373300002, "TRANSECTID": 1, "TRANSORDER": 1, "SHORELINEI": "1993-01-01", "BASELINEID": 1, "DISTANCE": 310.42, "INTERSECTX": 289618.33464100002, "INTERSECTY": 9243969.2091499995, "UNCERTAINT": 10, "NAMA_TITI2": "T01", "D_TAHUN": 0.0, "LRR": -0.96, "SKOR_SHORE": 3, "RASTERVALU": 0.111227, "SKOR_SLOPE": 5, "RASTERVA_1": -2.91494, "SKOR_ELEV": 5, "GEOM_LAP": "Pasir_Halus", "SKOR_GEOM": 3, "KATEGORI": "Stabil", "GELOMBANG": 0.26739924970795098, "PASUT": 0.836, "SLR": 4.69, "SKOR_GEL": 3, "SKOR_PASUT": 5, "SKOR_SLR": 5, "CVI": 64.951905283830001, "KELAS_CVI": 4, "KELAS_CV_1": "Tinggi", "LAHAN": "Pantai", "JENIS": "Natural", "SKOR_LAHAN": 2, "DELTA_D": -16.53, "D_MEAN": 13.208, "D_MEDIAN": 10.375, "TSS_MIN_MG": 41.6, "TSS_RATA_R": 156.0, "TSS_MEDIAN": 148.1, "TSS_MAKS_M": 459.9, "TSS_STDDEV": 33.0, "HS": 0.26739925, "MWP_MEAN_S": 3.6693, "MWD_CIRCUL": 33.19, "JARAK_MUAR": 778.10088489128304, "NAMA_SUNGA": "KaliGangsa", "MUARA_ID": "M1", "RESPON": "Akresi", "TSS__BATAS": 30.4, "PROKSI_NER": "Surplus/Deposisi" }, "geometry": { "type": "MultiLineString", "coordinates": [ [ [ 109.096249306239187, -6.83595803634546 ], [ 109.096079830509794, -6.835857599866418 ], [ 109.096049228992129, -6.835839464373341 ], [ 109.095719823110997, -6.835644249909978 ] ] ] } },
{ "type": "Feature", "properties": { "OBJECTID_1": 362, "OBJECTID": 7, "ID": 0, "TAHUN": 1994, "DATE": "1994-01-01", "NAMA_TITIK": "T42", "ZONA": "SEL TIMUR", "SHAPE_LENG": 190.253281429, "TRANSECTID": 46, "TRANSORDER": 46, "SHORELINEI": "1994-01-01", "BASELINEID": 1, "DISTANCE": 337.87, "INTERSECTX": 297870.05443100003, "INTERSECTY": 9242515.1517600007, "UNCERTAINT": 10, "NAMA_TITI2": "T42", "D_TAHUN": 0.0, "LRR": -1.48, "SKOR_SHORE": 4, "RASTERVALU": 10.6361, "SKOR_SLOPE": 2, "RASTERVA_1": -1.41562, "SKOR_ELEV": 5, "GEOM_LAP": "Tambak", "SKOR_GEOM": 5, "KATEGORI": "Abrasi Sedang", "GELOMBANG": 0.24536304088199801, "PASUT": 0.824, "SLR": 4.69, "SKOR_GEL": 2, "SKOR_PASUT": 5, "SKOR_SLR": 5, "CVI": 61.237243569580002, "KELAS_CVI": 4, "KELAS_CV_1": "Tinggi", "LAHAN": "Tambak", "JENIS": "Natural", "SKOR_LAHAN": 3, "DELTA_D": 46.77, "D_MEAN": 3.135625, "D_MEDIAN": -0.265, "TSS_MIN_MG": 0.0, "TSS_RATA_R": 0.0, "TSS_MEDIAN": 0.0, "TSS_MAKS_M": 0.0, "TSS_STDDEV": 0.0, "HS": 0.245363041, "MWP_MEAN_S": 3.6365, "MWD_CIRCUL": 33.37, "JARAK_MUAR": 1130.0451134499999, "NAMA_SUNGA": "Kali Ketiwon", "MUARA_ID": "M5", "RESPON": "Stabil", "TSS__BATAS": 30.4, "PROKSI_NER": null }, "geometry": { "type": "MultiLineString", "coordinates": [ [ [ 109.172176498450071, -6.850481526840505 ], [ 109.172064609582861, -6.850390291756457 ], [ 109.170842923752815, -6.849394110073314 ] ] ] } },
{ "type": "Feature", "properties": { "OBJECTID_1": 375, "OBJECTID": 7, "ID": 0, "TAHUN": 1994, "DATE": "1994-01-01", "NAMA_TITIK": "T41", "ZONA": "SEL TIMUR", "SHAPE_LENG": 206.121584101, "TRANSECTID": 45, "TRANSORDER": 45, "SHORELINEI": "1994-01-01", "BASELINEID": 1, "DISTANCE": 337.87, "INTERSECTX": 297870.05443100003, "INTERSECTY": 9242515.1517600007, "UNCERTAINT": 10, "NAMA_TITI2": "T41", "D_TAHUN": 0.0, "LRR": -2.12, "SKOR_SHORE": 5, "RASTERVALU": 9.05717, "SKOR_SLOPE": 2, "RASTERVA_1": -1.62402, "SKOR_ELEV": 5, "GEOM_LAP": "Tambak", "SKOR_GEOM": 5, "KATEGORI": "Abrasi Tinggi", "GELOMBANG": 0.24536304088199801, "PASUT": 0.824, "SLR": 4.69, "SKOR_GEL": 2, "SKOR_PASUT": 5, "SKOR_SLR": 5, "CVI": 68.465319688150004, "KELAS_CVI": 4, "KELAS_CV_1": "Tinggi", "LAHAN": "Tambak", "JENIS": "Natural", "SKOR_LAHAN": 3, "DELTA_D": 16.22, "D_MEAN": 3.135625, "D_MEDIAN": -0.265, "TSS_MIN_MG": 0.0, "TSS_RATA_R": 0.0, "TSS_MEDIAN": 0.0, "TSS_MAKS_M": 0.0, "TSS_STDDEV": 0.0, "HS": 0.245363041, "MWP_MEAN_S": 3.6365, "MWD_CIRCUL": 33.37, "JARAK_MUAR": 936.29342666807304, "NAMA_SUNGA": "Kali Ketiwon", "MUARA_ID": "M5", "RESPON": "Stabil", "TSS__BATAS": 30.4, "PROKSI_NER": null }, "geometry": { "type": "MultiLineString", "coordinates": [ [ [ 109.170842923752815, -6.849394110073314 ], [ 109.170761697910848, -6.849327876489493 ], [ 109.169881457728508, -6.84861011184681 ], [ 109.16961582775798, -6.848393510886833 ], [ 109.16952026782856, -6.848393354880388 ], [ 109.169408927502957, -6.848393172200417 ], [ 109.169394184713241, -6.848393147689404 ], [ 109.169334866172846, -6.848393050125895 ] ] ] } },
{ "type": "Feature", "properties": { "OBJECTID_1": 381, "OBJECTID": 7, "ID": 0, "TAHUN": 1994, "DATE": "1994-01-01", "NAMA_TITIK": "T51", "ZONA": "SEL BARAT", "SHAPE_LENG": 200.000339806, "TRANSECTID": 20, "TRANSORDER": 20, "SHORELINEI": "1994-01-01", "BASELINEID": 1, "DISTANCE": 260.45, "INTERSECTX": 292992.00315900001, "INTERSECTY": 9242630.9427300002, "UNCERTAINT": 10, "NAMA_TITI2": "T51", "D_TAHUN": 0.0, "LRR": 0.72, "SKOR_SHORE": 3, "RASTERVALU": 2.59289, "SKOR_SLOPE": 4, "RASTERVA_1": -2.65623, "SKOR_ELEV": 5, "GEOM_LAP": "Aluvial", "SKOR_GEOM": 4, "KATEGORI": "Stabil", "GELOMBANG": 0.24536304088199801, "PASUT": 0.824, "SLR": 4.69, "SKOR_GEL": 2, "SKOR_PASUT": 5, "SKOR_SLR": 5, "CVI": 77.45966692415, "KELAS_CVI": 5, "KELAS_CV_1": "Sangat Tinggi", "LAHAN": "Muara", "JENIS": "Natural", "SKOR_LAHAN": 4, "DELTA_D": -17.58, "D_MEAN": -7.81, "D_MEDIAN": -3.705, "TSS_MIN_MG": 0.0, "TSS_RATA_R": 0.0, "TSS_MEDIAN": 0.0, "TSS_MAKS_M": 0.0, "TSS_STDDEV": 0.0, "HS": 0.245363041, "MWP_MEAN_S": 3.6365, "MWD_CIRCUL": 33.37, "JARAK_MUAR": 19.716633507029201, "NAMA_SUNGA": "Kali Sibelis", "MUARA_ID": "M3", "RESPON": "Abrasi", "TSS__BATAS": 30.4, "PROKSI_NER": null }, "geometry": { "type": "MultiLineString", "coordinates": [ [ [ 109.126719379203493, -6.848177223304219 ], [ 109.126714932824413, -6.84817657669899 ], [ 109.126691723600985, -6.848173199722669 ], [ 109.126543090020917, -6.848151572215105 ], [ 109.126480898612442, -6.848142522655309 ], [ 109.126470651514211, -6.848141031581531 ], [ 109.12639524846044, -6.848130059864743 ], [ 109.12637586631277, -6.848127239367443 ], [ 109.126373571699347, -6.848126905839505 ], [ 109.126356873830275, -6.848124476444564 ], [ 109.126258296836539, -6.848110132373832 ], [ 109.126023479794029, -6.848075964768516 ], [ 109.125140767409704, -6.847947521779859 ], [ 109.124929033273744, -6.847916712150647 ] ] ] } },
{ "type": "Feature", "properties": { "OBJECTID_1": 407, "OBJECTID": 7, "ID": 0, "TAHUN": 1994, "DATE": "1994-01-01", "NAMA_TITIK": "T39", "ZONA": "SEL TIMUR", "SHAPE_LENG": 203.39567635700001, "TRANSECTID": 43, "TRANSORDER": 43, "SHORELINEI": "1994-01-01", "BASELINEID": 1, "DISTANCE": 404.16, "INTERSECTX": 297563.02923799999, "INTERSECTY": 9242779.9718399998, "UNCERTAINT": 10, "NAMA_TITI2": "T39", "D_TAHUN": 0.0, "LRR": -3.6, "SKOR_SHORE": 5, "RASTERVALU": 0.000339, "SKOR_SLOPE": 5, "RASTERVA_1": -2.9425, "SKOR_ELEV": 5, "GEOM_LAP": "Pasir_Halus", "SKOR_GEOM": 3, "KATEGORI": "Abrasi Tinggi", "GELOMBANG": 0.24536304088199801, "PASUT": 0.824, "SLR": 4.69, "SKOR_GEL": 2, "SKOR_PASUT": 5, "SKOR_SLR": 5, "CVI": 68.465319688150004, "KELAS_CVI": 4, "KELAS_CV_1": "Tinggi", "LAHAN": "Pantai", "JENIS": "Natural", "SKOR_LAHAN": 2, "DELTA_D": 11.34, "D_MEAN": 3.135625, "D_MEDIAN": -0.265, "TSS_MIN_MG": 0.0, "TSS_RATA_R": 0.0, "TSS_MEDIAN": 0.0, "TSS_MAKS_M": 0.0, "TSS_STDDEV": 0.0, "HS": 0.245363041, "MWP_MEAN_S": 3.6365, "MWD_CIRCUL": 33.37, "JARAK_MUAR": 535.47677602736997, "NAMA_SUNGA": "Kali Ketiwon", "MUARA_ID": "M5", "RESPON": "Stabil", "TSS__BATAS": 30.4, "PROKSI_NER": null }, "geometry": { "type": "MultiLineString", "coordinates": [ [ [ 109.168074628446305, -6.846989193378567 ], [ 109.167829403332874, -6.846693176766043 ], [ 109.167778136379795, -6.846631887955644 ], [ 109.167743341692471, -6.846591757552707 ], [ 109.167725557230085, -6.84657215018345 ], [ 109.167707361116555, -6.846553028581646 ], [ 109.167688593407391, -6.846534583817323 ], [ 109.167669038734715, -6.846517070039807 ], [ 109.167661547655726, -6.846511093084584 ], [ 109.167648293513693, -6.846500518260043 ], [ 109.167626746793204, -6.846484913686101 ], [ 109.167604619389564, -6.846469996764442 ], [ 109.167559245030105, -6.846441485943446 ], [ 109.167513049184379, -6.846413945757418 ], [ 109.167268223078707, -6.846271913555854 ], [ 109.167070197797386, -6.846157032295384 ], [ 109.166702323987394, -6.845942473633097 ], [ 109.166623100841178, -6.845896267858762 ] ] ] } },
{ "type": "Feature", "properties": { "OBJECTID_1": 408, "OBJECTID": 7, "ID": 0, "TAHUN": 1994, "DATE": "1994-01-01", "NAMA_TITIK": "T40", "ZONA": "SEL TIMUR", "SHAPE_LENG": 218.92653409299999, "TRANSECTID": 44, "TRANSORDER": 44, "SHORELINEI": "1994-01-01", "BASELINEID": 1, "DISTANCE": 344.86, "INTERSECTX": 297702.92983400001, "INTERSECTY": 9242625.2348999996, "UNCERTAINT": 10, "NAMA_TITI2": "T40", "D_TAHUN": 0.0, "LRR": -2.39, "SKOR_SHORE": 5, "RASTERVALU": 1.31742, "SKOR_SLOPE": 5, "RASTERVA_1": -2.87668, "SKOR_ELEV": 5, "GEOM_LAP": "Tambak", "SKOR_GEOM": 5, "KATEGORI": "Abrasi Tinggi", "GELOMBANG": 0.24536304088199801, "PASUT": 0.824, "SLR": 4.69, "SKOR_GEL": 2, "SKOR_PASUT": 5, "SKOR_SLR": 5, "CVI": 108.25317547305001, "KELAS_CVI": 5, "KELAS_CV_1": "Sangat Tinggi", "LAHAN": "Tambak", "JENIS": "Natural", "SKOR_LAHAN": 3, "DELTA_D": -14.47, "D_MEAN": 3.135625, "D_MEDIAN": -0.265, "TSS_MIN_MG": 0.0, "TSS_RATA_R": 0.0, "TSS_MEDIAN": 0.0, "TSS_MAKS_M": 0.0, "TSS_STDDEV": 0.0, "HS": 0.245363041, "MWP_MEAN_S": 3.6365, "MWD_CIRCUL": 33.37, "JARAK_MUAR": 727.664323427044, "NAMA_SUNGA": "Kali Ketiwon", "MUARA_ID": "M5", "RESPON": "Stabil", "TSS__BATAS": 30.4, "PROKSI_NER": null }, "geometry": { "type": "MultiLineString", "coordinates": [ [ [ 109.169334866172846, -6.848393050125895 ], [ 109.169334596591256, -6.848393050003152 ], [ 109.169286283806045, -6.848392970848787 ], [ 109.169205845730374, -6.848392838025608 ], [ 109.16917953534788, -6.848393285711362 ], [ 109.169154086906445, -6.848394254757551 ], [ 109.169144651630774, -6.848394941229246 ], [ 109.169129929085429, -6.848396013521771 ], [ 109.16910765211955, -6.848398928625484 ], [ 109.169105401871462, -6.848395241968562 ], [ 109.168934444271358, -6.848115147589297 ], [ 109.168855695589542, -6.84798612728669 ], [ 109.168756060050512, -6.847822885779915 ], [ 109.168717056144075, -6.847758981914111 ], [ 109.168579347132408, -6.847594828610913 ], [ 109.168351342342191, -6.847321268095771 ], [ 109.168341318724273, -6.847309241772178 ], [ 109.168084489681888, -6.847001097929423 ], [ 109.168074628446305, -6.846989193378567 ] ] ] } },
{ "type": "Feature", "properties": { "OBJECTID_1": 420, "OBJECTID": 7, "ID": 0, "TAHUN": 1994, "DATE": "1994-01-01", "NAMA_TITIK": "T38", "ZONA": "SEL TIMUR", "SHAPE_LENG": 167.51848264500001, "TRANSECTID": 42, "TRANSORDER": 42, "SHORELINEI": "1994-01-01", "BASELINEID": 1, "DISTANCE": 423.08, "INTERSECTX": 297402.11330500001, "INTERSECTY": 9242900.2386600003, "UNCERTAINT": 10, "NAMA_TITI2": "T38", "D_TAHUN": 0.0, "LRR": -4.04, "SKOR_SHORE": 5, "RASTERVALU": 0.000344, "SKOR_SLOPE": 5, "RASTERVA_1": -2.94192, "SKOR_ELEV": 5, "GEOM_LAP": "Pasir_Halus", "SKOR_GEOM": 3, "KATEGORI": "Abrasi Tinggi", "GELOMBANG": 0.24536304088199801, "PASUT": 0.824, "SLR": 4.69, "SKOR_GEL": 2, "SKOR_PASUT": 5, "SKOR_SLR": 5, "CVI": 68.465319688150004, "KELAS_CVI": 4, "KELAS_CV_1": "Tinggi", "LAHAN": "Pantai", "JENIS": "Natural", "SKOR_LAHAN": 2, "DELTA_D": 14.79, "D_MEAN": 3.135625, "D_MEDIAN": -0.265, "TSS_MIN_MG": 0.0, "TSS_RATA_R": 0.0, "TSS_MEDIAN": 0.0, "TSS_MAKS_M": 0.0, "TSS_STDDEV": 0.0, "HS": 0.245363041, "MWP_MEAN_S": 3.6365, "MWD_CIRCUL": 33.37, "JARAK_MUAR": 355.43647958132902, "NAMA_SUNGA": "Kali Ketiwon", "MUARA_ID": "M5", "RESPON": "Stabil", "TSS__BATAS": 30.4, "PROKSI_NER": null }, "geometry": { "type": "MultiLineString", "coordinates": [ [ [ 109.166623100841178, -6.845896267858762 ], [ 109.16531424350643, -6.84513288929118 ] ] ] } },
{ "type": "Feature", "properties": { "OBJECTID_1": 424, "OBJECTID": 7, "ID": 0, "TAHUN": 1994, "DATE": "1994-01-01", "NAMA_TITIK": "T37", "ZONA": "SEL TIMUR", "SHAPE_LENG": 211.21096366699999, "TRANSECTID": 41, "TRANSORDER": 41, "SHORELINEI": "1994-01-01", "BASELINEID": 1, "DISTANCE": 417.29, "INTERSECTX": 297257.10695099999, "INTERSECTY": 9242984.1170199998, "UNCERTAINT": 10, "NAMA_TITI2": "T37", "D_TAHUN": 0.0, "LRR": -4.54, "SKOR_SHORE": 5, "RASTERVALU": 0.000345, "SKOR_SLOPE": 5, "RASTERVA_1": -2.94128, "SKOR_ELEV": 5, "GEOM_LAP": "Pasir_Halus", "SKOR_GEOM": 3, "KATEGORI": "Abrasi Tinggi", "GELOMBANG": 0.24536304088199801, "PASUT": 0.824, "SLR": 4.69, "SKOR_GEL": 2, "SKOR_PASUT": 5, "SKOR_SLR": 5, "CVI": 68.465319688150004, "KELAS_CVI": 4, "KELAS_CV_1": "Tinggi", "LAHAN": "Pantai", "JENIS": "Natural", "SKOR_LAHAN": 2, "DELTA_D": 10.28, "D_MEAN": 3.135625, "D_MEDIAN": -0.265, "TSS_MIN_MG": 0.0, "TSS_RATA_R": 0.0, "TSS_MEDIAN": 0.0, "TSS_MAKS_M": 0.0, "TSS_STDDEV": 0.0, "HS": 0.245363041, "MWP_MEAN_S": 3.6365, "MWD_CIRCUL": 33.37, "JARAK_MUAR": 155.29372815372599, "NAMA_SUNGA": "Kali Ketiwon", "MUARA_ID": "M5", "RESPON": "Stabil", "TSS__BATAS": 30.4, "PROKSI_NER": null }, "geometry": { "type": "MultiLineString", "coordinates": [ [ [ 109.16531424350643, -6.84513288929118 ], [ 109.165120376396871, -6.845019818068854 ], [ 109.165022695061637, -6.844962846496184 ], [ 109.164859538009537, -6.844868122746453 ], [ 109.164722045004083, -6.844788878287177 ], [ 109.164666058701599, -6.844756610723475 ], [ 109.164626350633313, -6.84473372434709 ], [ 109.164602435167993, -6.844719940637775 ], [ 109.164599151708785, -6.844717957061146 ], [ 109.164556529008337, -6.844692210583832 ], [ 109.164534071174202, -6.844677882713923 ], [ 109.164512152631602, -6.844663046962222 ], [ 109.164496317308959, -6.844651395333564 ], [ 109.164491007596965, -6.844647488131411 ], [ 109.164470944762272, -6.844630913551781 ], [ 109.164452375396891, -6.844612937817918 ], [ 109.164435723613735, -6.844593365444651 ], [ 109.164420550770501, -6.844572406328369 ], [ 109.164406452862252, -6.844550438669291 ], [ 109.164394650949177, -6.844530352265907 ], [ 109.164393123019977, -6.844527751527638 ], [ 109.164384517639903, -6.844511800242808 ], [ 109.164371120021102, -6.844486964586017 ], [ 109.164367912317573, -6.844481018415738 ], [ 109.16436036710688, -6.844466028671008 ], [ 109.164331816702784, -6.84440930643792 ], [ 109.164259363765694, -6.844261935780087 ], [ 109.164237092169486, -6.844216636113104 ], [ 109.164174742647404, -6.844090677185184 ], [ 109.164157700774965, -6.84405624997396 ], [ 109.16410622956748, -6.843952267210209 ], [ 109.164102529470796, -6.843944737804915 ], [ 109.164074580363163, -6.843887865066056 ], [ 109.164040240029436, -6.843817985264087 ], [ 109.164038537191303, -6.843814521300642 ], [ 109.164037732007387, -6.843812881718537 ] ] ] } },
{ "type": "Feature", "properties": { "OBJECTID_1": 435, "OBJECTID": 7, "ID": 0, "TAHUN": 1994, "DATE": "1994-01-01", "NAMA_TITIK": "T05", "ZONA": "SEL BARAT", "SHAPE_LENG": 200.11477359899999, "TRANSECTID": 6, "TRANSORDER": 6, "SHORELINEI": "1994-01-01", "BASELINEID": 1, "DISTANCE": 349.68, "INTERSECTX": 290421.42054800002, "INTERSECTY": 9243578.9729699995, "UNCERTAINT": 10, "NAMA_TITI2": "T05", "D_TAHUN": 0.0, "LRR": -1.47, "SKOR_SHORE": 4, "RASTERVALU": 6.15341, "SKOR_SLOPE": 3, "RASTERVA_1": -2.46219, "SKOR_ELEV": 5, "GEOM_LAP": "Pasir_Halus", "SKOR_GEOM": 3, "KATEGORI": "Abrasi Sedang", "GELOMBANG": 0.24536304088199801, "PASUT": 0.824, "SLR": 4.69, "SKOR_GEL": 2, "SKOR_PASUT": 5, "SKOR_SLR": 5, "CVI": 67.082039324990006, "KELAS_CVI": 4, "KELAS_CV_1": "Tinggi", "LAHAN": "Muara", "JENIS": "Natural", "SKOR_LAHAN": 4, "DELTA_D": -0.079999999999984001, "D_MEAN": -7.81, "D_MEDIAN": -3.705, "TSS_MIN_MG": 0.0, "TSS_RATA_R": 0.0, "TSS_MEDIAN": 0.0, "TSS_MAKS_M": 0.0, "TSS_STDDEV": 0.0, "HS": 0.245363041, "MWP_MEAN_S": 3.6365, "MWD_CIRCUL": 33.37, "JARAK_MUAR": 4.2768385923696401, "NAMA_SUNGA": "KaliGangsa", "MUARA_ID": "M1", "RESPON": "Abrasi", "TSS__BATAS": 30.4, "PROKSI_NER": null }, "geometry": { "type": "MultiLineString", "coordinates": [ [ [ 109.103499826949033, -6.839514848096101 ], [ 109.1033749677228, -6.839474919261943 ], [ 109.103142197134332, -6.839400479793375 ], [ 109.102285828949448, -6.839126616707489 ], [ 109.1019966874332, -6.839034149692528 ], [ 109.101902906172384, -6.839004159115445 ], [ 109.101771739386962, -6.838979183562879 ] ] ] } },
{ "type": "Feature", "properties": { "OBJECTID_1": 439, "OBJECTID": 7, "ID": 0, "TAHUN": 1994, "DATE": "1994-01-01", "NAMA_TITIK": "T03", "ZONA": "SEL BARAT", "SHAPE_LENG": 199.999836268, "TRANSECTID": 3, "TRANSORDER": 3, "SHORELINEI": "1994-01-01", "BASELINEID": 1, "DISTANCE": 318.59, "INTERSECTX": 289952.67895799997, "INTERSECTY": 9243749.4806999993, "UNCERTAINT": 10, "NAMA_TITI2": "T03", "D_TAHUN": 0.0, "LRR": -3.26, "SKOR_SHORE": 5, "RASTERVALU": 6.99672, "SKOR_SLOPE": 3, "RASTERVA_1": -1.58426, "SKOR_ELEV": 5, "GEOM_LAP": "Pasir_Halus", "SKOR_GEOM": 3, "KATEGORI": "Abrasi Tinggi", "GELOMBANG": 0.24536304088199801, "PASUT": 0.824, "SLR": 4.69, "SKOR_GEL": 2, "SKOR_PASUT": 5, "SKOR_SLR": 5, "CVI": 53.03300858899, "KELAS_CVI": 4, "KELAS_CV_1": "Tinggi", "LAHAN": "Pantai", "JENIS": "Natural", "SKOR_LAHAN": 2, "DELTA_D": -3.47, "D_MEAN": -7.81, "D_MEDIAN": -3.705, "TSS_MIN_MG": 0.0, "TSS_RATA_R": 0.0, "TSS_MEDIAN": 0.0, "TSS_MAKS_M": 0.0, "TSS_STDDEV": 0.0, "HS": 0.245363041, "MWP_MEAN_S": 3.6365, "MWD_CIRCUL": 33.37, "JARAK_MUAR": 387.64661320961198, "NAMA_SUNGA": "KaliGangsa", "MUARA_ID": "M1", "RESPON": "Abrasi", "TSS__BATAS": 30.4, "PROKSI_NER": null }, "geometry": { "type": "MultiLineString", "coordinates": [ [ [ 109.099265811975911, -6.837956554265106 ], [ 109.099240069231257, -6.837938738262084 ], [ 109.099009374258344, -6.837779075287334 ], [ 109.098936976018308, -6.837728968047492 ], [ 109.098911448005126, -6.837711300252323 ], [ 109.098562123636569, -6.837469533265339 ], [ 109.098458136228231, -6.837397563543812 ], [ 109.098271299794135, -6.837268254787706 ], [ 109.097778447630944, -6.836927152105937 ] ] ] } },
{ "type": "Feature", "properties": { "OBJECTID_1": 441, "OBJECTID": 7, "ID": 0, "TAHUN": 1994, "DATE": "1994-01-01", "NAMA_TITIK": "T04", "ZONA": "SEL BARAT", "SHAPE_LENG": 205.056021883, "TRANSECTID": 4, "TRANSORDER": 4, "SHORELINEI": "1994-01-01", "BASELINEID": 1, "DISTANCE": 342.48, "INTERSECTX": 290131.06209899997, "INTERSECTY": 9243655.9393000007, "UNCERTAINT": 10, "NAMA_TITI2": "T04", "D_TAHUN": 0.0, "LRR": -3.32, "SKOR_SHORE": 5, "RASTERVALU": 6.89058, "SKOR_SLOPE": 3, "RASTERVA_1": -2.22393, "SKOR_ELEV": 5, "GEOM_LAP": "Pasir_Halus", "SKOR_GEOM": 3, "KATEGORI": "Abrasi Tinggi", "GELOMBANG": 0.24536304088199801, "PASUT": 0.824, "SLR": 4.69, "SKOR_GEL": 2, "SKOR_PASUT": 5, "SKOR_SLR": 5, "CVI": 53.03300858899, "KELAS_CVI": 4, "KELAS_CV_1": "Tinggi", "LAHAN": "Pantai", "JENIS": "Natural", "SKOR_LAHAN": 2, "DELTA_D": -1.94, "D_MEAN": -7.81, "D_MEDIAN": -3.705, "TSS_MIN_MG": 0.0, "TSS_RATA_R": 0.0, "TSS_MEDIAN": 0.0, "TSS_MAKS_M": 0.0, "TSS_STDDEV": 0.0, "HS": 0.245363041, "MWP_MEAN_S": 3.6365, "MWD_CIRCUL": 33.37, "JARAK_MUAR": 191.803552089433, "NAMA_SUNGA": "KaliGangsa", "MUARA_ID": "M1", "RESPON": "Abrasi", "TSS__BATAS": 30.4, "PROKSI_NER": null }, "geometry": { "type": "MultiLineString", "coordinates": [ [ [ 109.100876071657837, -6.838808634975695 ], [ 109.100839075714504, -6.83880159056704 ], [ 109.100777221474317, -6.838789812647256 ], [ 109.100751594855353, -6.838784933254909 ], [ 109.100653277995974, -6.83876621155709 ], [ 109.10064941922559, -6.838765476650718 ], [ 109.100584475453076, -6.838753110592822 ], [ 109.100572925354172, -6.838750911400296 ], [ 109.100567481134846, -6.838749874589634 ], [ 109.100474572360596, -6.838732183198227 ], [ 109.100467565289264, -6.838730849092327 ], [ 109.100412374667499, -6.838720339688396 ], [ 109.100353087553941, -6.838709050130227 ], [ 109.100030431763003, -6.838485742647848 ], [ 109.099771726405905, -6.83830669447036 ], [ 109.099678619014284, -6.838242255762155 ], [ 109.099606503883038, -6.838192344992952 ], [ 109.099571917671852, -6.838168408477548 ], [ 109.099407546851225, -6.838054648187095 ], [ 109.099265811975911, -6.837956554265106 ] ] ] } },
{ "type": "Feature", "properties": { "OBJECTID_1": 442, "OBJECTID": 7, "ID": 0, "TAHUN": 1994, "DATE": "1994-01-01", "NAMA_TITIK": "T44", "ZONA": "SEL BARAT", "SHAPE_LENG": 100.795790067, "TRANSECTID": 5, "TRANSORDER": 5, "SHORELINEI": "1994-01-01", "BASELINEID": 1, "DISTANCE": 347.3, "INTERSECTX": 290230.15067, "INTERSECTY": 9243637.4666399993, "UNCERTAINT": 10, "NAMA_TITI2": "T44", "D_TAHUN": 0.0, "LRR": -2.33, "SKOR_SHORE": 5, "RASTERVALU": 0.013365, "SKOR_SLOPE": 5, "RASTERVA_1": -2.91714, "SKOR_ELEV": 5, "GEOM_LAP": "Aluvial", "SKOR_GEOM": 4, "KATEGORI": "Abrasi Tinggi", "GELOMBANG": 0.24536304088199801, "PASUT": 0.824, "SLR": 4.69, "SKOR_GEL": 2, "SKOR_PASUT": 5, "SKOR_SLR": 5, "CVI": 111.80339887498999, "KELAS_CVI": 5, "KELAS_CV_1": "Sangat Tinggi", "LAHAN": "Muara", "JENIS": "Natural", "SKOR_LAHAN": 4, "DELTA_D": -3.94, "D_MEAN": -7.81, "D_MEDIAN": -3.705, "TSS_MIN_MG": 0.0, "TSS_RATA_R": 0.0, "TSS_MEDIAN": 0.0, "TSS_MAKS_M": 0.0, "TSS_STDDEV": 0.0, "HS": 0.245363041, "MWP_MEAN_S": 3.6365, "MWD_CIRCUL": 33.37, "JARAK_MUAR": 61.827697463302599, "NAMA_SUNGA": "KaliGangsa", "MUARA_ID": "M1", "RESPON": "Abrasi", "TSS__BATAS": 30.4, "PROKSI_NER": null }, "geometry": { "type": "MultiLineString", "coordinates": [ [ [ 109.101771739386962, -6.838979183562879 ], [ 109.100876071657837, -6.838808634975695 ] ] ] } },
{ "type": "Feature", "properties": { "OBJECTID_1": 443, "OBJECTID": 7, "ID": 0, "TAHUN": 1994, "DATE": "1994-01-01", "NAMA_TITIK": "T02", "ZONA": "SEL BARAT", "SHAPE_LENG": 200.02393691200001, "TRANSECTID": 2, "TRANSORDER": 2, "SHORELINEI": "1994-01-01", "BASELINEID": 1, "DISTANCE": 318.56, "INTERSECTX": 289787.80309499998, "INTERSECTY": 9243862.6882600002, "UNCERTAINT": 10, "NAMA_TITI2": "T02", "D_TAHUN": 0.0, "LRR": -2.19, "SKOR_SHORE": 5, "RASTERVALU": 6.56471, "SKOR_SLOPE": 3, "RASTERVA_1": -1.78074, "SKOR_ELEV": 5, "GEOM_LAP": "Pasir_Halus", "SKOR_GEOM": 3, "KATEGORI": "Abrasi Tinggi", "GELOMBANG": 0.24536304088199801, "PASUT": 0.824, "SLR": 4.69, "SKOR_GEL": 2, "SKOR_PASUT": 5, "SKOR_SLR": 5, "CVI": 53.03300858899, "KELAS_CVI": 4, "KELAS_CV_1": "Tinggi", "LAHAN": "Pantai", "JENIS": "Natural", "SKOR_LAHAN": 2, "DELTA_D": -7.37, "D_MEAN": -7.81, "D_MEDIAN": -3.705, "TSS_MIN_MG": 0.0, "TSS_RATA_R": 0.0, "TSS_MEDIAN": 0.0, "TSS_MAKS_M": 0.0, "TSS_STDDEV": 0.0, "HS": 0.245363041, "MWP_MEAN_S": 3.6365, "MWD_CIRCUL": 33.37, "JARAK_MUAR": 579.82548354246296, "NAMA_SUNGA": "KaliGangsa", "MUARA_ID": "M1", "RESPON": "Abrasi", "TSS__BATAS": 30.4, "PROKSI_NER": null }, "geometry": { "type": "MultiLineString", "coordinates": [ [ [ 109.097778447630944, -6.836927152105937 ], [ 109.097606479274475, -6.83680813290604 ], [ 109.097509799701683, -6.836738824718175 ], [ 109.09739397295958, -6.836655789612679 ], [ 109.097237896295113, -6.836543899701066 ], [ 109.096780936602826, -6.836216310103787 ], [ 109.09670028977402, -6.836158495918276 ], [ 109.096653429891816, -6.836124901817864 ], [ 109.096306184391182, -6.835875963351863 ] ] ] } },
{ "type": "Feature", "properties": { "OBJECTID_1": 444, "OBJECTID": 7, "ID": 0, "TAHUN": 1994, "DATE": "1994-01-01", "NAMA_TITIK": "T01", "ZONA": "SEL BARAT", "SHAPE_LENG": 56.071241178599998, "TRANSECTID": 1, "TRANSORDER": 1, "SHORELINEI": "1994-01-01", "BASELINEID": 1, "DISTANCE": 321.47, "INTERSECTX": 289624.58655499999, "INTERSECTY": 9243978.3117299993, "UNCERTAINT": 10, "NAMA_TITI2": "T01", "D_TAHUN": 0.0, "LRR": -0.96, "SKOR_SHORE": 3, "RASTERVALU": 0.111227, "SKOR_SLOPE": 5, "RASTERVA_1": -2.91494, "SKOR_ELEV": 5, "GEOM_LAP": "Pasir_Halus", "SKOR_GEOM": 3, "KATEGORI": "Stabil", "GELOMBANG": 0.24536304088199801, "PASUT": 0.824, "SLR": 4.69, "SKOR_GEL": 2, "SKOR_PASUT": 5, "SKOR_SLR": 5, "CVI": 53.03300858899, "KELAS_CVI": 4, "KELAS_CV_1": "Tinggi", "LAHAN": "Pantai", "JENIS": "Natural", "SKOR_LAHAN": 2, "DELTA_D": 11.05, "D_MEAN": -7.81, "D_MEDIAN": -3.705, "TSS_MIN_MG": 0.0, "TSS_RATA_R": 0.0, "TSS_MEDIAN": 0.0, "TSS_MAKS_M": 0.0, "TSS_STDDEV": 0.0, "HS": 0.245363041, "MWP_MEAN_S": 3.6365, "MWD_CIRCUL": 33.37, "JARAK_MUAR": 778.10088489128304, "NAMA_SUNGA": "KaliGangsa", "MUARA_ID": "M1", "RESPON": "Abrasi", "TSS__BATAS": 30.4, "PROKSI_NER": null }, "geometry": { "type": "MultiLineString", "coordinates": [ [ [ 109.096306184391182, -6.835875963351863 ], [ 109.096110395163791, -6.835735602939875 ], [ 109.095954514888334, -6.835623853684908 ], [ 109.09590774441773, -6.835590324085264 ], [ 109.095894036468906, -6.835580497303321 ] ] ] } },
{ "type": "Feature", "properties": { "OBJECTID_1": 449, "OBJECTID": 8, "ID": 0, "TAHUN": 1995, "DATE": "1995-01-01", "NAMA_TITIK": "T42", "ZONA": "SEL TIMUR", "SHAPE_LENG": 213.04679090900001, "TRANSECTID": 46, "TRANSORDER": 46, "SHORELINEI": "1995-01-01", "BASELINEID": 1, "DISTANCE": 290.99, "INTERSECTX": 298024.10850099998, "INTERSECTY": 9242363.0727900006, "UNCERTAINT": 10, "NAMA_TITI2": "T42", "D_TAHUN": 0.0, "LRR": -1.48, "SKOR_SHORE": 4, "RASTERVALU": 10.6361, "SKOR_SLOPE": 2, "RASTERVA_1": -1.41562, "SKOR_ELEV": 5, "GEOM_LAP": "Tambak", "SKOR_GEOM": 5, "KATEGORI": "Abrasi Sedang", "GELOMBANG": 0.28269827891798499, "PASUT": 0.855, "SLR": 4.69, "SKOR_GEL": 5, "SKOR_PASUT": 4, "SKOR_SLR": 5, "CVI": 86.602540378439997, "KELAS_CVI": 5, "KELAS_CV_1": "Sangat Tinggi", "LAHAN": "Tambak", "JENIS": "Natural", "SKOR_LAHAN": 3, "DELTA_D": -46.88, "D_MEAN": -6.9277777777777798, "D_MEDIAN": -8.32, "TSS_MIN_MG": 14.3, "TSS_RATA_R": 38.1, "TSS_MEDIAN": 27.9, "TSS_MAKS_M": 181.2, "TSS_STDDEV": 24.2, "HS": 0.282698279, "MWP_MEAN_S": 3.8125, "MWD_CIRCUL": 26.63, "JARAK_MUAR": 1130.0451134499999, "NAMA_SUNGA": "Kali Ketiwon", "MUARA_ID": "M5", "RESPON": "Abrasi", "TSS__BATAS": 30.4, "PROKSI_NER": "Defisit/Erosi" }, "geometry": { "type": "MultiLineString", "coordinates": [ [ [ 109.17223547281813, -6.850777787729686 ], [ 109.170736687815491, -6.84956678552918 ] ] ] } },
{ "type": "Feature", "properties": { "OBJECTID_1": 450, "OBJECTID": 8, "ID": 0, "TAHUN": 1995, "DATE": "1995-01-01", "NAMA_TITIK": "T51", "ZONA": "SEL BARAT", "SHAPE_LENG": 200.186198284, "TRANSECTID": 20, "TRANSORDER": 20, "SHORELINEI": "1995-01-01", "BASELINEID": 1, "DISTANCE": 233.06, "INTERSECTX": 292988.23418299999, "INTERSECTY": 9242603.8180599995, "UNCERTAINT": 10, "NAMA_TITI2": "T51", "D_TAHUN": 0.0, "LRR": 0.72, "SKOR_SHORE": 3, "RASTERVALU": 2.59289, "SKOR_SLOPE": 4, "RASTERVA_1": -2.65623, "SKOR_ELEV": 5, "GEOM_LAP": "Aluvial", "SKOR_GEOM": 4, "KATEGORI": "Stabil", "GELOMBANG": 0.28269827891798499, "PASUT": 0.855, "SLR": 4.69, "SKOR_GEL": 5, "SKOR_PASUT": 4, "SKOR_SLR": 5, "CVI": 109.54451150103, "KELAS_CVI": 5, "KELAS_CV_1": "Sangat Tinggi", "LAHAN": "Muara", "JENIS": "Natural", "SKOR_LAHAN": 4, "DELTA_D": -27.39, "D_MEAN": -7.463, "D_MEDIAN": -7.43, "TSS_MIN_MG": 17.5, "TSS_RATA_R": 30.7, "TSS_MEDIAN": 28.7, "TSS_MAKS_M": 71.4, "TSS_STDDEV": 9.8, "HS": 0.282698279, "MWP_MEAN_S": 3.8125, "MWD_CIRCUL": 26.63, "JARAK_MUAR": 19.716633507029201, "NAMA_SUNGA": "Kali Sibelis", "MUARA_ID": "M3", "RESPON": "Abrasi", "TSS__BATAS": 30.4, "PROKSI_NER": "Defisit/Erosi" }, "geometry": { "type": "MultiLineString", "coordinates": [ [ [ 109.1266843313972, -6.848422329058129 ], [ 109.126598872472229, -6.848406050705 ], [ 109.126524308797826, -6.848391848198454 ], [ 109.126522470173228, -6.84839149836588 ], [ 109.126519793592337, -6.848390988852268 ], [ 109.126472604074806, -6.848382000478091 ], [ 109.126456120646168, -6.848378861274559 ], [ 109.126453475705432, -6.848378357308747 ], [ 109.126433726329751, -6.848374595085038 ], [ 109.126384679210844, -6.848365253179693 ], [ 109.126376542807776, -6.848363703425983 ], [ 109.126327962128769, -6.848354450130313 ], [ 109.126319748891561, -6.848352885610105 ], [ 109.126252215217875, -6.848340022365114 ], [ 109.126245913821762, -6.848338822428828 ], [ 109.126170917195708, -6.848324536813259 ], [ 109.126111805581715, -6.848313277764761 ], [ 109.126077069725682, -6.848306661525943 ], [ 109.126004955793178, -6.848292925084122 ], [ 109.125997020972306, -6.848291414084092 ], [ 109.125799524628235, -6.848253796155872 ], [ 109.125756349571148, -6.848245571992585 ], [ 109.125710611833696, -6.848236860451469 ], [ 109.125467315471283, -6.848190518858743 ], [ 109.125415730144212, -6.848180693200809 ], [ 109.125306636868785, -6.848159913018026 ], [ 109.125214713269187, -6.848149541213761 ], [ 109.125014103727963, -6.848126905820617 ], [ 109.125011191246273, -6.848126577108915 ], [ 109.124984231120322, -6.848123535317976 ], [ 109.124900802664541, -6.848114122427682 ] ] ] } },
{ "type": "Feature", "properties": { "OBJECTID_1": 458, "OBJECTID": 8, "ID": 0, "TAHUN": 1995, "DATE": "1995-01-01", "NAMA_TITIK": "T41", "ZONA": "SEL TIMUR", "SHAPE_LENG": 203.96293372900001, "TRANSECTID": 45, "TRANSORDER": 45, "SHORELINEI": "1995-01-01", "BASELINEID": 1, "DISTANCE": 315.45, "INTERSECTX": 297858.38371600001, "INTERSECTY": 9242496.0090299994, "UNCERTAINT": 10, "NAMA_TITI2": "T41", "D_TAHUN": 0.0, "LRR": -2.12, "SKOR_SHORE": 5, "RASTERVALU": 9.05717, "SKOR_SLOPE": 2, "RASTERVA_1": -1.62402, "SKOR_ELEV": 5, "GEOM_LAP": "Tambak", "SKOR_GEOM": 5, "KATEGORI": "Abrasi Tinggi", "GELOMBANG": 0.28269827891798499, "PASUT": 0.855, "SLR": 4.69, "SKOR_GEL": 5, "SKOR_PASUT": 4, "SKOR_SLR": 5, "CVI": 96.824583655189997, "KELAS_CVI": 5, "KELAS_CV_1": "Sangat Tinggi", "LAHAN": "Tambak", "JENIS": "Natural", "SKOR_LAHAN": 3, "DELTA_D": -22.42, "D_MEAN": -6.9277777777777798, "D_MEDIAN": -8.32, "TSS_MIN_MG": 14.3, "TSS_RATA_R": 38.1, "TSS_MEDIAN": 27.9, "TSS_MAKS_M": 181.2, "TSS_STDDEV": 24.2, "HS": 0.282698279, "MWP_MEAN_S": 3.8125, "MWD_CIRCUL": 26.63, "JARAK_MUAR": 936.29342666807304, "NAMA_SUNGA": "Kali Ketiwon", "MUARA_ID": "M5", "RESPON": "Abrasi", "TSS__BATAS": 30.4, "PROKSI_NER": "Defisit/Erosi" }, "geometry": { "type": "MultiLineString", "coordinates": [ [ [ 109.170736687815491, -6.84956678552918 ], [ 109.170736485799139, -6.849566622012882 ], [ 109.170723842575526, -6.849556405795971 ], [ 109.170532983956733, -6.849402193181505 ], [ 109.170427140435919, -6.849316672506479 ], [ 109.17040312563995, -6.849297268403658 ], [ 109.170277940831966, -6.849196119956235 ], [ 109.170266522355405, -6.849186893920279 ], [ 109.170061319936408, -6.849021092323561 ], [ 109.169973671643277, -6.848950272752131 ], [ 109.169666888400087, -6.84870239327394 ], [ 109.16964516599127, -6.848676354180102 ], [ 109.169417605827391, -6.848403575864388 ], [ 109.169409618202451, -6.848394000320855 ], [ 109.169408927502957, -6.848393172200417 ], [ 109.169366258085319, -6.848342024615164 ] ] ] } },
{ "type": "Feature", "properties": { "OBJECTID_1": 478, "OBJECTID": 8, "ID": 0, "TAHUN": 1995, "DATE": "1995-01-01", "NAMA_TITIK": "T39", "ZONA": "SEL TIMUR", "SHAPE_LENG": 202.05453915800001, "TRANSECTID": 43, "TRANSORDER": 43, "SHORELINEI": "1995-01-01", "BASELINEID": 1, "DISTANCE": 396.34, "INTERSECTX": 297558.96006900002, "INTERSECTY": 9242773.2974399999, "UNCERTAINT": 10, "NAMA_TITI2": "T39", "D_TAHUN": 0.0, "LRR": -3.6, "SKOR_SHORE": 5, "RASTERVALU": 0.000339, "SKOR_SLOPE": 5, "RASTERVA_1": -2.9425, "SKOR_ELEV": 5, "GEOM_LAP": "Pasir_Halus", "SKOR_GEOM": 3, "KATEGORI": "Abrasi Tinggi", "GELOMBANG": 0.28269827891798499, "PASUT": 0.855, "SLR": 4.69, "SKOR_GEL": 5, "SKOR_PASUT": 4, "SKOR_SLR": 5, "CVI": 96.824583655189997, "KELAS_CVI": 5, "KELAS_CV_1": "Sangat Tinggi", "LAHAN": "Pantai", "JENIS": "Natural", "SKOR_LAHAN": 2, "DELTA_D": -7.82000000000005, "D_MEAN": -6.9277777777777798, "D_MEDIAN": -8.32, "TSS_MIN_MG": 14.3, "TSS_RATA_R": 38.1, "TSS_MEDIAN": 27.9, "TSS_MAKS_M": 181.2, "TSS_STDDEV": 24.2, "HS": 0.282698279, "MWP_MEAN_S": 3.8125, "MWD_CIRCUL": 26.63, "JARAK_MUAR": 535.47677602736997, "NAMA_SUNGA": "Kali Ketiwon", "MUARA_ID": "M5", "RESPON": "Abrasi", "TSS__BATAS": 30.4, "PROKSI_NER": "Defisit/Erosi" }, "geometry": { "type": "MultiLineString", "coordinates": [ [ [ 109.16803758735908, -6.847049398799256 ], [ 109.167119065152505, -6.846253496073489 ], [ 109.166920139542967, -6.84610503393035 ], [ 109.166702323987394, -6.845942473633097 ], [ 109.166628547959618, -6.845887413501248 ] ] ] } },
{ "type": "Feature", "properties": { "OBJECTID_1": 479, "OBJECTID": 8, "ID": 0, "TAHUN": 1995, "DATE": "1995-01-01", "NAMA_TITIK": "T40", "ZONA": "SEL TIMUR", "SHAPE_LENG": 205.58289362299999, "TRANSECTID": 44, "TRANSORDER": 44, "SHORELINEI": "1995-01-01", "BASELINEID": 1, "DISTANCE": 351.49, "INTERSECTX": 297706.37853699998, "INTERSECTY": 9242630.8915899992, "UNCERTAINT": 10, "NAMA_TITI2": "T40", "D_TAHUN": 0.0, "LRR": -2.39, "SKOR_SHORE": 5, "RASTERVALU": 1.31742, "SKOR_SLOPE": 5, "RASTERVA_1": -2.87668, "SKOR_ELEV": 5, "GEOM_LAP": "Tambak", "SKOR_GEOM": 5, "KATEGORI": "Abrasi Tinggi", "GELOMBANG": 0.28269827891798499, "PASUT": 0.855, "SLR": 4.69, "SKOR_GEL": 5, "SKOR_PASUT": 4, "SKOR_SLR": 5, "CVI": 153.09310892395001, "KELAS_CVI": 5, "KELAS_CV_1": "Sangat Tinggi", "LAHAN": "Tambak", "JENIS": "Natural", "SKOR_LAHAN": 3, "DELTA_D": 6.63, "D_MEAN": -6.9277777777777798, "D_MEDIAN": -8.32, "TSS_MIN_MG": 14.3, "TSS_RATA_R": 38.1, "TSS_MEDIAN": 27.9, "TSS_MAKS_M": 181.2, "TSS_STDDEV": 24.2, "HS": 0.282698279, "MWP_MEAN_S": 3.8125, "MWD_CIRCUL": 26.63, "JARAK_MUAR": 727.664323427044, "NAMA_SUNGA": "Kali Ketiwon", "MUARA_ID": "M5", "RESPON": "Abrasi", "TSS__BATAS": 30.4, "PROKSI_NER": "Defisit/Erosi" }, "geometry": { "type": "MultiLineString", "coordinates": [ [ [ 109.169366258085319, -6.848342024615164 ], [ 109.168971931793962, -6.847869340697203 ], [ 109.168940832346678, -6.847832060730743 ], [ 109.168856032429957, -6.847758581947469 ], [ 109.168751088636498, -6.847667648637861 ], [ 109.168351342342191, -6.847321268095771 ], [ 109.1683174644633, -6.8472919132482 ], [ 109.168100792398647, -6.847104166256758 ], [ 109.16803758735908, -6.847049398799256 ] ] ] } },
{ "type": "Feature", "properties": { "OBJECTID_1": 484, "OBJECTID": 8, "ID": 0, "TAHUN": 1995, "DATE": "1995-01-01", "NAMA_TITIK": "T38", "ZONA": "SEL TIMUR", "SHAPE_LENG": 166.591477457, "TRANSECTID": 42, "TRANSORDER": 42, "SHORELINEI": "1995-01-01", "BASELINEID": 1, "DISTANCE": 424.23, "INTERSECTX": 297402.71178499999, "INTERSECTY": 9242901.2203100007, "UNCERTAINT": 10, "NAMA_TITI2": "T38", "D_TAHUN": 0.0, "LRR": -4.04, "SKOR_SHORE": 5, "RASTERVALU": 0.000344, "SKOR_SLOPE": 5, "RASTERVA_1": -2.94192, "SKOR_ELEV": 5, "GEOM_LAP": "Pasir_Halus", "SKOR_GEOM": 3, "KATEGORI": "Abrasi Tinggi", "GELOMBANG": 0.28269827891798499, "PASUT": 0.855, "SLR": 4.69, "SKOR_GEL": 5, "SKOR_PASUT": 4, "SKOR_SLR": 5, "CVI": 96.824583655189997, "KELAS_CVI": 5, "KELAS_CV_1": "Sangat Tinggi", "LAHAN": "Pantai", "JENIS": "Natural", "SKOR_LAHAN": 2, "DELTA_D": 1.15, "D_MEAN": -6.9277777777777798, "D_MEDIAN": -8.32, "TSS_MIN_MG": 14.3, "TSS_RATA_R": 38.1, "TSS_MEDIAN": 27.9, "TSS_MAKS_M": 181.2, "TSS_STDDEV": 24.2, "HS": 0.282698279, "MWP_MEAN_S": 3.8125, "MWD_CIRCUL": 26.63, "JARAK_MUAR": 355.43647958132902, "NAMA_SUNGA": "Kali Ketiwon", "MUARA_ID": "M5", "RESPON": "Abrasi", "TSS__BATAS": 30.4, "PROKSI_NER": "Defisit/Erosi" }, "geometry": { "type": "MultiLineString", "coordinates": [ [ [ 109.166628547959618, -6.845887413501248 ], [ 109.166528051087482, -6.845812410806855 ], [ 109.165421028987851, -6.844986213443923 ] ] ] } },
{ "type": "Feature", "properties": { "OBJECTID_1": 491, "OBJECTID": 8, "ID": 0, "TAHUN": 1995, "DATE": "1995-01-01", "NAMA_TITIK": "T37", "ZONA": "SEL TIMUR", "SHAPE_LENG": 200.37556516199999, "TRANSECTID": 41, "TRANSORDER": 41, "SHORELINEI": "1995-01-01", "BASELINEID": 1, "DISTANCE": 437.35, "INTERSECTX": 297268.849407, "INTERSECTY": 9243000.3846799992, "UNCERTAINT": 10, "NAMA_TITI2": "T37", "D_TAHUN": 0.0, "LRR": -4.54, "SKOR_SHORE": 5, "RASTERVALU": 0.000345, "SKOR_SLOPE": 5, "RASTERVA_1": -2.94128, "SKOR_ELEV": 5, "GEOM_LAP": "Pasir_Halus", "SKOR_GEOM": 3, "KATEGORI": "Abrasi Tinggi", "GELOMBANG": 0.28269827891798499, "PASUT": 0.855, "SLR": 4.69, "SKOR_GEL": 5, "SKOR_PASUT": 4, "SKOR_SLR": 5, "CVI": 96.824583655189997, "KELAS_CVI": 5, "KELAS_CV_1": "Sangat Tinggi", "LAHAN": "Pantai", "JENIS": "Natural", "SKOR_LAHAN": 2, "DELTA_D": 20.06, "D_MEAN": -6.9277777777777798, "D_MEDIAN": -8.32, "TSS_MIN_MG": 14.3, "TSS_RATA_R": 38.1, "TSS_MEDIAN": 27.9, "TSS_MAKS_M": 181.2, "TSS_STDDEV": 24.2, "HS": 0.282698279, "MWP_MEAN_S": 3.8125, "MWD_CIRCUL": 26.63, "JARAK_MUAR": 155.29372815372599, "NAMA_SUNGA": "Kali Ketiwon", "MUARA_ID": "M5", "RESPON": "Abrasi", "TSS__BATAS": 30.4, "PROKSI_NER": "Defisit/Erosi" }, "geometry": { "type": "MultiLineString", "coordinates": [ [ [ 109.165421028987851, -6.844986213443923 ], [ 109.164521717278234, -6.844315032467289 ], [ 109.164411949799231, -6.844233109023305 ], [ 109.164364028133775, -6.844197343339418 ], [ 109.164256793847429, -6.844136914818003 ], [ 109.164174742647404, -6.844090677185184 ], [ 109.163934179465798, -6.843955115732029 ] ] ] } },
{ "type": "Feature", "properties": { "OBJECTID_1": 496, "OBJECTID": 8, "ID": 0, "TAHUN": 1995, "DATE": "1995-01-01", "NAMA_TITIK": "T05", "ZONA": "SEL BARAT", "SHAPE_LENG": 200.24078462099999, "TRANSECTID": 6, "TRANSORDER": 6, "SHORELINEI": "1995-01-01", "BASELINEID": 1, "DISTANCE": 333.74, "INTERSECTX": 290416.57661699998, "INTERSECTY": 9243563.7830400001, "UNCERTAINT": 10, "NAMA_TITI2": "T05", "D_TAHUN": 0.0, "LRR": -1.47, "SKOR_SHORE": 4, "RASTERVALU": 6.15341, "SKOR_SLOPE": 3, "RASTERVA_1": -2.46219, "SKOR_ELEV": 5, "GEOM_LAP": "Pasir_Halus", "SKOR_GEOM": 3, "KATEGORI": "Abrasi Sedang", "GELOMBANG": 0.28269827891798499, "PASUT": 0.855, "SLR": 4.69, "SKOR_GEL": 5, "SKOR_PASUT": 4, "SKOR_SLR": 5, "CVI": 94.868329805049996, "KELAS_CVI": 5, "KELAS_CV_1": "Sangat Tinggi", "LAHAN": "Muara", "JENIS": "Natural", "SKOR_LAHAN": 4, "DELTA_D": -15.94, "D_MEAN": -7.463, "D_MEDIAN": -7.43, "TSS_MIN_MG": 17.5, "TSS_RATA_R": 30.7, "TSS_MEDIAN": 28.7, "TSS_MAKS_M": 71.4, "TSS_STDDEV": 9.8, "HS": 0.282698279, "MWP_MEAN_S": 3.8125, "MWD_CIRCUL": 26.63, "JARAK_MUAR": 4.2768385923696401, "NAMA_SUNGA": "KaliGangsa", "MUARA_ID": "M1", "RESPON": "Abrasi", "TSS__BATAS": 30.4, "PROKSI_NER": "Defisit/Erosi" }, "geometry": { "type": "MultiLineString", "coordinates": [ [ [ 109.103455468442931, -6.83965200876034 ], [ 109.103366350989319, -6.839627971423198 ], [ 109.103194992718628, -6.839581751035709 ], [ 109.102313883741431, -6.839344088880775 ], [ 109.102115055579944, -6.839290459085087 ], [ 109.102047495189439, -6.839272235950358 ], [ 109.101810387792952, -6.839208280132259 ], [ 109.101754504064743, -6.839193206855769 ], [ 109.101706692414382, -6.839180310886118 ] ] ] } },
{ "type": "Feature", "properties": { "OBJECTID_1": 500, "OBJECTID": 8, "ID": 0, "TAHUN": 1995, "DATE": "1995-01-01", "NAMA_TITIK": "T03", "ZONA": "SEL BARAT", "SHAPE_LENG": 200.05210100100001, "TRANSECTID": 3, "TRANSORDER": 3, "SHORELINEI": "1995-01-01", "BASELINEID": 1, "DISTANCE": 324.79, "INTERSECTX": 289956.18797899998, "INTERSECTY": 9243754.5897199996, "UNCERTAINT": 10, "NAMA_TITI2": "T03", "D_TAHUN": 0.0, "LRR": -3.26, "SKOR_SHORE": 5, "RASTERVALU": 6.99672, "SKOR_SLOPE": 3, "RASTERVA_1": -1.58426, "SKOR_ELEV": 5, "GEOM_LAP": "Pasir_Halus", "SKOR_GEOM": 3, "KATEGORI": "Abrasi Tinggi", "GELOMBANG": 0.28269827891798499, "PASUT": 0.855, "SLR": 4.69, "SKOR_GEL": 5, "SKOR_PASUT": 4, "SKOR_SLR": 5, "CVI": 75.0, "KELAS_CVI": 4, "KELAS_CV_1": "Tinggi", "LAHAN": "Pantai", "JENIS": "Natural", "SKOR_LAHAN": 2, "DELTA_D": 6.2, "D_MEAN": -7.463, "D_MEDIAN": -7.43, "TSS_MIN_MG": 17.5, "TSS_RATA_R": 30.7, "TSS_MEDIAN": 28.7, "TSS_MAKS_M": 71.4, "TSS_STDDEV": 9.8, "HS": 0.282698279, "MWP_MEAN_S": 3.8125, "MWD_CIRCUL": 26.63, "JARAK_MUAR": 387.64661320961198, "NAMA_SUNGA": "KaliGangsa", "MUARA_ID": "M1", "RESPON": "Abrasi", "TSS__BATAS": 30.4, "PROKSI_NER": "Defisit/Erosi" }, "geometry": { "type": "MultiLineString", "coordinates": [ [ [ 109.099297736799514, -6.837910489068485 ], [ 109.099142487947205, -6.837808170170011 ], [ 109.099140432662495, -6.837806815824696 ], [ 109.099049016753483, -6.837746567065894 ], [ 109.099037826375323, -6.837739192299632 ], [ 109.098906396542304, -6.837652572461152 ], [ 109.098854072556463, -6.837618088058574 ], [ 109.098773713563645, -6.83756512671257 ], [ 109.098575029791661, -6.837434181803381 ], [ 109.09853628983717, -6.837408649343384 ], [ 109.098481391848367, -6.837372468570937 ], [ 109.098417960583092, -6.837330663033771 ], [ 109.098327242297771, -6.837270874424266 ], [ 109.098212241441729, -6.837195081957506 ], [ 109.097786994954177, -6.836914817589238 ] ] ] } },
{ "type": "Feature", "properties": { "OBJECTID_1": 501, "OBJECTID": 8, "ID": 0, "TAHUN": 1995, "DATE": "1995-01-01", "NAMA_TITIK": "T44", "ZONA": "SEL BARAT", "SHAPE_LENG": 104.31469424700001, "TRANSECTID": 5, "TRANSORDER": 5, "SHORELINEI": "1995-01-01", "BASELINEID": 1, "DISTANCE": 323.92, "INTERSECTX": 290223.04764599999, "INTERSECTY": 9243615.1924900003, "UNCERTAINT": 10, "NAMA_TITI2": "T44", "D_TAHUN": 0.0, "LRR": -2.33, "SKOR_SHORE": 5, "RASTERVALU": 0.013365, "SKOR_SLOPE": 5, "RASTERVA_1": -2.91714, "SKOR_ELEV": 5, "GEOM_LAP": "Aluvial", "SKOR_GEOM": 4, "KATEGORI": "Abrasi Tinggi", "GELOMBANG": 0.28269827891798499, "PASUT": 0.855, "SLR": 4.69, "SKOR_GEL": 5, "SKOR_PASUT": 4, "SKOR_SLR": 5, "CVI": 158.11388300842, "KELAS_CVI": 5, "KELAS_CV_1": "Sangat Tinggi", "LAHAN": "Muara", "JENIS": "Natural", "SKOR_LAHAN": 4, "DELTA_D": -23.38, "D_MEAN": -7.463, "D_MEDIAN": -7.43, "TSS_MIN_MG": 17.5, "TSS_RATA_R": 30.7, "TSS_MEDIAN": 28.7, "TSS_MAKS_M": 71.4, "TSS_STDDEV": 9.8, "HS": 0.282698279, "MWP_MEAN_S": 3.8125, "MWD_CIRCUL": 26.63, "JARAK_MUAR": 61.827697463302599, "NAMA_SUNGA": "KaliGangsa", "MUARA_ID": "M1", "RESPON": "Abrasi", "TSS__BATAS": 30.4, "PROKSI_NER": "Defisit/Erosi" }, "geometry": { "type": "MultiLineString", "coordinates": [ [ [ 109.101706692414382, -6.839180310886118 ], [ 109.101664120884351, -6.839168827924222 ], [ 109.101506018350619, -6.839126182657713 ], [ 109.101501112577225, -6.839124859566954 ], [ 109.101416555097671, -6.839102051427205 ], [ 109.101393379865954, -6.83909580024405 ], [ 109.101381717699994, -6.839092654919489 ], [ 109.101349844190239, -6.839084057589338 ], [ 109.101249097416272, -6.839056882857602 ], [ 109.1011187371207, -6.8390217209198 ], [ 109.101029873932106, -6.838997751120094 ], [ 109.100943017702818, -6.838974322655132 ], [ 109.100890363603938, -6.838960120044355 ], [ 109.100824061853842, -6.838916423727075 ], [ 109.100808486548942, -6.838906158400246 ] ] ] } },
{ "type": "Feature", "properties": { "OBJECTID_1": 502, "OBJECTID": 8, "ID": 0, "TAHUN": 1995, "DATE": "1995-01-01", "NAMA_TITIK": "T04", "ZONA": "SEL BARAT", "SHAPE_LENG": 200.05223942000001, "TRANSECTID": 4, "TRANSORDER": 4, "SHORELINEI": "1995-01-01", "BASELINEID": 1, "DISTANCE": 329.36, "INTERSECTX": 290123.63326099998, "INTERSECTY": 9243645.1231600009, "UNCERTAINT": 10, "NAMA_TITI2": "T04", "D_TAHUN": 0.0, "LRR": -3.32, "SKOR_SHORE": 5, "RASTERVALU": 6.89058, "SKOR_SLOPE": 3, "RASTERVA_1": -2.22393, "SKOR_ELEV": 5, "GEOM_LAP": "Pasir_Halus", "SKOR_GEOM": 3, "KATEGORI": "Abrasi Tinggi", "GELOMBANG": 0.28269827891798499, "PASUT": 0.855, "SLR": 4.69, "SKOR_GEL": 5, "SKOR_PASUT": 4, "SKOR_SLR": 5, "CVI": 75.0, "KELAS_CVI": 4, "KELAS_CV_1": "Tinggi", "LAHAN": "Pantai", "JENIS": "Natural", "SKOR_LAHAN": 2, "DELTA_D": -13.12, "D_MEAN": -7.463, "D_MEDIAN": -7.43, "TSS_MIN_MG": 17.5, "TSS_RATA_R": 30.7, "TSS_MEDIAN": 28.7, "TSS_MAKS_M": 71.4, "TSS_STDDEV": 9.8, "HS": 0.282698279, "MWP_MEAN_S": 3.8125, "MWD_CIRCUL": 26.63, "JARAK_MUAR": 191.803552089433, "NAMA_SUNGA": "KaliGangsa", "MUARA_ID": "M1", "RESPON": "Abrasi", "TSS__BATAS": 30.4, "PROKSI_NER": "Defisit/Erosi" }, "geometry": { "type": "MultiLineString", "coordinates": [ [ [ 109.100808486548942, -6.838906158400246 ], [ 109.100750627940656, -6.838868026782058 ], [ 109.100572925354172, -6.838750911400296 ], [ 109.100560657655834, -6.838742826290074 ], [ 109.100559417082167, -6.83874200859298 ], [ 109.100535173109634, -6.838726030290658 ], [ 109.100098310029992, -6.838438113260107 ], [ 109.099840039229946, -6.838267897335689 ], [ 109.099803529443093, -6.838243835702677 ], [ 109.099378007502509, -6.837963392145546 ], [ 109.099352959727142, -6.837946884434909 ], [ 109.099297736799514, -6.837910489068485 ] ] ] } },
{ "type": "Feature", "properties": { "OBJECTID_1": 503, "OBJECTID": 8, "ID": 0, "TAHUN": 1995, "DATE": "1995-01-01", "NAMA_TITIK": "T02", "ZONA": "SEL BARAT", "SHAPE_LENG": 200.05207201900001, "TRANSECTID": 2, "TRANSORDER": 2, "SHORELINEI": "1995-01-01", "BASELINEID": 1, "DISTANCE": 320.22, "INTERSECTX": 289788.74269599997, "INTERSECTY": 9243864.0562900007, "UNCERTAINT": 10, "NAMA_TITI2": "T02", "D_TAHUN": 0.0, "LRR": -2.19, "SKOR_SHORE": 5, "RASTERVALU": 6.56471, "SKOR_SLOPE": 3, "RASTERVA_1": -1.78074, "SKOR_ELEV": 5, "GEOM_LAP": "Pasir_Halus", "SKOR_GEOM": 3, "KATEGORI": "Abrasi Tinggi", "GELOMBANG": 0.28269827891798499, "PASUT": 0.855, "SLR": 4.69, "SKOR_GEL": 5, "SKOR_PASUT": 4, "SKOR_SLR": 5, "CVI": 75.0, "KELAS_CVI": 4, "KELAS_CV_1": "Tinggi", "LAHAN": "Pantai", "JENIS": "Natural", "SKOR_LAHAN": 2, "DELTA_D": 1.66, "D_MEAN": -7.463, "D_MEDIAN": -7.43, "TSS_MIN_MG": 17.5, "TSS_RATA_R": 30.7, "TSS_MEDIAN": 28.7, "TSS_MAKS_M": 71.4, "TSS_STDDEV": 9.8, "HS": 0.282698279, "MWP_MEAN_S": 3.8125, "MWD_CIRCUL": 26.63, "JARAK_MUAR": 579.82548354246296, "NAMA_SUNGA": "KaliGangsa", "MUARA_ID": "M1", "RESPON": "Abrasi", "TSS__BATAS": 30.4, "PROKSI_NER": "Defisit/Erosi" }, "geometry": { "type": "MultiLineString", "coordinates": [ [ [ 109.097786994954177, -6.836914817589238 ], [ 109.097646112989565, -6.836821966987485 ], [ 109.097566412921395, -6.836769439377352 ], [ 109.097487316463969, -6.836717309242426 ], [ 109.09739397295958, -6.836655789612679 ], [ 109.097102063893701, -6.836463402888008 ], [ 109.096779861073415, -6.836251050068106 ], [ 109.096740028735312, -6.836224798040965 ], [ 109.096688216661207, -6.83619065003159 ], [ 109.096657236966337, -6.836170231989542 ], [ 109.096335212326736, -6.835957995407459 ], [ 109.09627626101971, -6.835919142156379 ] ] ] } },
{ "type": "Feature", "properties": { "OBJECTID_1": 504, "OBJECTID": 8, "ID": 0, "TAHUN": 1995, "DATE": "1995-01-01", "NAMA_TITIK": "T01", "ZONA": "SEL BARAT", "SHAPE_LENG": 37.971569937300004, "TRANSECTID": 1, "TRANSORDER": 1, "SHORELINEI": "1995-01-01", "BASELINEID": 1, "DISTANCE": 315.66, "INTERSECTX": 289621.29741300002, "INTERSECTY": 9243973.5228499994, "UNCERTAINT": 10, "NAMA_TITI2": "T01", "D_TAHUN": 0.0, "LRR": -0.96, "SKOR_SHORE": 3, "RASTERVALU": 0.111227, "SKOR_SLOPE": 5, "RASTERVA_1": -2.91494, "SKOR_ELEV": 5, "GEOM_LAP": "Pasir_Halus", "SKOR_GEOM": 3, "KATEGORI": "Stabil", "GELOMBANG": 0.28269827891798499, "PASUT": 0.855, "SLR": 4.69, "SKOR_GEL": 5, "SKOR_PASUT": 4, "SKOR_SLR": 5, "CVI": 75.0, "KELAS_CVI": 4, "KELAS_CV_1": "Tinggi", "LAHAN": "Pantai", "JENIS": "Natural", "SKOR_LAHAN": 2, "DELTA_D": -5.81, "D_MEAN": -7.463, "D_MEDIAN": -7.43, "TSS_MIN_MG": 17.5, "TSS_RATA_R": 30.7, "TSS_MEDIAN": 28.7, "TSS_MAKS_M": 71.4, "TSS_STDDEV": 9.8, "HS": 0.282698279, "MWP_MEAN_S": 3.8125, "MWD_CIRCUL": 26.63, "JARAK_MUAR": 778.10088489128304, "NAMA_SUNGA": "KaliGangsa", "MUARA_ID": "M1", "RESPON": "Abrasi", "TSS__BATAS": 30.4, "PROKSI_NER": "Defisit/Erosi" }, "geometry": { "type": "MultiLineString", "coordinates": [ [ [ 109.09627626101971, -6.835919142156379 ], [ 109.095989511869959, -6.835730154072164 ] ] ] } },
{ "type": "Feature", "properties": { "OBJECTID_1": 505, "OBJECTID": 9, "ID": 0, "TAHUN": 1996, "DATE": "1996-01-01", "NAMA_TITIK": "T42", "ZONA": "SEL TIMUR", "SHAPE_LENG": 195.984652442, "TRANSECTID": 46, "TRANSORDER": 46, "SHORELINEI": "1996", "BASELINEID": 1, "DISTANCE": 337.87, "INTERSECTX": 297870.05443100003, "INTERSECTY": 9242515.1517600007, "UNCERTAINT": 10, "NAMA_TITI2": "T42", "D_TAHUN": 0.0, "LRR": -1.48, "SKOR_SHORE": 4, "RASTERVALU": 10.6361, "SKOR_SLOPE": 2, "RASTERVA_1": -1.41562, "SKOR_ELEV": 5, "GEOM_LAP": "Tambak", "SKOR_GEOM": 5, "KATEGORI": "Abrasi Sedang", "GELOMBANG": 0.24536304088199801, "PASUT": 0.824, "SLR": 4.69, "SKOR_GEL": 2, "SKOR_PASUT": 5, "SKOR_SLR": 5, "CVI": 61.237243569580002, "KELAS_CVI": 4, "KELAS_CV_1": "Tinggi", "LAHAN": "Tambak", "JENIS": "Natural", "SKOR_LAHAN": 3, "DELTA_D": 46.88, "D_MEAN": -6.472777777777778, "D_MEDIAN": -2.81, "TSS_MIN_MG": 16.7, "TSS_RATA_R": 38.9, "TSS_MEDIAN": 31.0, "TSS_MAKS_M": 291.6, "TSS_STDDEV": 19.9, "HS": 0.271215076, "MWP_MEAN_S": 3.6727, "MWD_CIRCUL": 30.14, "JARAK_MUAR": 1130.0451134499999, "NAMA_SUNGA": "Kali Ketiwon", "MUARA_ID": "M5", "RESPON": "Abrasi", "TSS__BATAS": 30.4, "PROKSI_NER": "Bypass/Export" }, "geometry": { "type": "MultiLineString", "coordinates": [ [ [ 109.172243042102679, -6.850501266279492 ], [ 109.172064609582861, -6.850390291756457 ], [ 109.171425365845636, -6.849992716992749 ], [ 109.171183247742718, -6.849842132209636 ], [ 109.171091541742854, -6.849785096476956 ], [ 109.171084158370803, -6.849780504217172 ], [ 109.171037982737943, -6.849751785300342 ], [ 109.171028872878892, -6.849746119569623 ], [ 109.170892643791262, -6.849661391967867 ], [ 109.170737751022529, -6.849565057222924 ] ] ] } },
{ "type": "Feature", "properties": { "OBJECTID_1": 506, "OBJECTID": 9, "ID": 0, "TAHUN": 1996, "DATE": "1996-01-01", "NAMA_TITIK": "T51", "ZONA": "SEL BARAT", "SHAPE_LENG": 200.15125693600001, "TRANSECTID": 20, "TRANSORDER": 20, "SHORELINEI": "1996-01-01", "BASELINEID": 1, "DISTANCE": 238.55, "INTERSECTX": 292988.98964799999, "INTERSECTY": 9242609.2550099995, "UNCERTAINT": 10, "NAMA_TITI2": "T51", "D_TAHUN": 0.0, "LRR": 0.72, "SKOR_SHORE": 3, "RASTERVALU": 2.59289, "SKOR_SLOPE": 4, "RASTERVA_1": -2.65623, "SKOR_ELEV": 5, "GEOM_LAP": "Aluvial", "SKOR_GEOM": 4, "KATEGORI": "Stabil", "GELOMBANG": 0.27121507595567101, "PASUT": 0.846, "SLR": 4.69, "SKOR_GEL": 4, "SKOR_PASUT": 4, "SKOR_SLR": 5, "CVI": 97.979589711329993, "KELAS_CVI": 5, "KELAS_CV_1": "Sangat Tinggi", "LAHAN": "Muara", "JENIS": "Natural", "SKOR_LAHAN": 4, "DELTA_D": 5.49, "D_MEAN": -3.6795, "D_MEDIAN": -7.335, "TSS_MIN_MG": 18.0, "TSS_RATA_R": 30.5, "TSS_MEDIAN": 27.6, "TSS_MAKS_M": 83.5, "TSS_STDDEV": 9.9, "HS": 0.271215076, "MWP_MEAN_S": 3.6727, "MWD_CIRCUL": 30.14, "JARAK_MUAR": 19.716633507029201, "NAMA_SUNGA": "Kali Sibelis", "MUARA_ID": "M3", "RESPON": "Abrasi", "TSS__BATAS": 30.4, "PROKSI_NER": "Defisit/Erosi" }, "geometry": { "type": "MultiLineString", "coordinates": [ [ [ 109.126691356583265, -6.848373199835529 ], [ 109.126594885594145, -6.84836322554649 ], [ 109.126585296005175, -6.848362234308023 ], [ 109.126583243354517, -6.848362021973141 ], [ 109.126583134844552, -6.848362010700599 ], [ 109.12653328978584, -6.848356857242639 ], [ 109.126515239115719, -6.848354991274527 ], [ 109.126498324189271, -6.848353241845357 ], [ 109.126489661458976, -6.848352346439504 ], [ 109.126429689695215, -6.848346145389254 ], [ 109.12637374908627, -6.848340361481284 ], [ 109.126365295239083, -6.848339487682638 ], [ 109.126320539321284, -6.848334859452752 ], [ 109.126271869803503, -6.848329827184902 ], [ 109.126253692543131, -6.848327948056136 ], [ 109.126111805581715, -6.848313277764761 ], [ 109.126072089969625, -6.848309170957529 ], [ 109.125996835480919, -6.848301390423985 ], [ 109.125930380265203, -6.848294519389212 ], [ 109.125824775510125, -6.848283600686782 ], [ 109.12573424010678, -6.848274239777639 ], [ 109.12557158529539, -6.848257421503224 ], [ 109.124890381856332, -6.848186987069101 ] ] ] } },
{ "type": "Feature", "properties": { "OBJECTID_1": 515, "OBJECTID": 9, "ID": 0, "TAHUN": 1996, "DATE": "1996-01-01", "NAMA_TITIK": "T40", "ZONA": "SEL TIMUR", "SHAPE_LENG": 200.13665832699999, "TRANSECTID": 44, "TRANSORDER": 44, "SHORELINEI": "1996-01-01", "BASELINEID": 1, "DISTANCE": 317.11, "INTERSECTX": 297688.48413, "INTERSECTY": 9242601.5405400004, "UNCERTAINT": 10, "NAMA_TITI2": "T40", "D_TAHUN": 0.0, "LRR": -2.39, "SKOR_SHORE": 5, "RASTERVALU": 1.31742, "SKOR_SLOPE": 5, "RASTERVA_1": -2.87668, "SKOR_ELEV": 5, "GEOM_LAP": "Tambak", "SKOR_GEOM": 5, "KATEGORI": "Abrasi Tinggi", "GELOMBANG": 0.27121507595567101, "PASUT": 0.846, "SLR": 4.69, "SKOR_GEL": 4, "SKOR_PASUT": 4, "SKOR_SLR": 5, "CVI": 136.93063937629, "KELAS_CVI": 5, "KELAS_CV_1": "Sangat Tinggi", "LAHAN": "Tambak", "JENIS": "Natural", "SKOR_LAHAN": 3, "DELTA_D": -34.38, "D_MEAN": -6.472777777777778, "D_MEDIAN": -2.81, "TSS_MIN_MG": 16.7, "TSS_RATA_R": 38.9, "TSS_MEDIAN": 31.0, "TSS_MAKS_M": 291.6, "TSS_STDDEV": 19.9, "HS": 0.271215076, "MWP_MEAN_S": 3.6727, "MWD_CIRCUL": 30.14, "JARAK_MUAR": 727.664323427044, "NAMA_SUNGA": "Kali Ketiwon", "MUARA_ID": "M5", "RESPON": "Abrasi", "TSS__BATAS": 30.4, "PROKSI_NER": "Bypass/Export" }, "geometry": { "type": "MultiLineString", "coordinates": [ [ [ 109.169203369812507, -6.848606782254939 ], [ 109.169164490521652, -6.848580862232795 ], [ 109.168887299622142, -6.848396069229944 ], [ 109.168753283653317, -6.848306724919028 ], [ 109.168690698069369, -6.848265001313089 ], [ 109.168654956281785, -6.848241173668952 ], [ 109.168630817720924, -6.848225080940279 ], [ 109.16855507240281, -6.848174583934633 ], [ 109.16849816980482, -6.848136649562344 ], [ 109.168483555476683, -6.848126905900418 ], [ 109.168422927127196, -6.848086486281553 ], [ 109.168374177212584, -6.848053986170248 ], [ 109.168352439801353, -6.84803949479158 ], [ 109.168343866653061, -6.848033779535203 ], [ 109.168342669246286, -6.848032981127989 ], [ 109.168086374553667, -6.847862119036927 ], [ 109.168078304919078, -6.847856739327916 ], [ 109.16797940386472, -6.847790805152877 ], [ 109.167869829056428, -6.847717755304371 ], [ 109.167697195167122, -6.847602665298945 ] ] ] } },
{ "type": "Feature", "properties": { "OBJECTID_1": 516, "OBJECTID": 9, "ID": 0, "TAHUN": 1996, "DATE": "1996-01-01", "NAMA_TITIK": "T41", "ZONA": "SEL TIMUR", "SHAPE_LENG": 200.0106276, "TRANSECTID": 45, "TRANSORDER": 45, "SHORELINEI": "1996-01-01", "BASELINEID": 1, "DISTANCE": 315.67, "INTERSECTX": 297858.50054099999, "INTERSECTY": 9242496.2006499991, "UNCERTAINT": 10, "NAMA_TITI2": "T41", "D_TAHUN": 0.0, "LRR": -2.12, "SKOR_SHORE": 5, "RASTERVALU": 9.05717, "SKOR_SLOPE": 2, "RASTERVA_1": -1.62402, "SKOR_ELEV": 5, "GEOM_LAP": "Tambak", "SKOR_GEOM": 5, "KATEGORI": "Abrasi Tinggi", "GELOMBANG": 0.27121507595567101, "PASUT": 0.846, "SLR": 4.69, "SKOR_GEL": 4, "SKOR_PASUT": 4, "SKOR_SLR": 5, "CVI": 86.602540378439997, "KELAS_CVI": 5, "KELAS_CV_1": "Sangat Tinggi", "LAHAN": "Tambak", "JENIS": "Natural", "SKOR_LAHAN": 3, "DELTA_D": 0.22000000000002701, "D_MEAN": -6.472777777777778, "D_MEDIAN": -2.81, "TSS_MIN_MG": 16.7, "TSS_RATA_R": 38.9, "TSS_MEDIAN": 31.0, "TSS_MAKS_M": 291.6, "TSS_STDDEV": 19.9, "HS": 0.271215076, "MWP_MEAN_S": 3.6727, "MWD_CIRCUL": 30.14, "JARAK_MUAR": 936.29342666807304, "NAMA_SUNGA": "Kali Ketiwon", "MUARA_ID": "M5", "RESPON": "Abrasi", "TSS__BATAS": 30.4, "PROKSI_NER": "Bypass/Export" }, "geometry": { "type": "MultiLineString", "coordinates": [ [ [ 109.170737751022529, -6.849565057222924 ], [ 109.170723842575526, -6.849556405795971 ], [ 109.170594568282709, -6.849476003852194 ], [ 109.170520937732164, -6.849430209457505 ], [ 109.170503992374023, -6.849419670350128 ], [ 109.170286628705739, -6.849284480456235 ], [ 109.170241607479227, -6.849256479257975 ], [ 109.170076177420896, -6.849153589835497 ], [ 109.170058314240862, -6.849142480319601 ], [ 109.170004893482059, -6.849109254581024 ], [ 109.169987293836229, -6.849098308814073 ], [ 109.169936478602054, -6.849066704189638 ], [ 109.169849270994092, -6.849012465690338 ], [ 109.16981989645285, -6.848994195756389 ], [ 109.169740289722171, -6.848944684159336 ], [ 109.169506656295709, -6.848799376093408 ], [ 109.169456586595444, -6.848768235390963 ], [ 109.169412703528721, -6.848740941904329 ], [ 109.169292038657559, -6.84866589434723 ], [ 109.169285615772139, -6.848661612234531 ], [ 109.169203369812507, -6.848606782254939 ] ] ] } },
{ "type": "Feature", "properties": { "OBJECTID_1": 536, "OBJECTID": 9, "ID": 0, "TAHUN": 1996, "DATE": "1996-01-01", "NAMA_TITIK": "T39", "ZONA": "SEL TIMUR", "SHAPE_LENG": 203.70773698, "TRANSECTID": 43, "TRANSORDER": 43, "SHORELINEI": "1996-01-01", "BASELINEID": 1, "DISTANCE": 324.5, "INTERSECTX": 297521.565817, "INTERSECTY": 9242711.9620399997, "UNCERTAINT": 10, "NAMA_TITI2": "T39", "D_TAHUN": 0.0, "LRR": -3.6, "SKOR_SHORE": 5, "RASTERVALU": 0.000339, "SKOR_SLOPE": 5, "RASTERVA_1": -2.9425, "SKOR_ELEV": 5, "GEOM_LAP": "Pasir_Halus", "SKOR_GEOM": 3, "KATEGORI": "Abrasi Tinggi", "GELOMBANG": 0.27121507595567101, "PASUT": 0.846, "SLR": 4.69, "SKOR_GEL": 4, "SKOR_PASUT": 4, "SKOR_SLR": 5, "CVI": 86.602540378439997, "KELAS_CVI": 5, "KELAS_CV_1": "Sangat Tinggi", "LAHAN": "Pantai", "JENIS": "Natural", "SKOR_LAHAN": 2, "DELTA_D": -71.84, "D_MEAN": -6.472777777777778, "D_MEDIAN": -2.81, "TSS_MIN_MG": 16.7, "TSS_RATA_R": 38.9, "TSS_MEDIAN": 31.0, "TSS_MAKS_M": 291.6, "TSS_STDDEV": 19.9, "HS": 0.271215076, "MWP_MEAN_S": 3.6727, "MWD_CIRCUL": 30.14, "JARAK_MUAR": 535.47677602736997, "NAMA_SUNGA": "Kali Ketiwon", "MUARA_ID": "M5", "RESPON": "Abrasi", "TSS__BATAS": 30.4, "PROKSI_NER": "Bypass/Export" }, "geometry": { "type": "MultiLineString", "coordinates": [ [ [ 109.167697195167122, -6.847602665298945 ], [ 109.167675214167474, -6.847588012032784 ], [ 109.167675070694827, -6.847587916550095 ], [ 109.167478217090974, -6.847391058699236 ], [ 109.167405576223999, -6.847318421745284 ], [ 109.167247333604323, -6.847160179009045 ], [ 109.167136082055862, -6.847048926866888 ], [ 109.167006184426754, -6.846938100892229 ], [ 109.166334628238118, -6.846365140820657 ] ] ] } },
{ "type": "Feature", "properties": { "OBJECTID_1": 545, "OBJECTID": 9, "ID": 0, "TAHUN": 1996, "DATE": "1996-01-01", "NAMA_TITIK": "T38", "ZONA": "SEL TIMUR", "SHAPE_LENG": 171.854735957, "TRANSECTID": 42, "TRANSORDER": 42, "SHORELINEI": "1996-01-01", "BASELINEID": 1, "DISTANCE": 362.2, "INTERSECTX": 297370.42293100001, "INTERSECTY": 9242848.2589699998, "UNCERTAINT": 10, "NAMA_TITI2": "T38", "D_TAHUN": 0.0, "LRR": -4.04, "SKOR_SHORE": 5, "RASTERVALU": 0.000344, "SKOR_SLOPE": 5, "RASTERVA_1": -2.94192, "SKOR_ELEV": 5, "GEOM_LAP": "Pasir_Halus", "SKOR_GEOM": 3, "KATEGORI": "Abrasi Tinggi", "GELOMBANG": 0.27121507595567101, "PASUT": 0.846, "SLR": 4.69, "SKOR_GEL": 4, "SKOR_PASUT": 4, "SKOR_SLR": 5, "CVI": 86.602540378439997, "KELAS_CVI": 5, "KELAS_CV_1": "Sangat Tinggi", "LAHAN": "Pantai", "JENIS": "Natural", "SKOR_LAHAN": 2, "DELTA_D": -62.03, "D_MEAN": -6.472777777777778, "D_MEDIAN": -2.81, "TSS_MIN_MG": 16.7, "TSS_RATA_R": 38.9, "TSS_MEDIAN": 31.0, "TSS_MAKS_M": 291.6, "TSS_STDDEV": 19.9, "HS": 0.271215076, "MWP_MEAN_S": 3.6727, "MWD_CIRCUL": 30.14, "JARAK_MUAR": 355.43647958132902, "NAMA_SUNGA": "Kali Ketiwon", "MUARA_ID": "M5", "RESPON": "Abrasi", "TSS__BATAS": 30.4, "PROKSI_NER": "Bypass/Export" }, "geometry": { "type": "MultiLineString", "coordinates": [ [ [ 109.166334628238118, -6.846365140820657 ], [ 109.166063141547554, -6.846133512832569 ], [ 109.165710063634108, -6.845832272257472 ], [ 109.165310476934238, -6.845491349089682 ], [ 109.16528615200194, -6.845470595563198 ], [ 109.165142485738258, -6.84536880707106 ] ] ] } },
{ "type": "Feature", "properties": { "OBJECTID_1": 551, "OBJECTID": 9, "ID": 0, "TAHUN": 1996, "DATE": "1996-01-01", "NAMA_TITIK": "T37", "ZONA": "SEL TIMUR", "SHAPE_LENG": 200.01525126000001, "TRANSECTID": 41, "TRANSORDER": 41, "SHORELINEI": "1996-01-01", "BASELINEID": 1, "DISTANCE": 385.02, "INTERSECTX": 297238.22011699999, "INTERSECTY": 9242957.9517499991, "UNCERTAINT": 10, "NAMA_TITI2": "T37", "D_TAHUN": 0.0, "LRR": -4.54, "SKOR_SHORE": 5, "RASTERVALU": 0.000345, "SKOR_SLOPE": 5, "RASTERVA_1": -2.94128, "SKOR_ELEV": 5, "GEOM_LAP": "Pasir_Halus", "SKOR_GEOM": 3, "KATEGORI": "Abrasi Tinggi", "GELOMBANG": 0.27121507595567101, "PASUT": 0.846, "SLR": 4.69, "SKOR_GEL": 4, "SKOR_PASUT": 4, "SKOR_SLR": 5, "CVI": 86.602540378439997, "KELAS_CVI": 5, "KELAS_CV_1": "Sangat Tinggi", "LAHAN": "Pantai", "JENIS": "Natural", "SKOR_LAHAN": 2, "DELTA_D": -52.33, "D_MEAN": -6.472777777777778, "D_MEDIAN": -2.81, "TSS_MIN_MG": 16.7, "TSS_RATA_R": 38.9, "TSS_MEDIAN": 31.0, "TSS_MAKS_M": 291.6, "TSS_STDDEV": 19.9, "HS": 0.271215076, "MWP_MEAN_S": 3.6727, "MWD_CIRCUL": 30.14, "JARAK_MUAR": 155.29372815372599, "NAMA_SUNGA": "Kali Ketiwon", "MUARA_ID": "M5", "RESPON": "Abrasi", "TSS__BATAS": 30.4, "PROKSI_NER": "Bypass/Export" }, "geometry": { "type": "MultiLineString", "coordinates": [ [ [ 109.165142485738258, -6.84536880707106 ], [ 109.165094553395107, -6.845334846057428 ], [ 109.165012554449362, -6.845276748977523 ], [ 109.164869248283793, -6.845175215873359 ], [ 109.1636663715705, -6.844322963821975 ] ] ] } },
{ "type": "Feature", "properties": { "OBJECTID_1": 560, "OBJECTID": 9, "ID": 0, "TAHUN": 1996, "DATE": "1996-01-01", "NAMA_TITIK": "T44", "ZONA": "SEL BARAT", "SHAPE_LENG": 108.245247857, "TRANSECTID": 5, "TRANSORDER": 5, "SHORELINEI": "1996-01-01", "BASELINEID": 1, "DISTANCE": 291.61, "INTERSECTX": 290213.23100299999, "INTERSECTY": 9243584.4087899998, "UNCERTAINT": 10, "NAMA_TITI2": "T44", "D_TAHUN": 0.0, "LRR": -2.33, "SKOR_SHORE": 5, "RASTERVALU": 0.013365, "SKOR_SLOPE": 5, "RASTERVA_1": -2.91714, "SKOR_ELEV": 5, "GEOM_LAP": "Aluvial", "SKOR_GEOM": 4, "KATEGORI": "Abrasi Tinggi", "GELOMBANG": 0.27121507595567101, "PASUT": 0.846, "SLR": 4.69, "SKOR_GEL": 4, "SKOR_PASUT": 4, "SKOR_SLR": 5, "CVI": 141.42135623730999, "KELAS_CVI": 5, "KELAS_CV_1": "Sangat Tinggi", "LAHAN": "Muara", "JENIS": "Natural", "SKOR_LAHAN": 4, "DELTA_D": -32.31, "D_MEAN": -3.6795, "D_MEDIAN": -7.335, "TSS_MIN_MG": 18.0, "TSS_RATA_R": 30.5, "TSS_MEDIAN": 27.6, "TSS_MAKS_M": 83.5, "TSS_STDDEV": 9.9, "HS": 0.271215076, "MWP_MEAN_S": 3.6727, "MWD_CIRCUL": 30.14, "JARAK_MUAR": 61.827697463302599, "NAMA_SUNGA": "KaliGangsa", "MUARA_ID": "M1", "RESPON": "Abrasi", "TSS__BATAS": 30.4, "PROKSI_NER": "Defisit/Erosi" }, "geometry": { "type": "MultiLineString", "coordinates": [ [ [ 109.101616793235692, -6.839458276869697 ], [ 109.101589800043797, -6.839438888276136 ], [ 109.101559925775717, -6.839417430545122 ], [ 109.101514026084772, -6.839384461660233 ], [ 109.101246347617533, -6.839192196578371 ], [ 109.101165039807768, -6.839133795294835 ], [ 109.101023574063206, -6.839032184855448 ], [ 109.100996642263084, -6.839012839881118 ], [ 109.100995983782937, -6.839012367141996 ], [ 109.100958570438934, -6.838985493814692 ], [ 109.100943017702818, -6.838974322655132 ], [ 109.100892534005027, -6.838938061837665 ], [ 109.10082165731383, -6.838887153411569 ] ] ] } },
{ "type": "Feature", "properties": { "OBJECTID_1": 561, "OBJECTID": 9, "ID": 0, "TAHUN": 1996, "DATE": "1996-01-01", "NAMA_TITIK": "T05", "ZONA": "SEL BARAT", "SHAPE_LENG": 203.93791173700001, "TRANSECTID": 6, "TRANSORDER": 6, "SHORELINEI": "1996-01-01", "BASELINEID": 1, "DISTANCE": 324.48, "INTERSECTX": 290413.76487800002, "INTERSECTY": 9243554.9658000004, "UNCERTAINT": 10, "NAMA_TITI2": "T05", "D_TAHUN": 0.0, "LRR": -1.47, "SKOR_SHORE": 4, "RASTERVALU": 6.15341, "SKOR_SLOPE": 3, "RASTERVA_1": -2.46219, "SKOR_ELEV": 5, "GEOM_LAP": "Pasir_Halus", "SKOR_GEOM": 3, "KATEGORI": "Abrasi Sedang", "GELOMBANG": 0.27121507595567101, "PASUT": 0.846, "SLR": 4.69, "SKOR_GEL": 4, "SKOR_PASUT": 4, "SKOR_SLR": 5, "CVI": 84.852813742389998, "KELAS_CVI": 5, "KELAS_CV_1": "Sangat Tinggi", "LAHAN": "Muara", "JENIS": "Natural", "SKOR_LAHAN": 4, "DELTA_D": -9.26, "D_MEAN": -3.6795, "D_MEDIAN": -7.335, "TSS_MIN_MG": 18.0, "TSS_RATA_R": 30.5, "TSS_MEDIAN": 27.6, "TSS_MAKS_M": 83.5, "TSS_STDDEV": 9.9, "HS": 0.271215076, "MWP_MEAN_S": 3.6727, "MWD_CIRCUL": 30.14, "JARAK_MUAR": 4.2768385923696401, "NAMA_SUNGA": "KaliGangsa", "MUARA_ID": "M1", "RESPON": "Abrasi", "TSS__BATAS": 30.4, "PROKSI_NER": "Defisit/Erosi" }, "geometry": { "type": "MultiLineString", "coordinates": [ [ [ 109.103429719094706, -6.839731625144088 ], [ 109.103428968654754, -6.839731531774418 ], [ 109.103403643597034, -6.839728373323402 ], [ 109.103386661977297, -6.839726254945159 ], [ 109.103088855287041, -6.839689108880868 ], [ 109.102952757355268, -6.839672132762781 ], [ 109.102869870961356, -6.839661793778411 ], [ 109.102796424726719, -6.839652632997867 ], [ 109.102786019851379, -6.839651335249942 ], [ 109.102780544364492, -6.839650651846959 ], [ 109.102665984962513, -6.839636362625908 ], [ 109.10265386492955, -6.839634851069419 ], [ 109.10259119428548, -6.839627033773711 ], [ 109.102411912775608, -6.839604671375012 ], [ 109.102249884142594, -6.839584460948229 ], [ 109.102201248525418, -6.839578394177595 ], [ 109.102192950309686, -6.839577358783312 ], [ 109.102063827965793, -6.839561252579426 ], [ 109.10205344298862, -6.839559957607532 ], [ 109.102041333814995, -6.839558446983595 ], [ 109.101890784231003, -6.83953966863654 ], [ 109.101858424992642, -6.83953563249221 ], [ 109.101696343115634, -6.839515414448329 ], [ 109.101627321710211, -6.83946583885033 ], [ 109.101617835078756, -6.839459025068122 ], [ 109.101616793235692, -6.839458276869697 ] ] ] } },
{ "type": "Feature", "properties": { "OBJECTID_1": 564, "OBJECTID": 9, "ID": 0, "TAHUN": 1996, "DATE": "1996-01-01", "NAMA_TITIK": "T03", "ZONA": "SEL BARAT", "SHAPE_LENG": 201.93683032300001, "TRANSECTID": 3, "TRANSORDER": 3, "SHORELINEI": "1996-01-01", "BASELINEID": 1, "DISTANCE": 342.43, "INTERSECTX": 289966.17502899998, "INTERSECTY": 9243769.1305400003, "UNCERTAINT": 10, "NAMA_TITI2": "T03", "D_TAHUN": 0.0, "LRR": -3.26, "SKOR_SHORE": 5, "RASTERVALU": 6.99672, "SKOR_SLOPE": 3, "RASTERVA_1": -1.58426, "SKOR_ELEV": 5, "GEOM_LAP": "Pasir_Halus", "SKOR_GEOM": 3, "KATEGORI": "Abrasi Tinggi", "GELOMBANG": 0.27121507595567101, "PASUT": 0.846, "SLR": 4.69, "SKOR_GEL": 4, "SKOR_PASUT": 4, "SKOR_SLR": 5, "CVI": 67.082039324990006, "KELAS_CVI": 4, "KELAS_CV_1": "Tinggi", "LAHAN": "Pantai", "JENIS": "Natural", "SKOR_LAHAN": 2, "DELTA_D": 17.64, "D_MEAN": -3.6795, "D_MEDIAN": -7.335, "TSS_MIN_MG": 18.0, "TSS_RATA_R": 30.5, "TSS_MEDIAN": 27.6, "TSS_MAKS_M": 83.5, "TSS_STDDEV": 9.9, "HS": 0.271215076, "MWP_MEAN_S": 3.6727, "MWD_CIRCUL": 30.14, "JARAK_MUAR": 387.64661320961198, "NAMA_SUNGA": "KaliGangsa", "MUARA_ID": "M1", "RESPON": "Abrasi", "TSS__BATAS": 30.4, "PROKSI_NER": "Defisit/Erosi" }, "geometry": { "type": "MultiLineString", "coordinates": [ [ [ 109.099388596653242, -6.837779382206789 ], [ 109.099372459266519, -6.83777333956482 ], [ 109.099207717247268, -6.837711646715498 ], [ 109.099133365718458, -6.837683803773665 ], [ 109.098953951471756, -6.837616616461879 ], [ 109.098891294457488, -6.837566342462973 ], [ 109.098800379320195, -6.8374933955448 ], [ 109.098528903710331, -6.837275572356346 ], [ 109.09850945901573, -6.837259970977876 ], [ 109.098508308420591, -6.83725904785138 ], [ 109.098401089411539, -6.837173019030254 ], [ 109.09839991176564, -6.837172074097981 ], [ 109.098282130958225, -6.837077570853132 ], [ 109.09820800963513, -6.837018098247624 ], [ 109.098143801831256, -6.836966579427937 ], [ 109.098120418457881, -6.836947817062084 ], [ 109.098083280269194, -6.836918018062732 ], [ 109.097891446882883, -6.836764097562412 ] ] ] } },
{ "type": "Feature", "properties": { "OBJECTID_1": 565, "OBJECTID": 9, "ID": 0, "TAHUN": 1996, "DATE": "1996-01-01", "NAMA_TITIK": "T04", "ZONA": "SEL BARAT", "SHAPE_LENG": 202.67378153799999, "TRANSECTID": 4, "TRANSORDER": 4, "SHORELINEI": "1996-01-01", "BASELINEID": 1, "DISTANCE": 331.91, "INTERSECTX": 290125.08098299999, "INTERSECTY": 9243647.231000001, "UNCERTAINT": 10, "NAMA_TITI2": "T04", "D_TAHUN": 0.0, "LRR": -3.32, "SKOR_SHORE": 5, "RASTERVALU": 6.89058, "SKOR_SLOPE": 3, "RASTERVA_1": -2.22393, "SKOR_ELEV": 5, "GEOM_LAP": "Pasir_Halus", "SKOR_GEOM": 3, "KATEGORI": "Abrasi Tinggi", "GELOMBANG": 0.27121507595567101, "PASUT": 0.846, "SLR": 4.69, "SKOR_GEL": 4, "SKOR_PASUT": 4, "SKOR_SLR": 5, "CVI": 67.082039324990006, "KELAS_CVI": 4, "KELAS_CV_1": "Tinggi", "LAHAN": "Pantai", "JENIS": "Natural", "SKOR_LAHAN": 2, "DELTA_D": 2.55, "D_MEAN": -3.6795, "D_MEDIAN": -7.335, "TSS_MIN_MG": 18.0, "TSS_RATA_R": 30.5, "TSS_MEDIAN": 27.6, "TSS_MAKS_M": 83.5, "TSS_STDDEV": 9.9, "HS": 0.271215076, "MWP_MEAN_S": 3.6727, "MWD_CIRCUL": 30.14, "JARAK_MUAR": 191.803552089433, "NAMA_SUNGA": "KaliGangsa", "MUARA_ID": "M1", "RESPON": "Abrasi", "TSS__BATAS": 30.4, "PROKSI_NER": "Defisit/Erosi" }, "geometry": { "type": "MultiLineString", "coordinates": [ [ [ 109.10082165731383, -6.838887153411569 ], [ 109.100821610408275, -6.838887119774153 ], [ 109.100800593205449, -6.838872023975386 ], [ 109.100799362841954, -6.838871140318501 ], [ 109.100669468448828, -6.838777840914015 ], [ 109.100653277995974, -6.83876621155709 ], [ 109.100636788973972, -6.838754367649957 ], [ 109.100606553988598, -6.838732650785397 ], [ 109.100554847812404, -6.838684137960852 ], [ 109.100553940260255, -6.838683286317654 ], [ 109.100484928410637, -6.838618536872017 ], [ 109.100397905230821, -6.838536888011294 ], [ 109.100253920819682, -6.838401795303059 ], [ 109.100252901512761, -6.838400839245077 ], [ 109.100240927601064, -6.838389604445191 ], [ 109.100227049360669, -6.838376583731358 ], [ 109.100185383105554, -6.838337490724218 ], [ 109.100134587273118, -6.838289831339617 ], [ 109.099724683599248, -6.837905240368764 ], [ 109.099568566555064, -6.837846777721397 ], [ 109.099388596653242, -6.837779382206789 ] ] ] } },
{ "type": "Feature", "properties": { "OBJECTID_1": 567, "OBJECTID": 9, "ID": 0, "TAHUN": 1996, "DATE": "1996-01-01", "NAMA_TITIK": "T02", "ZONA": "SEL BARAT", "SHAPE_LENG": 201.10739815599999, "TRANSECTID": 2, "TRANSORDER": 2, "SHORELINEI": "1996-01-01", "BASELINEID": 1, "DISTANCE": 340.5, "INTERSECTX": 289800.223795, "INTERSECTY": 9243880.7723900005, "UNCERTAINT": 10, "NAMA_TITI2": "T02", "D_TAHUN": 0.0, "LRR": -2.19, "SKOR_SHORE": 5, "RASTERVALU": 6.56471, "SKOR_SLOPE": 3, "RASTERVA_1": -1.78074, "SKOR_ELEV": 5, "GEOM_LAP": "Pasir_Halus", "SKOR_GEOM": 3, "KATEGORI": "Abrasi Tinggi", "GELOMBANG": 0.27121507595567101, "PASUT": 0.846, "SLR": 4.69, "SKOR_GEL": 4, "SKOR_PASUT": 4, "SKOR_SLR": 5, "CVI": 67.082039324990006, "KELAS_CVI": 4, "KELAS_CV_1": "Tinggi", "LAHAN": "Pantai", "JENIS": "Natural", "SKOR_LAHAN": 2, "DELTA_D": 20.28, "D_MEAN": -3.6795, "D_MEDIAN": -7.335, "TSS_MIN_MG": 18.0, "TSS_RATA_R": 30.5, "TSS_MEDIAN": 27.6, "TSS_MAKS_M": 83.5, "TSS_STDDEV": 9.9, "HS": 0.271215076, "MWP_MEAN_S": 3.6727, "MWD_CIRCUL": 30.14, "JARAK_MUAR": 579.82548354246296, "NAMA_SUNGA": "KaliGangsa", "MUARA_ID": "M1", "RESPON": "Abrasi", "TSS__BATAS": 30.4, "PROKSI_NER": "Defisit/Erosi" }, "geometry": { "type": "MultiLineString", "coordinates": [ [ [ 109.097891446882883, -6.836764097562412 ], [ 109.097716594775179, -6.836623801326605 ], [ 109.097628884719825, -6.836553425591901 ], [ 109.097611321970675, -6.836539334268663 ], [ 109.097565194633603, -6.836502321954265 ], [ 109.097282566886392, -6.836275548757338 ], [ 109.097235597694208, -6.836251046949536 ], [ 109.097126756402545, -6.836194268703474 ], [ 109.097106514817611, -6.836183710006109 ], [ 109.097092928051964, -6.836176622289598 ], [ 109.097071240322492, -6.836165308363906 ], [ 109.096849504663666, -6.836049640040501 ], [ 109.096805680580985, -6.836026778945778 ], [ 109.096787689482255, -6.836017393634902 ], [ 109.096786905022739, -6.836016984586316 ], [ 109.096771893782588, -6.836009154378631 ], [ 109.096622694073602, -6.835931324222883 ], [ 109.096607316338435, -6.835923302698508 ], [ 109.096577562885173, -6.835907781667857 ], [ 109.096514727676777, -6.835875004105457 ], [ 109.096362047207037, -6.835795357325289 ] ] ] } },
{ "type": "Feature", "properties": { "OBJECTID_1": 568, "OBJECTID": 9, "ID": 0, "TAHUN": 1996, "DATE": "1996-01-01", "NAMA_TITIK": "T01", "ZONA": "SEL BARAT", "SHAPE_LENG": 56.766405149199997, "TRANSECTID": 1, "TRANSORDER": 1, "SHORELINEI": "1996-01-01", "BASELINEID": 1, "DISTANCE": 332.31, "INTERSECTX": 289630.72678099998, "INTERSECTY": 9243987.2517000008, "UNCERTAINT": 10, "NAMA_TITI2": "T01", "D_TAHUN": 0.0, "LRR": -0.96, "SKOR_SHORE": 3, "RASTERVALU": 0.111227, "SKOR_SLOPE": 5, "RASTERVA_1": -2.91494, "SKOR_ELEV": 5, "GEOM_LAP": "Pasir_Halus", "SKOR_GEOM": 3, "KATEGORI": "Stabil", "GELOMBANG": 0.27121507595567101, "PASUT": 0.846, "SLR": 4.69, "SKOR_GEL": 4, "SKOR_PASUT": 4, "SKOR_SLR": 5, "CVI": 67.082039324990006, "KELAS_CVI": 4, "KELAS_CV_1": "Tinggi", "LAHAN": "Pantai", "JENIS": "Natural", "SKOR_LAHAN": 2, "DELTA_D": 16.65, "D_MEAN": -3.6795, "D_MEDIAN": -7.335, "TSS_MIN_MG": 18.0, "TSS_RATA_R": 30.5, "TSS_MEDIAN": 27.6, "TSS_MAKS_M": 83.5, "TSS_STDDEV": 9.9, "HS": 0.271215076, "MWP_MEAN_S": 3.6727, "MWD_CIRCUL": 30.14, "JARAK_MUAR": 778.10088489128304, "NAMA_SUNGA": "KaliGangsa", "MUARA_ID": "M1", "RESPON": "Abrasi", "TSS__BATAS": 30.4, "PROKSI_NER": "Defisit/Erosi" }, "geometry": { "type": "MultiLineString", "coordinates": [ [ [ 109.096362047207037, -6.835795357325289 ], [ 109.096282943336362, -6.835754092685522 ], [ 109.096280530384973, -6.835752833658424 ], [ 109.096279872307662, -6.835752490205193 ], [ 109.096260469388397, -6.835742368773223 ], [ 109.095906827130193, -6.835557889885528 ] ] ] } },
{ "type": "Feature", "properties": { "OBJECTID_1": 570, "OBJECTID": 10, "ID": 0, "TAHUN": 1997, "DATE": "1997-01-01", "NAMA_TITIK": "T42", "ZONA": "SEL TIMUR", "SHAPE_LENG": 213.57126602899999, "TRANSECTID": 46, "TRANSORDER": 46, "SHORELINEI": "1997-01-01", "BASELINEID": 1, "DISTANCE": 294.02, "INTERSECTX": 298025.78247699997, "INTERSECTY": 9242365.6032200009, "UNCERTAINT": 10, "NAMA_TITI2": "T42", "D_TAHUN": 0.0, "LRR": -1.48, "SKOR_SHORE": 4, "RASTERVALU": 10.6361, "SKOR_SLOPE": 2, "RASTERVA_1": -1.41562, "SKOR_ELEV": 5, "GEOM_LAP": "Tambak", "SKOR_GEOM": 5, "KATEGORI": "Abrasi Sedang", "GELOMBANG": 0.29514835336628997, "PASUT": 0.816, "SLR": 4.69, "SKOR_GEL": 5, "SKOR_PASUT": 5, "SKOR_SLR": 5, "CVI": 96.824583655189997, "KELAS_CVI": 5, "KELAS_CV_1": "Sangat Tinggi", "LAHAN": "Tambak", "JENIS": "Natural", "SKOR_LAHAN": 3, "DELTA_D": -43.85, "D_MEAN": 25.193888888888878, "D_MEDIAN": 28.445, "TSS_MIN_MG": 23.6, "TSS_RATA_R": 54.1, "TSS_MEDIAN": 45.5, "TSS_MAKS_M": 200.0, "TSS_STDDEV": 25.3, "HS": 0.295148353, "MWP_MEAN_S": 3.8098, "MWD_CIRCUL": 42.84, "JARAK_MUAR": 1130.0451134499999, "NAMA_SUNGA": "Kali Ketiwon", "MUARA_ID": "M5", "RESPON": "Akresi", "TSS__BATAS": 30.4, "PROKSI_NER": "Surplus/Deposisi" }, "geometry": { "type": "MultiLineString", "coordinates": [ [ [ 109.172250172792658, -6.850754637690842 ], [ 109.170767803891678, -6.849516210031448 ] ] ] } },
{ "type": "Feature", "properties": { "OBJECTID_1": 579, "OBJECTID": 10, "ID": 0, "TAHUN": 1997, "DATE": "1997-01-01", "NAMA_TITIK": "T40", "ZONA": "SEL TIMUR", "SHAPE_LENG": 216.15596606599999, "TRANSECTID": 44, "TRANSORDER": 44, "SHORELINEI": "1997-01-01", "BASELINEID": 1, "DISTANCE": 285.99, "INTERSECTX": 297672.28161499999, "INTERSECTY": 9242574.96459, "UNCERTAINT": 10, "NAMA_TITI2": "T40", "D_TAHUN": 0.0, "LRR": -2.39, "SKOR_SHORE": 5, "RASTERVALU": 1.31742, "SKOR_SLOPE": 5, "RASTERVA_1": -2.87668, "SKOR_ELEV": 5, "GEOM_LAP": "Tambak", "SKOR_GEOM": 5, "KATEGORI": "Abrasi Tinggi", "GELOMBANG": 0.29514835336628997, "PASUT": 0.816, "SLR": 4.69, "SKOR_GEL": 5, "SKOR_PASUT": 5, "SKOR_SLR": 5, "CVI": 171.16329922035999, "KELAS_CVI": 5, "KELAS_CV_1": "Sangat Tinggi", "LAHAN": "Tambak", "JENIS": "Natural", "SKOR_LAHAN": 3, "DELTA_D": -31.12, "D_MEAN": 25.193888888888878, "D_MEDIAN": 28.445, "TSS_MIN_MG": 23.6, "TSS_RATA_R": 54.1, "TSS_MEDIAN": 45.5, "TSS_MAKS_M": 200.0, "TSS_STDDEV": 25.3, "HS": 0.295148353, "MWP_MEAN_S": 3.8098, "MWD_CIRCUL": 42.84, "JARAK_MUAR": 727.664323427044, "NAMA_SUNGA": "Kali Ketiwon", "MUARA_ID": "M5", "RESPON": "Akresi", "TSS__BATAS": 30.4, "PROKSI_NER": "Surplus/Deposisi" }, "geometry": { "type": "MultiLineString", "coordinates": [ [ [ 109.169055879686482, -6.848846505570291 ], [ 109.168869523938426, -6.848740553314803 ], [ 109.168857653688008, -6.848733804713931 ], [ 109.168703406374277, -6.848646107492872 ], [ 109.168316766994252, -6.848426283547071 ], [ 109.168181910355699, -6.848349610273394 ], [ 109.168176540304174, -6.848338737292153 ], [ 109.168117688767111, -6.84821958379158 ], [ 109.168057531100203, -6.848097785194413 ], [ 109.168039612085053, -6.848061505685679 ], [ 109.168033955668378, -6.848050053861028 ], [ 109.168025297341188, -6.848032523747605 ], [ 109.167967684690524, -6.847915878560396 ], [ 109.167933098081861, -6.847845852316253 ], [ 109.167916535506052, -6.847812319360561 ], [ 109.167877312283593, -6.847732906640847 ], [ 109.167869829056428, -6.847717755304371 ], [ 109.167841709502056, -6.847660822294496 ], [ 109.167780558189406, -6.847537012696444 ], [ 109.167775605582634, -6.847526984878257 ], [ 109.167770672725879, -6.847516996917934 ], [ 109.167761423730425, -6.84749827017088 ] ] ] } },
{ "type": "Feature", "properties": { "OBJECTID_1": 581, "OBJECTID": 10, "ID": 0, "TAHUN": 1997, "DATE": "1997-01-01", "NAMA_TITIK": "T41", "ZONA": "SEL TIMUR", "SHAPE_LENG": 214.36595590300001, "TRANSECTID": 45, "TRANSORDER": 45, "SHORELINEI": "1997-01-01", "BASELINEID": 1, "DISTANCE": 322.02, "INTERSECTX": 297861.80202499998, "INTERSECTY": 9242501.6158600003, "UNCERTAINT": 10, "NAMA_TITI2": "T41", "D_TAHUN": 0.0, "LRR": -2.12, "SKOR_SHORE": 5, "RASTERVALU": 9.05717, "SKOR_SLOPE": 2, "RASTERVA_1": -1.62402, "SKOR_ELEV": 5, "GEOM_LAP": "Tambak", "SKOR_GEOM": 5, "KATEGORI": "Abrasi Tinggi", "GELOMBANG": 0.29514835336628997, "PASUT": 0.816, "SLR": 4.69, "SKOR_GEL": 5, "SKOR_PASUT": 5, "SKOR_SLR": 5, "CVI": 108.25317547305001, "KELAS_CVI": 5, "KELAS_CV_1": "Sangat Tinggi", "LAHAN": "Tambak", "JENIS": "Natural", "SKOR_LAHAN": 3, "DELTA_D": 6.35, "D_MEAN": 25.193888888888878, "D_MEDIAN": 28.445, "TSS_MIN_MG": 23.6, "TSS_RATA_R": 54.1, "TSS_MEDIAN": 45.5, "TSS_MAKS_M": 200.0, "TSS_STDDEV": 25.3, "HS": 0.295148353, "MWP_MEAN_S": 3.8098, "MWD_CIRCUL": 42.84, "JARAK_MUAR": 936.29342666807304, "NAMA_SUNGA": "Kali Ketiwon", "MUARA_ID": "M5", "RESPON": "Akresi", "TSS__BATAS": 30.4, "PROKSI_NER": "Surplus/Deposisi" }, "geometry": { "type": "MultiLineString", "coordinates": [ [ [ 109.170767803891678, -6.849516210031448 ], [ 109.170742115181881, -6.849494748952187 ], [ 109.170554121562205, -6.84933769013939 ], [ 109.170192680214967, -6.849035726218781 ], [ 109.170093840183483, -6.848953150772673 ], [ 109.169992637479965, -6.848950727432918 ], [ 109.169973671643277, -6.848950272752131 ], [ 109.169917128713593, -6.848948919097218 ], [ 109.169842776877942, -6.848947138663813 ], [ 109.169835361322896, -6.848946961237075 ], [ 109.169811104734151, -6.848946380614628 ], [ 109.169805792272612, -6.848946253692199 ], [ 109.169802390236342, -6.848946172019994 ], [ 109.169740289722171, -6.848944684159336 ], [ 109.169697190320477, -6.848943652021586 ], [ 109.16967947187004, -6.848943227396527 ], [ 109.169665331844016, -6.848942888732457 ], [ 109.169525258573671, -6.848939534248323 ], [ 109.169525018865059, -6.848939528814501 ], [ 109.169499993407939, -6.848938929877247 ], [ 109.16939064883492, -6.848936310842927 ], [ 109.16938415321745, -6.84893615499673 ], [ 109.169290494559718, -6.848933912146255 ], [ 109.169290054946131, -6.848933901429998 ], [ 109.169287443491768, -6.848933839040664 ], [ 109.169284706304808, -6.848933773459895 ], [ 109.169274742618484, -6.848933534780655 ], [ 109.169259703467262, -6.848933174596433 ], [ 109.169233921806054, -6.848932557394044 ], [ 109.169206057859128, -6.848931889762178 ], [ 109.169093459204802, -6.848867870967839 ], [ 109.169055879686482, -6.848846505570291 ] ] ] } },
{ "type": "Feature", "properties": { "OBJECTID_1": 590, "OBJECTID": 10, "ID": 0, "TAHUN": 1997, "DATE": "1997-01-01", "NAMA_TITIK": "T51", "ZONA": "SEL BARAT", "SHAPE_LENG": 200.89342501300001, "TRANSECTID": 20, "TRANSORDER": 20, "SHORELINEI": "1997-01-01", "BASELINEID": 1, "DISTANCE": 253.17, "INTERSECTX": 292991.00189499999, "INTERSECTY": 9242623.7368000001, "UNCERTAINT": 10, "NAMA_TITI2": "T51", "D_TAHUN": 0.0, "LRR": 0.72, "SKOR_SHORE": 3, "RASTERVALU": 2.59289, "SKOR_SLOPE": 4, "RASTERVA_1": -2.65623, "SKOR_ELEV": 5, "GEOM_LAP": "Aluvial", "SKOR_GEOM": 4, "KATEGORI": "Stabil", "GELOMBANG": 0.29514835336628997, "PASUT": 0.816, "SLR": 4.69, "SKOR_GEL": 5, "SKOR_PASUT": 5, "SKOR_SLR": 5, "CVI": 122.47448713916, "KELAS_CVI": 5, "KELAS_CV_1": "Sangat Tinggi", "LAHAN": "Muara", "JENIS": "Natural", "SKOR_LAHAN": 4, "DELTA_D": 14.62, "D_MEAN": -4.352, "D_MEDIAN": -6.6, "TSS_MIN_MG": 23.0, "TSS_RATA_R": 52.9, "TSS_MEDIAN": 43.6, "TSS_MAKS_M": 184.9, "TSS_STDDEV": 26.0, "HS": 0.295148353, "MWP_MEAN_S": 3.8098, "MWD_CIRCUL": 42.84, "JARAK_MUAR": 19.716633507029201, "NAMA_SUNGA": "Kali Sibelis", "MUARA_ID": "M3", "RESPON": "Abrasi", "TSS__BATAS": 30.4, "PROKSI_NER": "Bypass/Export" }, "geometry": { "type": "MultiLineString", "coordinates": [ [ [ 109.12671006991232, -6.848242338578029 ], [ 109.126697559585025, -6.848241742815886 ], [ 109.126696223716465, -6.848241678840389 ], [ 109.126694697913138, -6.848241605987373 ], [ 109.126669388740169, -6.848240400679551 ], [ 109.126525634853081, -6.848233554804347 ], [ 109.126327949658446, -6.84822413975713 ], [ 109.126248341963986, -6.848220348489817 ], [ 109.12617132823226, -6.848216680339624 ], [ 109.12606474810859, -6.848211603988345 ], [ 109.125951485933726, -6.848206209524133 ], [ 109.125926049247425, -6.848204998256085 ], [ 109.125741323066237, -6.848196200395516 ], [ 109.125548087871863, -6.848186996777247 ], [ 109.125415730144212, -6.848180693200809 ], [ 109.125059031558919, -6.848163704630805 ], [ 109.12489483011629, -6.848155883420243 ] ] ] } },
{ "type": "Feature", "properties": { "OBJECTID_1": 603, "OBJECTID": 10, "ID": 0, "TAHUN": 1997, "DATE": "1997-01-01", "NAMA_TITIK": "T39", "ZONA": "SEL TIMUR", "SHAPE_LENG": 203.13774870200001, "TRANSECTID": 43, "TRANSORDER": 43, "SHORELINEI": "1997-01-01", "BASELINEID": 1, "DISTANCE": 338.06, "INTERSECTX": 297528.62171600002, "INTERSECTY": 9242723.5353800002, "UNCERTAINT": 10, "NAMA_TITI2": "T39", "D_TAHUN": 0.0, "LRR": -3.6, "SKOR_SHORE": 5, "RASTERVALU": 0.000339, "SKOR_SLOPE": 5, "RASTERVA_1": -2.9425, "SKOR_ELEV": 5, "GEOM_LAP": "Pasir_Halus", "SKOR_GEOM": 3, "KATEGORI": "Abrasi Tinggi", "GELOMBANG": 0.29514835336628997, "PASUT": 0.816, "SLR": 4.69, "SKOR_GEL": 5, "SKOR_PASUT": 5, "SKOR_SLR": 5, "CVI": 108.25317547305001, "KELAS_CVI": 5, "KELAS_CV_1": "Sangat Tinggi", "LAHAN": "Pantai", "JENIS": "Natural", "SKOR_LAHAN": 2, "DELTA_D": 13.56, "D_MEAN": 25.193888888888878, "D_MEDIAN": 28.445, "TSS_MIN_MG": 23.6, "TSS_RATA_R": 54.1, "TSS_MEDIAN": 45.5, "TSS_MAKS_M": 200.0, "TSS_STDDEV": 25.3, "HS": 0.295148353, "MWP_MEAN_S": 3.8098, "MWD_CIRCUL": 42.84, "JARAK_MUAR": 535.47677602736997, "NAMA_SUNGA": "Kali Ketiwon", "MUARA_ID": "M5", "RESPON": "Akresi", "TSS__BATAS": 30.4, "PROKSI_NER": "Surplus/Deposisi" }, "geometry": { "type": "MultiLineString", "coordinates": [ [ [ 109.167761423730425, -6.84749827017088 ], [ 109.167737483880927, -6.84744980056603 ], [ 109.167710770145248, -6.847395714658034 ], [ 109.167684611924798, -6.847375273378383 ], [ 109.167646651751127, -6.847345609986641 ], [ 109.167075095020209, -6.846898970770225 ], [ 109.167022615444054, -6.846857960965409 ], [ 109.166943837021108, -6.846796399914878 ], [ 109.166668013946321, -6.846580859400146 ], [ 109.166353244409933, -6.846334883952272 ] ] ] } },
{ "type": "Feature", "properties": { "OBJECTID_1": 609, "OBJECTID": 10, "ID": 0, "TAHUN": 1997, "DATE": "1997-01-01", "NAMA_TITIK": "T38", "ZONA": "SEL TIMUR", "SHAPE_LENG": 171.192269517, "TRANSECTID": 42, "TRANSORDER": 42, "SHORELINEI": "1997-01-01", "BASELINEID": 1, "DISTANCE": 366.13, "INTERSECTX": 297372.46798199997, "INTERSECTY": 9242851.6133399997, "UNCERTAINT": 10, "NAMA_TITI2": "T38", "D_TAHUN": 0.0, "LRR": -4.04, "SKOR_SHORE": 5, "RASTERVALU": 0.000344, "SKOR_SLOPE": 5, "RASTERVA_1": -2.94192, "SKOR_ELEV": 5, "GEOM_LAP": "Pasir_Halus", "SKOR_GEOM": 3, "KATEGORI": "Abrasi Tinggi", "GELOMBANG": 0.29514835336628997, "PASUT": 0.816, "SLR": 4.69, "SKOR_GEL": 5, "SKOR_PASUT": 5, "SKOR_SLR": 5, "CVI": 108.25317547305001, "KELAS_CVI": 5, "KELAS_CV_1": "Sangat Tinggi", "LAHAN": "Pantai", "JENIS": "Natural", "SKOR_LAHAN": 2, "DELTA_D": 3.93, "D_MEAN": 25.193888888888878, "D_MEDIAN": 28.445, "TSS_MIN_MG": 23.6, "TSS_RATA_R": 54.1, "TSS_MEDIAN": 45.5, "TSS_MAKS_M": 200.0, "TSS_STDDEV": 25.3, "HS": 0.295148353, "MWP_MEAN_S": 3.8098, "MWD_CIRCUL": 42.84, "JARAK_MUAR": 355.43647958132902, "NAMA_SUNGA": "Kali Ketiwon", "MUARA_ID": "M5", "RESPON": "Akresi", "TSS__BATAS": 30.4, "PROKSI_NER": "Surplus/Deposisi" }, "geometry": { "type": "MultiLineString", "coordinates": [ [ [ 109.166353244409933, -6.846334883952272 ], [ 109.166130308079403, -6.846160671105858 ], [ 109.165710063634108, -6.845832272257472 ], [ 109.165389888026837, -6.845582070607319 ], [ 109.16523597592392, -6.845461795687179 ], [ 109.165170059618063, -6.845410285237836 ], [ 109.165133237119576, -6.845381510325645 ] ] ] } },
{ "type": "Feature", "properties": { "OBJECTID_1": 615, "OBJECTID": 10, "ID": 0, "TAHUN": 1997, "DATE": "1997-01-01", "NAMA_TITIK": "T37", "ZONA": "SEL TIMUR", "SHAPE_LENG": 200.11931547399999, "TRANSECTID": 41, "TRANSORDER": 41, "SHORELINEI": "1997-01-01", "BASELINEID": 1, "DISTANCE": 383.28, "INTERSECTX": 297237.20310500002, "INTERSECTY": 9242956.5428100005, "UNCERTAINT": 10, "NAMA_TITI2": "T37", "D_TAHUN": 0.0, "LRR": -4.54, "SKOR_SHORE": 5, "RASTERVALU": 0.000345, "SKOR_SLOPE": 5, "RASTERVA_1": -2.94128, "SKOR_ELEV": 5, "GEOM_LAP": "Pasir_Halus", "SKOR_GEOM": 3, "KATEGORI": "Abrasi Tinggi", "GELOMBANG": 0.29514835336628997, "PASUT": 0.816, "SLR": 4.69, "SKOR_GEL": 5, "SKOR_PASUT": 5, "SKOR_SLR": 5, "CVI": 108.25317547305001, "KELAS_CVI": 5, "KELAS_CV_1": "Sangat Tinggi", "LAHAN": "Pantai", "JENIS": "Natural", "SKOR_LAHAN": 2, "DELTA_D": -1.74, "D_MEAN": 25.193888888888878, "D_MEDIAN": 28.445, "TSS_MIN_MG": 23.6, "TSS_RATA_R": 54.1, "TSS_MEDIAN": 45.5, "TSS_MAKS_M": 200.0, "TSS_STDDEV": 25.3, "HS": 0.295148353, "MWP_MEAN_S": 3.8098, "MWD_CIRCUL": 42.84, "JARAK_MUAR": 155.29372815372599, "NAMA_SUNGA": "Kali Ketiwon", "MUARA_ID": "M5", "RESPON": "Akresi", "TSS__BATAS": 30.4, "PROKSI_NER": "Surplus/Deposisi" }, "geometry": { "type": "MultiLineString", "coordinates": [ [ [ 109.165133237119576, -6.845381510325645 ], [ 109.165068670136989, -6.845331053829782 ], [ 109.164994576004943, -6.845273153278863 ], [ 109.164869248283793, -6.845175215873359 ], [ 109.163707086425347, -6.844267039524296 ] ] ] } },
{ "type": "Feature", "properties": { "OBJECTID_1": 620, "OBJECTID": 10, "ID": 0, "TAHUN": 1997, "DATE": "1997-01-01", "NAMA_TITIK": "T05", "ZONA": "SEL BARAT", "SHAPE_LENG": 201.68631462299999, "TRANSECTID": 6, "TRANSORDER": 6, "SHORELINEI": "1997-01-01", "BASELINEID": 1, "DISTANCE": 344.16, "INTERSECTX": 290419.74188099999, "INTERSECTY": 9243573.7088900004, "UNCERTAINT": 10, "NAMA_TITI2": "T05", "D_TAHUN": 0.0, "LRR": -1.47, "SKOR_SHORE": 4, "RASTERVALU": 6.15341, "SKOR_SLOPE": 3, "RASTERVA_1": -2.46219, "SKOR_ELEV": 5, "GEOM_LAP": "Pasir_Halus", "SKOR_GEOM": 3, "KATEGORI": "Abrasi Sedang", "GELOMBANG": 0.29514835336628997, "PASUT": 0.816, "SLR": 4.69, "SKOR_GEL": 5, "SKOR_PASUT": 5, "SKOR_SLR": 5, "CVI": 106.06601717798, "KELAS_CVI": 5, "KELAS_CV_1": "Sangat Tinggi", "LAHAN": "Muara", "JENIS": "Natural", "SKOR_LAHAN": 4, "DELTA_D": 19.68, "D_MEAN": -4.352, "D_MEDIAN": -6.6, "TSS_MIN_MG": 23.0, "TSS_RATA_R": 52.9, "TSS_MEDIAN": 43.6, "TSS_MAKS_M": 184.9, "TSS_STDDEV": 26.0, "HS": 0.295148353, "MWP_MEAN_S": 3.8098, "MWD_CIRCUL": 42.84, "JARAK_MUAR": 4.2768385923696401, "NAMA_SUNGA": "KaliGangsa", "MUARA_ID": "M1", "RESPON": "Abrasi", "TSS__BATAS": 30.4, "PROKSI_NER": "Bypass/Export" }, "geometry": { "type": "MultiLineString", "coordinates": [ [ [ 109.103484454092282, -6.839562381173687 ], [ 109.103422117677411, -6.839532893599051 ], [ 109.103142197134332, -6.839400479793375 ], [ 109.103108298574924, -6.839384444544489 ], [ 109.1018354089734, -6.838782314597513 ] ] ] } },
{ "type": "Feature", "properties": { "OBJECTID_1": 622, "OBJECTID": 10, "ID": 0, "TAHUN": 1997, "DATE": "1997-01-01", "NAMA_TITIK": "T03", "ZONA": "SEL BARAT", "SHAPE_LENG": 202.32111665100001, "TRANSECTID": 3, "TRANSORDER": 3, "SHORELINEI": "1997-01-01", "BASELINEID": 1, "DISTANCE": 353.81, "INTERSECTX": 289972.61761900003, "INTERSECTY": 9243778.5107499994, "UNCERTAINT": 10, "NAMA_TITI2": "T03", "D_TAHUN": 0.0, "LRR": -3.26, "SKOR_SHORE": 5, "RASTERVALU": 6.99672, "SKOR_SLOPE": 3, "RASTERVA_1": -1.58426, "SKOR_ELEV": 5, "GEOM_LAP": "Pasir_Halus", "SKOR_GEOM": 3, "KATEGORI": "Abrasi Tinggi", "GELOMBANG": 0.29514835336628997, "PASUT": 0.816, "SLR": 4.69, "SKOR_GEL": 5, "SKOR_PASUT": 5, "SKOR_SLR": 5, "CVI": 83.852549156240002, "KELAS_CVI": 5, "KELAS_CV_1": "Sangat Tinggi", "LAHAN": "Pantai", "JENIS": "Natural", "SKOR_LAHAN": 2, "DELTA_D": 11.38, "D_MEAN": -4.352, "D_MEDIAN": -6.6, "TSS_MIN_MG": 23.0, "TSS_RATA_R": 52.9, "TSS_MEDIAN": 43.6, "TSS_MAKS_M": 184.9, "TSS_STDDEV": 26.0, "HS": 0.295148353, "MWP_MEAN_S": 3.8098, "MWD_CIRCUL": 42.84, "JARAK_MUAR": 387.64661320961198, "NAMA_SUNGA": "KaliGangsa", "MUARA_ID": "M1", "RESPON": "Abrasi", "TSS__BATAS": 30.4, "PROKSI_NER": "Bypass/Export" }, "geometry": { "type": "MultiLineString", "coordinates": [ [ [ 109.099447209605884, -6.837694805784371 ], [ 109.099397680948826, -6.83767239246764 ], [ 109.099353130354785, -6.837652231970631 ], [ 109.099276233683014, -6.837617433583624 ], [ 109.099152922725992, -6.837561631913355 ], [ 109.09873651802954, -6.837373196103638 ], [ 109.098566466745069, -6.837220595018533 ], [ 109.098511585175231, -6.837171344427726 ], [ 109.098439998301714, -6.83710710270474 ], [ 109.098425355349718, -6.837093962309797 ], [ 109.098122350537324, -6.836822049617833 ], [ 109.097955222833662, -6.836672071054566 ] ] ] } },
{ "type": "Feature", "properties": { "OBJECTID_1": 623, "OBJECTID": 10, "ID": 0, "TAHUN": 1997, "DATE": "1997-01-01", "NAMA_TITIK": "T04", "ZONA": "SEL BARAT", "SHAPE_LENG": 203.307865913, "TRANSECTID": 4, "TRANSORDER": 4, "SHORELINEI": "1997-01-01", "BASELINEID": 1, "DISTANCE": 390.33, "INTERSECTX": 290158.15614799998, "INTERSECTY": 9243695.3873599991, "UNCERTAINT": 10, "NAMA_TITI2": "T04", "D_TAHUN": 0.0, "LRR": -3.32, "SKOR_SHORE": 5, "RASTERVALU": 6.89058, "SKOR_SLOPE": 3, "RASTERVA_1": -2.22393, "SKOR_ELEV": 5, "GEOM_LAP": "Pasir_Halus", "SKOR_GEOM": 3, "KATEGORI": "Abrasi Tinggi", "GELOMBANG": 0.29514835336628997, "PASUT": 0.816, "SLR": 4.69, "SKOR_GEL": 5, "SKOR_PASUT": 5, "SKOR_SLR": 5, "CVI": 83.852549156240002, "KELAS_CVI": 5, "KELAS_CV_1": "Sangat Tinggi", "LAHAN": "Pantai", "JENIS": "Natural", "SKOR_LAHAN": 2, "DELTA_D": 58.42, "D_MEAN": -4.352, "D_MEDIAN": -6.6, "TSS_MIN_MG": 23.0, "TSS_RATA_R": 52.9, "TSS_MEDIAN": 43.6, "TSS_MAKS_M": 184.9, "TSS_STDDEV": 26.0, "HS": 0.295148353, "MWP_MEAN_S": 3.8098, "MWD_CIRCUL": 42.84, "JARAK_MUAR": 191.803552089433, "NAMA_SUNGA": "KaliGangsa", "MUARA_ID": "M1", "RESPON": "Abrasi", "TSS__BATAS": 30.4, "PROKSI_NER": "Bypass/Export" }, "geometry": { "type": "MultiLineString", "coordinates": [ [ [ 109.101122565808922, -6.838452951725066 ], [ 109.1004566912369, -6.838151625642936 ], [ 109.100269908434839, -6.838067101242461 ], [ 109.100192540248798, -6.83803208954217 ], [ 109.09989761355331, -6.837898626886224 ], [ 109.099483462843054, -6.837711211266901 ], [ 109.099447209605884, -6.837694805784371 ] ] ] } },
{ "type": "Feature", "properties": { "OBJECTID_1": 624, "OBJECTID": 10, "ID": 0, "TAHUN": 1997, "DATE": "1997-01-01", "NAMA_TITIK": "T44", "ZONA": "SEL BARAT", "SHAPE_LENG": 86.819957737500005, "TRANSECTID": 5, "TRANSORDER": 5, "SHORELINEI": "1997-01-01", "BASELINEID": 1, "DISTANCE": 370.19, "INTERSECTX": 290237.10327700002, "INTERSECTY": 9243659.2690999992, "UNCERTAINT": 10, "NAMA_TITI2": "T44", "D_TAHUN": 0.0, "LRR": -2.33, "SKOR_SHORE": 5, "RASTERVALU": 0.013365, "SKOR_SLOPE": 5, "RASTERVA_1": -2.91714, "SKOR_ELEV": 5, "GEOM_LAP": "Aluvial", "SKOR_GEOM": 4, "KATEGORI": "Abrasi Tinggi", "GELOMBANG": 0.29514835336628997, "PASUT": 0.816, "SLR": 4.69, "SKOR_GEL": 5, "SKOR_PASUT": 5, "SKOR_SLR": 5, "CVI": 176.77669529664001, "KELAS_CVI": 5, "KELAS_CV_1": "Sangat Tinggi", "LAHAN": "Muara", "JENIS": "Natural", "SKOR_LAHAN": 4, "DELTA_D": 78.58, "D_MEAN": -4.352, "D_MEDIAN": -6.6, "TSS_MIN_MG": 23.0, "TSS_RATA_R": 52.9, "TSS_MEDIAN": 43.6, "TSS_MAKS_M": 184.9, "TSS_STDDEV": 26.0, "HS": 0.295148353, "MWP_MEAN_S": 3.8098, "MWD_CIRCUL": 42.84, "JARAK_MUAR": 61.827697463302599, "NAMA_SUNGA": "KaliGangsa", "MUARA_ID": "M1", "RESPON": "Abrasi", "TSS__BATAS": 30.4, "PROKSI_NER": "Bypass/Export" }, "geometry": { "type": "MultiLineString", "coordinates": [ [ [ 109.1018354089734, -6.838782314597513 ], [ 109.101504789934353, -6.838625917307876 ], [ 109.101122565808922, -6.838452951725066 ] ] ] } },
{ "type": "Feature", "properties": { "OBJECTID_1": 625, "OBJECTID": 10, "ID": 0, "TAHUN": 1997, "DATE": "1997-01-01", "NAMA_TITIK": "T02", "ZONA": "SEL BARAT", "SHAPE_LENG": 209.975125429, "TRANSECTID": 2, "TRANSORDER": 2, "SHORELINEI": "1997-01-01", "BASELINEID": 1, "DISTANCE": 352.88, "INTERSECTX": 289807.23385600001, "INTERSECTY": 9243890.9788099993, "UNCERTAINT": 10, "NAMA_TITI2": "T02", "D_TAHUN": 0.0, "LRR": -2.19, "SKOR_SHORE": 5, "RASTERVALU": 6.56471, "SKOR_SLOPE": 3, "RASTERVA_1": -1.78074, "SKOR_ELEV": 5, "GEOM_LAP": "Pasir_Halus", "SKOR_GEOM": 3, "KATEGORI": "Abrasi Tinggi", "GELOMBANG": 0.29514835336628997, "PASUT": 0.816, "SLR": 4.69, "SKOR_GEL": 5, "SKOR_PASUT": 5, "SKOR_SLR": 5, "CVI": 83.852549156240002, "KELAS_CVI": 5, "KELAS_CV_1": "Sangat Tinggi", "LAHAN": "Pantai", "JENIS": "Natural", "SKOR_LAHAN": 2, "DELTA_D": 12.38, "D_MEAN": -4.352, "D_MEDIAN": -6.6, "TSS_MIN_MG": 23.0, "TSS_RATA_R": 52.9, "TSS_MEDIAN": 43.6, "TSS_MAKS_M": 184.9, "TSS_STDDEV": 26.0, "HS": 0.295148353, "MWP_MEAN_S": 3.8098, "MWD_CIRCUL": 42.84, "JARAK_MUAR": 579.82548354246296, "NAMA_SUNGA": "KaliGangsa", "MUARA_ID": "M1", "RESPON": "Abrasi", "TSS__BATAS": 30.4, "PROKSI_NER": "Bypass/Export" }, "geometry": { "type": "MultiLineString", "coordinates": [ [ [ 109.097955222833662, -6.836672071054566 ], [ 109.09780786249776, -6.836539831553154 ], [ 109.097747433576387, -6.836539678659698 ], [ 109.097611321970675, -6.836539334268663 ], [ 109.097609174522091, -6.836539328494633 ], [ 109.097608341413931, -6.836539326106434 ], [ 109.097566856011412, -6.836539220928308 ], [ 109.09754453031249, -6.836539164342221 ], [ 109.097543360702531, -6.836539161528194 ], [ 109.097538086154287, -6.836539147916172 ], [ 109.097522690368933, -6.836539108770701 ], [ 109.097490662247353, -6.836539028303686 ], [ 109.09746311446618, -6.836538958308591 ], [ 109.097458671217112, -6.836538947077015 ], [ 109.09744524920437, -6.836538913017377 ], [ 109.097427195793188, -6.836538866981877 ], [ 109.097391069975544, -6.836538774833786 ], [ 109.097336983915085, -6.836538637916463 ], [ 109.097261580124012, -6.836475049139781 ], [ 109.097115461669276, -6.836351826617069 ], [ 109.097099516495661, -6.836338379979955 ], [ 109.097054192754385, -6.836300158390925 ], [ 109.097036840234992, -6.836285524511785 ], [ 109.096840791177868, -6.836120194337539 ], [ 109.096607316338435, -6.835923302698508 ], [ 109.096400234197162, -6.835748668864768 ], [ 109.096396805533715, -6.835745777512235 ], [ 109.096396553994367, -6.835745565859039 ] ] ] } },
{ "type": "Feature", "properties": { "OBJECTID_1": 626, "OBJECTID": 10, "ID": 0, "TAHUN": 1997, "DATE": "1997-01-01", "NAMA_TITIK": "T01", "ZONA": "SEL BARAT", "SHAPE_LENG": 93.139569196099998, "TRANSECTID": 1, "TRANSORDER": 1, "SHORELINEI": "1997-01-01", "BASELINEID": 1, "DISTANCE": 339.01, "INTERSECTX": 289634.51968500001, "INTERSECTY": 9243992.7740499992, "UNCERTAINT": 10, "NAMA_TITI2": "T01", "D_TAHUN": 0.0, "LRR": -0.96, "SKOR_SHORE": 3, "RASTERVALU": 0.111227, "SKOR_SLOPE": 5, "RASTERVA_1": -2.91494, "SKOR_ELEV": 5, "GEOM_LAP": "Pasir_Halus", "SKOR_GEOM": 3, "KATEGORI": "Stabil", "GELOMBANG": 0.29514835336628997, "PASUT": 0.816, "SLR": 4.69, "SKOR_GEL": 5, "SKOR_PASUT": 5, "SKOR_SLR": 5, "CVI": 83.852549156240002, "KELAS_CVI": 5, "KELAS_CV_1": "Sangat Tinggi", "LAHAN": "Pantai", "JENIS": "Natural", "SKOR_LAHAN": 2, "DELTA_D": 6.7, "D_MEAN": -4.352, "D_MEDIAN": -6.6, "TSS_MIN_MG": 23.0, "TSS_RATA_R": 52.9, "TSS_MEDIAN": 43.6, "TSS_MAKS_M": 184.9, "TSS_STDDEV": 26.0, "HS": 0.295148353, "MWP_MEAN_S": 3.8098, "MWD_CIRCUL": 42.84, "JARAK_MUAR": 778.10088489128304, "NAMA_SUNGA": "KaliGangsa", "MUARA_ID": "M1", "RESPON": "Abrasi", "TSS__BATAS": 30.4, "PROKSI_NER": "Bypass/Export" }, "geometry": { "type": "MultiLineString", "coordinates": [ [ [ 109.096396553994367, -6.835745565859039 ], [ 109.096059180241269, -6.835461055104085 ], [ 109.095812380025563, -6.835252924856572 ], [ 109.095752626936275, -6.835202534622022 ] ] ] } },
{ "type": "Feature", "properties": { "OBJECTID_1": 628, "OBJECTID": 11, "ID": 0, "TAHUN": 1998, "DATE": "1998-01-01", "NAMA_TITIK": "T42", "ZONA": "SEL TIMUR", "SHAPE_LENG": 209.74543179899999, "TRANSECTID": 46, "TRANSORDER": 46, "SHORELINEI": "1998", "BASELINEID": 1, "DISTANCE": 290.65, "INTERSECTX": 298023.922227, "INTERSECTY": 9242362.79122, "UNCERTAINT": 10, "NAMA_TITI2": "T42", "D_TAHUN": 0.0, "LRR": -1.48, "SKOR_SHORE": 4, "RASTERVALU": 10.6361, "SKOR_SLOPE": 2, "RASTERVA_1": -1.41562, "SKOR_ELEV": 5, "GEOM_LAP": "Tambak", "SKOR_GEOM": 5, "KATEGORI": "Abrasi Sedang", "GELOMBANG": 0.24523335607612801, "PASUT": 0.811, "SLR": 4.69, "SKOR_GEL": 2, "SKOR_PASUT": 5, "SKOR_SLR": 5, "CVI": 61.237243569580002, "KELAS_CVI": 4, "KELAS_CV_1": "Tinggi", "LAHAN": "Tambak", "JENIS": "Natural", "SKOR_LAHAN": 3, "DELTA_D": -3.37, "D_MEAN": -25.191111111111113, "D_MEDIAN": -17.46, "TSS_MIN_MG": 23.9, "TSS_RATA_R": 54.3, "TSS_MEDIAN": 43.3, "TSS_MAKS_M": 261.2, "TSS_STDDEV": 30.0, "HS": 0.201692245, "MWP_MEAN_S": 3.3471, "MWD_CIRCUL": 29.3, "JARAK_MUAR": 1130.0451134499999, "NAMA_SUNGA": "Kali Ketiwon", "MUARA_ID": "M5", "RESPON": "Abrasi", "TSS__BATAS": 30.4, "PROKSI_NER": "Bypass/Export" }, "geometry": { "type": "MultiLineString", "coordinates": [ [ [ 109.172207569294429, -6.850775831676015 ], [ 109.172177069448651, -6.850752260128532 ], [ 109.172174861380114, -6.850750553730465 ], [ 109.172173629263668, -6.850749601491578 ], [ 109.172144550955764, -6.85072712847086 ], [ 109.17202773533441, -6.850636851105429 ], [ 109.172020769279527, -6.850631467501065 ], [ 109.171908541221285, -6.850544734669286 ], [ 109.171581819749875, -6.850292235773111 ], [ 109.170719666815728, -6.849625939021007 ], [ 109.170706537534073, -6.849615792380875 ] ] ] } },
{ "type": "Feature", "properties": { "OBJECTID_1": 629, "OBJECTID": 11, "ID": 0, "TAHUN": 1998, "DATE": "1998-01-01", "NAMA_TITIK": "T51", "ZONA": "SEL BARAT", "SHAPE_LENG": 200.15096547100001, "TRANSECTID": 20, "TRANSORDER": 20, "SHORELINEI": "1998-01-01", "BASELINEID": 1, "DISTANCE": 234.64, "INTERSECTX": 292988.45122799999, "INTERSECTY": 9242605.3800900001, "UNCERTAINT": 10, "NAMA_TITI2": "T51", "D_TAHUN": 0.0, "LRR": 0.72, "SKOR_SHORE": 3, "RASTERVALU": 2.59289, "SKOR_SLOPE": 4, "RASTERVA_1": -2.65623, "SKOR_ELEV": 5, "GEOM_LAP": "Aluvial", "SKOR_GEOM": 4, "KATEGORI": "Stabil", "GELOMBANG": 0.20169224458582199, "PASUT": 0.811, "SLR": 4.69, "SKOR_GEL": 1, "SKOR_PASUT": 5, "SKOR_SLR": 5, "CVI": 54.772255750520003, "KELAS_CVI": 4, "KELAS_CV_1": "Tinggi", "LAHAN": "Muara", "JENIS": "Natural", "SKOR_LAHAN": 4, "DELTA_D": -18.53, "D_MEAN": -10.241, "D_MEDIAN": -6.51, "TSS_MIN_MG": 22.1, "TSS_RATA_R": 38.0, "TSS_MEDIAN": 34.7, "TSS_MAKS_M": 164.6, "TSS_STDDEV": 11.8, "HS": 0.201692245, "MWP_MEAN_S": 3.3471, "MWD_CIRCUL": 29.3, "JARAK_MUAR": 19.716633507029201, "NAMA_SUNGA": "Kali Sibelis", "MUARA_ID": "M3", "RESPON": "Abrasi", "TSS__BATAS": 30.4, "PROKSI_NER": "Bypass/Export" }, "geometry": { "type": "MultiLineString", "coordinates": [ [ [ 109.126686349493696, -6.84840821442481 ], [ 109.124885383002876, -6.848221946485416 ] ] ] } },
{ "type": "Feature", "properties": { "OBJECTID_1": 639, "OBJECTID": 11, "ID": 0, "TAHUN": 1998, "DATE": "1998-01-01", "NAMA_TITIK": "T40", "ZONA": "SEL TIMUR", "SHAPE_LENG": 202.93071165000001, "TRANSECTID": 44, "TRANSORDER": 44, "SHORELINEI": "1998-01-01", "BASELINEID": 1, "DISTANCE": 313.72, "INTERSECTX": 297686.71787499997, "INTERSECTY": 9242598.6434700005, "UNCERTAINT": 10, "NAMA_TITI2": "T40", "D_TAHUN": 0.0, "LRR": -2.39, "SKOR_SHORE": 5, "RASTERVALU": 1.31742, "SKOR_SLOPE": 5, "RASTERVA_1": -2.87668, "SKOR_ELEV": 5, "GEOM_LAP": "Tambak", "SKOR_GEOM": 5, "KATEGORI": "Abrasi Tinggi", "GELOMBANG": 0.20169224458582199, "PASUT": 0.811, "SLR": 4.69, "SKOR_GEL": 1, "SKOR_PASUT": 5, "SKOR_SLR": 5, "CVI": 76.546554461970004, "KELAS_CVI": 5, "KELAS_CV_1": "Sangat Tinggi", "LAHAN": "Tambak", "JENIS": "Natural", "SKOR_LAHAN": 3, "DELTA_D": 27.73, "D_MEAN": -25.191111111111113, "D_MEDIAN": -17.46, "TSS_MIN_MG": 23.9, "TSS_RATA_R": 54.3, "TSS_MEDIAN": 43.3, "TSS_MAKS_M": 261.2, "TSS_STDDEV": 30.0, "HS": 0.201692245, "MWP_MEAN_S": 3.3471, "MWD_CIRCUL": 29.3, "JARAK_MUAR": 727.664323427044, "NAMA_SUNGA": "Kali Ketiwon", "MUARA_ID": "M5", "RESPON": "Abrasi", "TSS__BATAS": 30.4, "PROKSI_NER": "Bypass/Export" }, "geometry": { "type": "MultiLineString", "coordinates": [ [ [ 109.169187291527862, -6.848632914243471 ], [ 109.169046892087906, -6.848562363748314 ], [ 109.168916760559554, -6.848496972548549 ], [ 109.168834581560432, -6.848455677909725 ], [ 109.168789847934889, -6.848433199358805 ], [ 109.168786226376824, -6.848431379066986 ], [ 109.168751762420413, -6.848414060752043 ], [ 109.16874171035731, -6.84840900983994 ], [ 109.168667164567765, -6.848371550738571 ], [ 109.168537474682964, -6.848306381758123 ], [ 109.168282584291362, -6.848178298601047 ], [ 109.168279802440779, -6.848176900128241 ], [ 109.168160180982383, -6.848116790191189 ], [ 109.168145103740216, -6.848101053858471 ], [ 109.168129237181333, -6.848084493548792 ], [ 109.167967684690524, -6.847915878560396 ], [ 109.167770223792417, -6.847709784367762 ], [ 109.167685618206647, -6.847621480826247 ] ] ] } },
{ "type": "Feature", "properties": { "OBJECTID_1": 640, "OBJECTID": 11, "ID": 0, "TAHUN": 1998, "DATE": "1998-01-01", "NAMA_TITIK": "T41", "ZONA": "SEL TIMUR", "SHAPE_LENG": 200.967035896, "TRANSECTID": 45, "TRANSORDER": 45, "SHORELINEI": "1998-01-01", "BASELINEID": 1, "DISTANCE": 309.09, "INTERSECTX": 297855.07144700002, "INTERSECTY": 9242490.5761300009, "UNCERTAINT": 10, "NAMA_TITI2": "T41", "D_TAHUN": 0.0, "LRR": -2.12, "SKOR_SHORE": 5, "RASTERVALU": 9.05717, "SKOR_SLOPE": 2, "RASTERVA_1": -1.62402, "SKOR_ELEV": 5, "GEOM_LAP": "Tambak", "SKOR_GEOM": 5, "KATEGORI": "Abrasi Tinggi", "GELOMBANG": 0.20169224458582199, "PASUT": 0.811, "SLR": 4.69, "SKOR_GEL": 1, "SKOR_PASUT": 5, "SKOR_SLR": 5, "CVI": 48.412291827590003, "KELAS_CVI": 3, "KELAS_CV_1": "Sedang", "LAHAN": "Tambak", "JENIS": "Natural", "SKOR_LAHAN": 3, "DELTA_D": -12.93, "D_MEAN": -25.191111111111113, "D_MEDIAN": -17.46, "TSS_MIN_MG": 23.9, "TSS_RATA_R": 54.3, "TSS_MEDIAN": 43.3, "TSS_MAKS_M": 261.2, "TSS_STDDEV": 30.0, "HS": 0.201692245, "MWP_MEAN_S": 3.3471, "MWD_CIRCUL": 29.3, "JARAK_MUAR": 936.29342666807304, "NAMA_SUNGA": "Kali Ketiwon", "MUARA_ID": "M5", "RESPON": "Abrasi", "TSS__BATAS": 30.4, "PROKSI_NER": "Bypass/Export" }, "geometry": { "type": "MultiLineString", "coordinates": [ [ [ 109.170706537534073, -6.849615792380875 ], [ 109.17070621823315, -6.84961554523615 ], [ 109.170617246529318, -6.849546785773684 ], [ 109.17027638432738, -6.849283355563117 ], [ 109.170241607479227, -6.849256479257975 ], [ 109.170120587583455, -6.849162951453619 ], [ 109.169916094737133, -6.849004911935236 ], [ 109.169911912246675, -6.849001679942279 ], [ 109.169894732200689, -6.84898840306226 ], [ 109.169873242954253, -6.848977605227044 ], [ 109.169858876763641, -6.848970386023309 ], [ 109.169811104734151, -6.848946380614628 ], [ 109.169715773780752, -6.848898476383978 ], [ 109.169677375770263, -6.848879181127558 ], [ 109.169488526983642, -6.848784285478125 ], [ 109.169456586595444, -6.848768235390963 ], [ 109.169264907299294, -6.848671916611075 ], [ 109.169202456766854, -6.848640535236567 ], [ 109.169187291527862, -6.848632914243471 ] ] ] } },
{ "type": "Feature", "properties": { "OBJECTID_1": 657, "OBJECTID": 11, "ID": 0, "TAHUN": 1998, "DATE": "1998-01-01", "NAMA_TITIK": "T39", "ZONA": "SEL TIMUR", "SHAPE_LENG": 203.07409926700001, "TRANSECTID": 43, "TRANSORDER": 43, "SHORELINEI": "1998-01-01", "BASELINEID": 1, "DISTANCE": 322.06, "INTERSECTX": 297520.29411800002, "INTERSECTY": 9242709.8761599995, "UNCERTAINT": 10, "NAMA_TITI2": "T39", "D_TAHUN": 0.0, "LRR": -3.6, "SKOR_SHORE": 5, "RASTERVALU": 0.000339, "SKOR_SLOPE": 5, "RASTERVA_1": -2.9425, "SKOR_ELEV": 5, "GEOM_LAP": "Pasir_Halus", "SKOR_GEOM": 3, "KATEGORI": "Abrasi Tinggi", "GELOMBANG": 0.20169224458582199, "PASUT": 0.811, "SLR": 4.69, "SKOR_GEL": 1, "SKOR_PASUT": 5, "SKOR_SLR": 5, "CVI": 48.412291827590003, "KELAS_CVI": 3, "KELAS_CV_1": "Sedang", "LAHAN": "Pantai", "JENIS": "Natural", "SKOR_LAHAN": 2, "DELTA_D": -16.0, "D_MEAN": -25.191111111111113, "D_MEDIAN": -17.46, "TSS_MIN_MG": 23.9, "TSS_RATA_R": 54.3, "TSS_MEDIAN": 43.3, "TSS_MAKS_M": 261.2, "TSS_STDDEV": 30.0, "HS": 0.201692245, "MWP_MEAN_S": 3.3471, "MWD_CIRCUL": 29.3, "JARAK_MUAR": 535.47677602736997, "NAMA_SUNGA": "Kali Ketiwon", "MUARA_ID": "M5", "RESPON": "Abrasi", "TSS__BATAS": 30.4, "PROKSI_NER": "Bypass/Export" }, "geometry": { "type": "MultiLineString", "coordinates": [ [ [ 109.167685618206647, -6.847621480826247 ], [ 109.167635760604952, -6.847569443190031 ], [ 109.167448587225877, -6.847374086054193 ], [ 109.16742422024808, -6.847348654357441 ], [ 109.167012506066271, -6.847003966069167 ], [ 109.16698743465183, -6.846982976473564 ], [ 109.166704726511725, -6.846746292381543 ], [ 109.166305673978698, -6.846412203457183 ] ] ] } },
{ "type": "Feature", "properties": { "OBJECTID_1": 663, "OBJECTID": 11, "ID": 0, "TAHUN": 1998, "DATE": "1998-01-01", "NAMA_TITIK": "T38", "ZONA": "SEL TIMUR", "SHAPE_LENG": 172.395234738, "TRANSECTID": 42, "TRANSORDER": 42, "SHORELINEI": "1998-01-01", "BASELINEID": 1, "DISTANCE": 356.09, "INTERSECTX": 297367.24206900009, "INTERSECTY": 9242843.0416100007, "UNCERTAINT": 10, "NAMA_TITI2": "T38", "D_TAHUN": 0.0, "LRR": -4.04, "SKOR_SHORE": 5, "RASTERVALU": 0.000344, "SKOR_SLOPE": 5, "RASTERVA_1": -2.94192, "SKOR_ELEV": 5, "GEOM_LAP": "Pasir_Halus", "SKOR_GEOM": 3, "KATEGORI": "Abrasi Tinggi", "GELOMBANG": 0.20169224458582199, "PASUT": 0.811, "SLR": 4.69, "SKOR_GEL": 1, "SKOR_PASUT": 5, "SKOR_SLR": 5, "CVI": 48.412291827590003, "KELAS_CVI": 3, "KELAS_CV_1": "Sedang", "LAHAN": "Pantai", "JENIS": "Natural", "SKOR_LAHAN": 2, "DELTA_D": -10.04, "D_MEAN": -25.191111111111113, "D_MEDIAN": -17.46, "TSS_MIN_MG": 23.9, "TSS_RATA_R": 54.3, "TSS_MEDIAN": 43.3, "TSS_MAKS_M": 261.2, "TSS_STDDEV": 30.0, "HS": 0.201692245, "MWP_MEAN_S": 3.3471, "MWD_CIRCUL": 29.3, "JARAK_MUAR": 355.43647958132902, "NAMA_SUNGA": "Kali Ketiwon", "MUARA_ID": "M5", "RESPON": "Abrasi", "TSS__BATAS": 30.4, "PROKSI_NER": "Bypass/Export" }, "geometry": { "type": "MultiLineString", "coordinates": [ [ [ 109.166305673978698, -6.846412203457183 ], [ 109.165888396786173, -6.84606285691918 ], [ 109.165839989133389, -6.846022329109904 ], [ 109.165600499325549, -6.845821826303517 ], [ 109.165437137897754, -6.845685058949109 ], [ 109.16516726140199, -6.845459115764661 ], [ 109.165122752121491, -6.845421852301419 ], [ 109.165106831715732, -6.845417779835874 ] ] ] } },
{ "type": "Feature", "properties": { "OBJECTID_1": 675, "OBJECTID": 11, "ID": 0, "TAHUN": 1998, "DATE": "1998-01-01", "NAMA_TITIK": "T37", "ZONA": "SEL TIMUR", "SHAPE_LENG": 215.23212694099999, "TRANSECTID": 41, "TRANSORDER": 41, "SHORELINEI": "1998-01-01", "BASELINEID": 1, "DISTANCE": 378.32, "INTERSECTX": 297234.29953199998, "INTERSECTY": 9242952.5202799998, "UNCERTAINT": 10, "NAMA_TITI2": "T37", "D_TAHUN": 0.0, "LRR": -4.54, "SKOR_SHORE": 5, "RASTERVALU": 0.000345, "SKOR_SLOPE": 5, "RASTERVA_1": -2.94128, "SKOR_ELEV": 5, "GEOM_LAP": "Pasir_Halus", "SKOR_GEOM": 3, "KATEGORI": "Abrasi Tinggi", "GELOMBANG": 0.20169224458582199, "PASUT": 0.811, "SLR": 4.69, "SKOR_GEL": 1, "SKOR_PASUT": 5, "SKOR_SLR": 5, "CVI": 48.412291827590003, "KELAS_CVI": 3, "KELAS_CV_1": "Sedang", "LAHAN": "Pantai", "JENIS": "Natural", "SKOR_LAHAN": 2, "DELTA_D": -4.96, "D_MEAN": -25.191111111111113, "D_MEDIAN": -17.46, "TSS_MIN_MG": 23.9, "TSS_RATA_R": 54.3, "TSS_MEDIAN": 43.3, "TSS_MAKS_M": 261.2, "TSS_STDDEV": 30.0, "HS": 0.201692245, "MWP_MEAN_S": 3.3471, "MWD_CIRCUL": 29.3, "JARAK_MUAR": 155.29372815372599, "NAMA_SUNGA": "Kali Ketiwon", "MUARA_ID": "M5", "RESPON": "Abrasi", "TSS__BATAS": 30.4, "PROKSI_NER": "Bypass/Export" }, "geometry": { "type": "MultiLineString", "coordinates": [ [ [ 109.165106831715732, -6.845417779835874 ], [ 109.164364536043593, -6.845227890763522 ], [ 109.164150133230038, -6.84517304388676 ], [ 109.164058108446014, -6.845149502914638 ], [ 109.164049692770746, -6.845147349648546 ], [ 109.163989911826889, -6.845132056459994 ], [ 109.163960315073808, -6.845124485125045 ], [ 109.163892203412729, -6.845107061586504 ], [ 109.163849988576075, -6.845096262171698 ], [ 109.163836198328426, -6.845092734868244 ], [ 109.163645261427732, -6.845043890536197 ], [ 109.163541680535189, -6.84501739308241 ], [ 109.16342565510017, -6.84498771158693 ], [ 109.16331903314547, -6.844960435758365 ], [ 109.163220597321953, -6.844935254445781 ] ] ] } },
{ "type": "Feature", "properties": { "OBJECTID_1": 681, "OBJECTID": 11, "ID": 0, "TAHUN": 1998, "DATE": "1998-01-01", "NAMA_TITIK": "T05", "ZONA": "SEL BARAT", "SHAPE_LENG": 204.080370063, "TRANSECTID": 6, "TRANSORDER": 6, "SHORELINEI": "1998-01-01", "BASELINEID": 1, "DISTANCE": 292.33, "INTERSECTX": 290403.996499, "INTERSECTY": 9243524.3334500007, "UNCERTAINT": 10, "NAMA_TITI2": "T05", "D_TAHUN": 0.0, "LRR": -1.47, "SKOR_SHORE": 4, "RASTERVALU": 6.15341, "SKOR_SLOPE": 3, "RASTERVA_1": -2.46219, "SKOR_ELEV": 5, "GEOM_LAP": "Pasir_Halus", "SKOR_GEOM": 3, "KATEGORI": "Abrasi Sedang", "GELOMBANG": 0.20169224458582199, "PASUT": 0.811, "SLR": 4.69, "SKOR_GEL": 1, "SKOR_PASUT": 5, "SKOR_SLR": 5, "CVI": 47.43416490253, "KELAS_CVI": 3, "KELAS_CV_1": "Sedang", "LAHAN": "Muara", "JENIS": "Natural", "SKOR_LAHAN": 4, "DELTA_D": -51.83, "D_MEAN": -10.241, "D_MEDIAN": -6.51, "TSS_MIN_MG": 22.1, "TSS_RATA_R": 38.0, "TSS_MEDIAN": 34.7, "TSS_MAKS_M": 164.6, "TSS_STDDEV": 11.8, "HS": 0.201692245, "MWP_MEAN_S": 3.3471, "MWD_CIRCUL": 29.3, "JARAK_MUAR": 4.2768385923696401, "NAMA_SUNGA": "KaliGangsa", "MUARA_ID": "M1", "RESPON": "Abrasi", "TSS__BATAS": 30.4, "PROKSI_NER": "Bypass/Export" }, "geometry": { "type": "MultiLineString", "coordinates": [ [ [ 109.103340263848551, -6.840008224603043 ], [ 109.103285014067836, -6.839984207720937 ], [ 109.103151296479254, -6.839926081062251 ], [ 109.103034505499792, -6.839875311911725 ], [ 109.102968173661992, -6.839846477570269 ], [ 109.102558170630289, -6.839668249743231 ], [ 109.102411912775608, -6.839604671375012 ], [ 109.102250908365704, -6.839534682486641 ], [ 109.102132521957628, -6.839483219746596 ], [ 109.102131233206293, -6.839482230984185 ], [ 109.10197886386041, -6.839365334325877 ], [ 109.101910438323856, -6.839312839010279 ], [ 109.101897804241659, -6.839303145863194 ], [ 109.101887802671655, -6.839295472952015 ], [ 109.101854960731913, -6.839270276761769 ], [ 109.101847500591262, -6.839264553205886 ], [ 109.101845916934892, -6.839263338154608 ], [ 109.101839039391891, -6.839258061722312 ], [ 109.101836029000069, -6.839255752486267 ], [ 109.101813730646299, -6.839238645429778 ], [ 109.101805296502974, -6.839232174847267 ], [ 109.101792749904689, -6.839222548948297 ], [ 109.101754504064743, -6.839193206855769 ], [ 109.101712855532057, -6.8391612547147 ] ] ] } },
{ "type": "Feature", "properties": { "OBJECTID_1": 683, "OBJECTID": 11, "ID": 0, "TAHUN": 1998, "DATE": "1998-01-01", "NAMA_TITIK": "T44", "ZONA": "SEL BARAT", "SHAPE_LENG": 98.370062297100006, "TRANSECTID": 5, "TRANSORDER": 5, "SHORELINEI": "1998-01-01", "BASELINEID": 1, "DISTANCE": 326.14, "INTERSECTX": 290223.72064900002, "INTERSECTY": 9243617.3029399998, "UNCERTAINT": 10, "NAMA_TITI2": "T44", "D_TAHUN": 0.0, "LRR": -2.33, "SKOR_SHORE": 5, "RASTERVALU": 0.013365, "SKOR_SLOPE": 5, "RASTERVA_1": -2.91714, "SKOR_ELEV": 5, "GEOM_LAP": "Aluvial", "SKOR_GEOM": 4, "KATEGORI": "Abrasi Tinggi", "GELOMBANG": 0.20169224458582199, "PASUT": 0.811, "SLR": 4.69, "SKOR_GEL": 1, "SKOR_PASUT": 5, "SKOR_SLR": 5, "CVI": 79.056941504210002, "KELAS_CVI": 5, "KELAS_CV_1": "Sangat Tinggi", "LAHAN": "Muara", "JENIS": "Natural", "SKOR_LAHAN": 4, "DELTA_D": -44.05, "D_MEAN": -10.241, "D_MEDIAN": -6.51, "TSS_MIN_MG": 22.1, "TSS_RATA_R": 38.0, "TSS_MEDIAN": 34.7, "TSS_MAKS_M": 164.6, "TSS_STDDEV": 11.8, "HS": 0.201692245, "MWP_MEAN_S": 3.3471, "MWD_CIRCUL": 29.3, "JARAK_MUAR": 61.827697463302599, "NAMA_SUNGA": "KaliGangsa", "MUARA_ID": "M1", "RESPON": "Abrasi", "TSS__BATAS": 30.4, "PROKSI_NER": "Bypass/Export" }, "geometry": { "type": "MultiLineString", "coordinates": [ [ [ 109.101712855532057, -6.8391612547147 ], [ 109.10100699315052, -6.838619720206349 ] ] ] } },
{ "type": "Feature", "properties": { "OBJECTID_1": 684, "OBJECTID": 11, "ID": 0, "TAHUN": 1998, "DATE": "1998-01-01", "NAMA_TITIK": "T04", "ZONA": "SEL BARAT", "SHAPE_LENG": 209.82173263799999, "TRANSECTID": 4, "TRANSORDER": 4, "SHORELINEI": "1998-01-01", "BASELINEID": 1, "DISTANCE": 367.9, "INTERSECTX": 290145.45262200001, "INTERSECTY": 9243676.8914400004, "UNCERTAINT": 10, "NAMA_TITI2": "T04", "D_TAHUN": 0.0, "LRR": -3.32, "SKOR_SHORE": 5, "RASTERVALU": 6.89058, "SKOR_SLOPE": 3, "RASTERVA_1": -2.22393, "SKOR_ELEV": 5, "GEOM_LAP": "Pasir_Halus", "SKOR_GEOM": 3, "KATEGORI": "Abrasi Tinggi", "GELOMBANG": 0.20169224458582199, "PASUT": 0.811, "SLR": 4.69, "SKOR_GEL": 1, "SKOR_PASUT": 5, "SKOR_SLR": 5, "CVI": 37.5, "KELAS_CVI": 3, "KELAS_CV_1": "Sedang", "LAHAN": "Pantai", "JENIS": "Natural", "SKOR_LAHAN": 2, "DELTA_D": -22.43, "D_MEAN": -10.241, "D_MEDIAN": -6.51, "TSS_MIN_MG": 22.1, "TSS_RATA_R": 38.0, "TSS_MEDIAN": 34.7, "TSS_MAKS_M": 164.6, "TSS_STDDEV": 11.8, "HS": 0.201692245, "MWP_MEAN_S": 3.3471, "MWD_CIRCUL": 29.3, "JARAK_MUAR": 191.803552089433, "NAMA_SUNGA": "KaliGangsa", "MUARA_ID": "M1", "RESPON": "Abrasi", "TSS__BATAS": 30.4, "PROKSI_NER": "Bypass/Export" }, "geometry": { "type": "MultiLineString", "coordinates": [ [ [ 109.10100699315052, -6.838619720206349 ], [ 109.100969516691251, -6.838590968788475 ], [ 109.1004772601528, -6.838413424995364 ], [ 109.100134587273118, -6.838289831339617 ], [ 109.100115440999119, -6.838282926064374 ], [ 109.100043940569947, -6.838257137783081 ], [ 109.099969237967827, -6.838230194048673 ], [ 109.099915138658631, -6.838210681206266 ], [ 109.099762440075082, -6.838155608958331 ], [ 109.099747683328218, -6.838132105159207 ], [ 109.099715975588708, -6.838081596297179 ], [ 109.09968645853229, -6.83803457693077 ], [ 109.099675153671456, -6.838016568415479 ], [ 109.099568566555064, -6.837846777721397 ], [ 109.099545870550457, -6.83781062382759 ], [ 109.099526381901583, -6.837779580003246 ], [ 109.099504259414985, -6.837744339722446 ], [ 109.099498633056712, -6.837735377608756 ], [ 109.099483462843054, -6.837711211266901 ], [ 109.099460827977822, -6.837675154354177 ] ] ] } },
{ "type": "Feature", "properties": { "OBJECTID_1": 685, "OBJECTID": 11, "ID": 0, "TAHUN": 1998, "DATE": "1998-01-01", "NAMA_TITIK": "T02", "ZONA": "SEL BARAT", "SHAPE_LENG": 202.22044036, "TRANSECTID": 2, "TRANSORDER": 2, "SHORELINEI": "1998-01-01", "BASELINEID": 1, "DISTANCE": 325.87, "INTERSECTX": 289791.93787199998, "INTERSECTY": 9243868.7083599996, "UNCERTAINT": 10, "NAMA_TITI2": "T02", "D_TAHUN": 0.0, "LRR": -2.19, "SKOR_SHORE": 5, "RASTERVALU": 6.56471, "SKOR_SLOPE": 3, "RASTERVA_1": -1.78074, "SKOR_ELEV": 5, "GEOM_LAP": "Pasir_Halus", "SKOR_GEOM": 3, "KATEGORI": "Abrasi Tinggi", "GELOMBANG": 0.20169224458582199, "PASUT": 0.811, "SLR": 4.69, "SKOR_GEL": 1, "SKOR_PASUT": 5, "SKOR_SLR": 5, "CVI": 37.5, "KELAS_CVI": 3, "KELAS_CV_1": "Sedang", "LAHAN": "Pantai", "JENIS": "Natural", "SKOR_LAHAN": 2, "DELTA_D": -27.01, "D_MEAN": -10.241, "D_MEDIAN": -6.51, "TSS_MIN_MG": 22.1, "TSS_RATA_R": 38.0, "TSS_MEDIAN": 34.7, "TSS_MAKS_M": 164.6, "TSS_STDDEV": 11.8, "HS": 0.201692245, "MWP_MEAN_S": 3.3471, "MWD_CIRCUL": 29.3, "JARAK_MUAR": 579.82548354246296, "NAMA_SUNGA": "KaliGangsa", "MUARA_ID": "M1", "RESPON": "Abrasi", "TSS__BATAS": 30.4, "PROKSI_NER": "Bypass/Export" }, "geometry": { "type": "MultiLineString", "coordinates": [ [ [ 109.097816071241454, -6.836872876674685 ], [ 109.097795496392152, -6.836859428934441 ], [ 109.097555881254749, -6.836702811502342 ], [ 109.097374998902851, -6.836584582484332 ], [ 109.097291767608624, -6.836530181126382 ], [ 109.097287813967228, -6.836527596909595 ], [ 109.09726322486074, -6.836502887908911 ], [ 109.0971167002958, -6.836355647781099 ], [ 109.097109096785715, -6.836348007793018 ], [ 109.097099516495661, -6.836338379979955 ], [ 109.09708888564063, -6.836327697432907 ], [ 109.097071767618104, -6.836310494987549 ], [ 109.097068378072507, -6.836307088446966 ], [ 109.09692571439345, -6.836163727739229 ], [ 109.096771893782588, -6.836009154378631 ], [ 109.096756798513979, -6.835993985141022 ], [ 109.096731649946236, -6.835968713364851 ], [ 109.096668710957374, -6.835905467654218 ], [ 109.09659268504457, -6.83582907048611 ], [ 109.096536432373938, -6.835772542552871 ], [ 109.096534657415461, -6.83577075895053 ], [ 109.096442956058596, -6.835678608890823 ] ] ] } },
{ "type": "Feature", "properties": { "OBJECTID_1": 687, "OBJECTID": 11, "ID": 0, "TAHUN": 1998, "DATE": "1998-01-01", "NAMA_TITIK": "T03", "ZONA": "SEL BARAT", "SHAPE_LENG": 209.84501255399999, "TRANSECTID": 3, "TRANSORDER": 3, "SHORELINEI": "1998-01-01", "BASELINEID": 1, "DISTANCE": 356.45, "INTERSECTX": 289974.114565, "INTERSECTY": 9243780.69025, "UNCERTAINT": 10, "NAMA_TITI2": "T03", "D_TAHUN": 0.0, "LRR": -3.26, "SKOR_SHORE": 5, "RASTERVALU": 6.99672, "SKOR_SLOPE": 3, "RASTERVA_1": -1.58426, "SKOR_ELEV": 5, "GEOM_LAP": "Pasir_Halus", "SKOR_GEOM": 3, "KATEGORI": "Abrasi Tinggi", "GELOMBANG": 0.20169224458582199, "PASUT": 0.811, "SLR": 4.69, "SKOR_GEL": 1, "SKOR_PASUT": 5, "SKOR_SLR": 5, "CVI": 37.5, "KELAS_CVI": 3, "KELAS_CV_1": "Sedang", "LAHAN": "Pantai", "JENIS": "Natural", "SKOR_LAHAN": 2, "DELTA_D": 2.64, "D_MEAN": -10.241, "D_MEDIAN": -6.51, "TSS_MIN_MG": 22.1, "TSS_RATA_R": 38.0, "TSS_MEDIAN": 34.7, "TSS_MAKS_M": 164.6, "TSS_STDDEV": 11.8, "HS": 0.201692245, "MWP_MEAN_S": 3.3471, "MWD_CIRCUL": 29.3, "JARAK_MUAR": 387.64661320961198, "NAMA_SUNGA": "KaliGangsa", "MUARA_ID": "M1", "RESPON": "Abrasi", "TSS__BATAS": 30.4, "PROKSI_NER": "Bypass/Export" }, "geometry": { "type": "MultiLineString", "coordinates": [ [ [ 109.099460827977822, -6.837675154354177 ], [ 109.099424829739206, -6.837617809705532 ], [ 109.099316417539001, -6.837617535308159 ], [ 109.099292305234542, -6.837617474446791 ], [ 109.099276233683014, -6.837617433583624 ], [ 109.099210615038942, -6.837617267575916 ], [ 109.099208712721506, -6.837617262775771 ], [ 109.099090764528697, -6.837616963326226 ], [ 109.099062460437736, -6.837616891323098 ], [ 109.099044086748492, -6.837616844976494 ], [ 109.098953951471756, -6.837616616461879 ], [ 109.09892144790021, -6.837595371559892 ], [ 109.098873746826797, -6.837564193688028 ], [ 109.098700225202649, -6.83745077683954 ], [ 109.098585739652719, -6.837375946640964 ], [ 109.098577789030401, -6.837370750022457 ], [ 109.098546420524372, -6.83735024734597 ], [ 109.098459345355593, -6.837293332864313 ], [ 109.09836342816898, -6.837230639596201 ], [ 109.098282110293539, -6.837177489067784 ], [ 109.098108938152151, -6.837064300393804 ], [ 109.097843699860917, -6.836890935246823 ], [ 109.097834570017952, -6.836884968175124 ], [ 109.097816071241454, -6.836872876674685 ] ] ] } },
{ "type": "Feature", "properties": { "OBJECTID_1": 688, "OBJECTID": 11, "ID": 0, "TAHUN": 1998, "DATE": "1998-01-01", "NAMA_TITIK": "T01", "ZONA": "SEL BARAT", "SHAPE_LENG": 113.736165457, "TRANSECTID": 1, "TRANSORDER": 1, "SHORELINEI": "1998-01-01", "BASELINEID": 1, "DISTANCE": 348.02, "INTERSECTX": 289639.62012099999, "INTERSECTY": 9244000.2001200002, "UNCERTAINT": 10, "NAMA_TITI2": "T01", "D_TAHUN": 0.0, "LRR": -0.96, "SKOR_SHORE": 3, "RASTERVALU": 0.111227, "SKOR_SLOPE": 5, "RASTERVA_1": -2.91494, "SKOR_ELEV": 5, "GEOM_LAP": "Pasir_Halus", "SKOR_GEOM": 3, "KATEGORI": "Stabil", "GELOMBANG": 0.20169224458582199, "PASUT": 0.811, "SLR": 4.69, "SKOR_GEL": 1, "SKOR_PASUT": 5, "SKOR_SLR": 5, "CVI": 37.5, "KELAS_CVI": 3, "KELAS_CV_1": "Sedang", "LAHAN": "Pantai", "JENIS": "Natural", "SKOR_LAHAN": 2, "DELTA_D": 9.01, "D_MEAN": -10.241, "D_MEDIAN": -6.51, "TSS_MIN_MG": 22.1, "TSS_RATA_R": 38.0, "TSS_MEDIAN": 34.7, "TSS_MAKS_M": 164.6, "TSS_STDDEV": 11.8, "HS": 0.201692245, "MWP_MEAN_S": 3.3471, "MWD_CIRCUL": 29.3, "JARAK_MUAR": 778.10088489128304, "NAMA_SUNGA": "KaliGangsa", "MUARA_ID": "M1", "RESPON": "Abrasi", "TSS__BATAS": 30.4, "PROKSI_NER": "Bypass/Export" }, "geometry": { "type": "MultiLineString", "coordinates": [ [ [ 109.096442956058596, -6.835678608890823 ], [ 109.095717432856091, -6.834949535539583 ] ] ] } },
{ "type": "Feature", "properties": { "OBJECTID_1": 692, "OBJECTID": 12, "ID": 0, "TAHUN": 1999, "DATE": "1999-01-01", "NAMA_TITIK": "T42", "ZONA": "SEL TIMUR", "SHAPE_LENG": 212.17911331, "TRANSECTID": 46, "TRANSORDER": 46, "SHORELINEI": "1999-01-01", "BASELINEID": 1, "DISTANCE": 292.24, "INTERSECTX": 298024.79909599997, "INTERSECTY": 9242364.1167099997, "UNCERTAINT": 10, "NAMA_TITI2": "T42", "D_TAHUN": 0.0, "LRR": -1.48, "SKOR_SHORE": 4, "RASTERVALU": 10.6361, "SKOR_SLOPE": 2, "RASTERVA_1": -1.41562, "SKOR_ELEV": 5, "GEOM_LAP": "Tambak", "SKOR_GEOM": 5, "KATEGORI": "Abrasi Sedang", "GELOMBANG": 0.26785587387926402, "PASUT": 0.847, "SLR": 4.69, "SKOR_GEL": 3, "SKOR_PASUT": 4, "SKOR_SLR": 5, "CVI": 67.082039324990006, "KELAS_CVI": 4, "KELAS_CV_1": "Tinggi", "LAHAN": "Tambak", "JENIS": "Natural", "SKOR_LAHAN": 3, "DELTA_D": 1.59, "D_MEAN": -6.4177777777777756, "D_MEDIAN": -5.62, "TSS_MIN_MG": 19.8, "TSS_RATA_R": 50.9, "TSS_MEDIAN": 46.5, "TSS_MAKS_M": 161.9, "TSS_STDDEV": 23.0, "HS": 0.267855874, "MWP_MEAN_S": 3.7295, "MWD_CIRCUL": 17.41, "JARAK_MUAR": 1130.0451134499999, "NAMA_SUNGA": "Kali Ketiwon", "MUARA_ID": "M5", "RESPON": "Abrasi", "TSS__BATAS": 30.4, "PROKSI_NER": "Bypass/Export" }, "geometry": { "type": "MultiLineString", "coordinates": [ [ [ 109.172243895659335, -6.850769552208543 ], [ 109.170687181347034, -6.849647253677611 ] ] ] } },
{ "type": "Feature", "properties": { "OBJECTID_1": 695, "OBJECTID": 12, "ID": 0, "TAHUN": 1999, "DATE": "1999-01-01", "NAMA_TITIK": "T51", "ZONA": "SEL BARAT", "SHAPE_LENG": 200.42568116800001, "TRANSECTID": 20, "TRANSORDER": 20, "SHORELINEI": "1999-01-01", "BASELINEID": 1, "DISTANCE": 229.3, "INTERSECTX": 292987.71655100002, "INTERSECTY": 9242600.0927600004, "UNCERTAINT": 10, "NAMA_TITI2": "T51", "D_TAHUN": 0.0, "LRR": 0.72, "SKOR_SHORE": 3, "RASTERVALU": 2.59289, "SKOR_SLOPE": 4, "RASTERVA_1": -2.65623, "SKOR_ELEV": 5, "GEOM_LAP": "Aluvial", "SKOR_GEOM": 4, "KATEGORI": "Stabil", "GELOMBANG": 0.26785587387926402, "PASUT": 0.847, "SLR": 4.69, "SKOR_GEL": 3, "SKOR_PASUT": 4, "SKOR_SLR": 5, "CVI": 84.852813742389998, "KELAS_CVI": 5, "KELAS_CV_1": "Sangat Tinggi", "LAHAN": "Muara", "JENIS": "Natural", "SKOR_LAHAN": 4, "DELTA_D": -5.34, "D_MEAN": 6.925, "D_MEDIAN": 6.58, "TSS_MIN_MG": 22.5, "TSS_RATA_R": 41.8, "TSS_MEDIAN": 37.6, "TSS_MAKS_M": 108.5, "TSS_STDDEV": 12.2, "HS": 0.267855874, "MWP_MEAN_S": 3.7295, "MWD_CIRCUL": 17.41, "JARAK_MUAR": 19.716633507029201, "NAMA_SUNGA": "Kali Sibelis", "MUARA_ID": "M3", "RESPON": "Akresi", "TSS__BATAS": 30.4, "PROKSI_NER": "Surplus/Deposisi" }, "geometry": { "type": "MultiLineString", "coordinates": [ [ [ 109.126679517741081, -6.848455991823555 ], [ 109.12666350721355, -6.848454760374077 ], [ 109.126438646303981, -6.848437470231181 ], [ 109.126431490222146, -6.848436919746089 ], [ 109.126429363203457, -6.848436755943534 ], [ 109.126415450757904, -6.848435686367607 ], [ 109.126302059453607, -6.848426967888905 ], [ 109.125989132617462, -6.848402905823959 ], [ 109.125905611862095, -6.848396483588743 ], [ 109.125899730909424, -6.848396031193877 ], [ 109.125866227653447, -6.84839345487299 ], [ 109.125842036434321, -6.848391594769675 ], [ 109.125707019597158, -6.848381213212008 ], [ 109.125419242741501, -6.848359084257533 ], [ 109.125203175921214, -6.84834246979312 ], [ 109.125067217738177, -6.848332015676758 ], [ 109.124871790825821, -6.848316987870385 ] ] ] } },
{ "type": "Feature", "properties": { "OBJECTID_1": 704, "OBJECTID": 12, "ID": 0, "TAHUN": 1999, "DATE": "1999-01-01", "NAMA_TITIK": "T40", "ZONA": "SEL TIMUR", "SHAPE_LENG": 201.96456939000001, "TRANSECTID": 44, "TRANSORDER": 44, "SHORELINEI": "1999-01-01", "BASELINEID": 1, "DISTANCE": 311.91, "INTERSECTX": 297685.77330099995, "INTERSECTY": 9242597.0941400006, "UNCERTAINT": 10, "NAMA_TITI2": "T40", "D_TAHUN": 0.0, "LRR": -2.39, "SKOR_SHORE": 5, "RASTERVALU": 1.31742, "SKOR_SLOPE": 5, "RASTERVA_1": -2.87668, "SKOR_ELEV": 5, "GEOM_LAP": "Tambak", "SKOR_GEOM": 5, "KATEGORI": "Abrasi Tinggi", "GELOMBANG": 0.26785587387926402, "PASUT": 0.847, "SLR": 4.69, "SKOR_GEL": 3, "SKOR_PASUT": 4, "SKOR_SLR": 5, "CVI": 118.58541225630999, "KELAS_CVI": 5, "KELAS_CV_1": "Sangat Tinggi", "LAHAN": "Tambak", "JENIS": "Natural", "SKOR_LAHAN": 3, "DELTA_D": -1.81, "D_MEAN": -6.4177777777777756, "D_MEDIAN": -5.62, "TSS_MIN_MG": 19.8, "TSS_RATA_R": 50.9, "TSS_MEDIAN": 46.5, "TSS_MAKS_M": 161.9, "TSS_STDDEV": 23.0, "HS": 0.267855874, "MWP_MEAN_S": 3.7295, "MWD_CIRCUL": 17.41, "JARAK_MUAR": 727.664323427044, "NAMA_SUNGA": "Kali Ketiwon", "MUARA_ID": "M5", "RESPON": "Abrasi", "TSS__BATAS": 30.4, "PROKSI_NER": "Bypass/Export" }, "geometry": { "type": "MultiLineString", "coordinates": [ [ [ 109.169178693013478, -6.848646890394203 ], [ 109.169088953398187, -6.848595527296373 ], [ 109.168916760559554, -6.848496972548549 ], [ 109.168789887996553, -6.848424356921218 ], [ 109.168778427736555, -6.848417797946142 ], [ 109.168769118534129, -6.848412469578485 ], [ 109.168723152032086, -6.848386160865517 ], [ 109.168709879220316, -6.848378564251256 ], [ 109.168637711023877, -6.848337258910217 ], [ 109.168505597680181, -6.848261643179872 ], [ 109.168191401379801, -6.848081811890255 ], [ 109.168139237253939, -6.848051955139154 ], [ 109.167933098081861, -6.847845852316253 ], [ 109.167859773936627, -6.847772541008301 ], [ 109.167700374679242, -6.847613169174338 ], [ 109.167694667398663, -6.847607463027187 ], [ 109.16769440515418, -6.84760719982402 ] ] ] } },
{ "type": "Feature", "properties": { "OBJECTID_1": 705, "OBJECTID": 12, "ID": 0, "TAHUN": 1999, "DATE": "1999-01-01", "NAMA_TITIK": "T41", "ZONA": "SEL TIMUR", "SHAPE_LENG": 200.37659229900001, "TRANSECTID": 45, "TRANSORDER": 45, "SHORELINEI": "1999-01-01", "BASELINEID": 1, "DISTANCE": 305.0, "INTERSECTX": 297852.94505400001, "INTERSECTY": 9242487.0883399993, "UNCERTAINT": 10, "NAMA_TITI2": "T41", "D_TAHUN": 0.0, "LRR": -2.12, "SKOR_SHORE": 5, "RASTERVALU": 9.05717, "SKOR_SLOPE": 2, "RASTERVA_1": -1.62402, "SKOR_ELEV": 5, "GEOM_LAP": "Tambak", "SKOR_GEOM": 5, "KATEGORI": "Abrasi Tinggi", "GELOMBANG": 0.26785587387926402, "PASUT": 0.847, "SLR": 4.69, "SKOR_GEL": 3, "SKOR_PASUT": 4, "SKOR_SLR": 5, "CVI": 75.0, "KELAS_CVI": 4, "KELAS_CV_1": "Tinggi", "LAHAN": "Tambak", "JENIS": "Natural", "SKOR_LAHAN": 3, "DELTA_D": -4.09, "D_MEAN": -6.4177777777777756, "D_MEDIAN": -5.62, "TSS_MIN_MG": 19.8, "TSS_RATA_R": 50.9, "TSS_MEDIAN": 46.5, "TSS_MAKS_M": 161.9, "TSS_STDDEV": 23.0, "HS": 0.267855874, "MWP_MEAN_S": 3.7295, "MWD_CIRCUL": 17.41, "JARAK_MUAR": 936.29342666807304, "NAMA_SUNGA": "Kali Ketiwon", "MUARA_ID": "M5", "RESPON": "Abrasi", "TSS__BATAS": 30.4, "PROKSI_NER": "Bypass/Export" }, "geometry": { "type": "MultiLineString", "coordinates": [ [ [ 109.170687181347034, -6.849647253677611 ], [ 109.170578773065969, -6.849569097508376 ], [ 109.170170117544103, -6.849274479021296 ], [ 109.17016555441532, -6.849271189522717 ], [ 109.170148492757889, -6.849258888677269 ], [ 109.170010754539902, -6.849159587474274 ], [ 109.169971966170323, -6.849131623556064 ], [ 109.169796576411102, -6.849005176459217 ], [ 109.169774299388877, -6.848989116174473 ], [ 109.169765344556737, -6.84898265988578 ], [ 109.169697190320477, -6.848943652021586 ], [ 109.169642107645259, -6.848912126057323 ], [ 109.169497929768426, -6.848829605680368 ], [ 109.169222426371789, -6.848671921141634 ], [ 109.169178693013478, -6.848646890394203 ] ] ] } },
{ "type": "Feature", "properties": { "OBJECTID_1": 725, "OBJECTID": 12, "ID": 0, "TAHUN": 1999, "DATE": "1999-01-01", "NAMA_TITIK": "T39", "ZONA": "SEL TIMUR", "SHAPE_LENG": 202.43512574900001, "TRANSECTID": 43, "TRANSORDER": 43, "SHORELINEI": "1999-01-01", "BASELINEID": 1, "DISTANCE": 323.92, "INTERSECTX": 297521.25931699999, "INTERSECTY": 9242711.4593100008, "UNCERTAINT": 10, "NAMA_TITI2": "T39", "D_TAHUN": 0.0, "LRR": -3.6, "SKOR_SHORE": 5, "RASTERVALU": 0.000339, "SKOR_SLOPE": 5, "RASTERVA_1": -2.9425, "SKOR_ELEV": 5, "GEOM_LAP": "Pasir_Halus", "SKOR_GEOM": 3, "KATEGORI": "Abrasi Tinggi", "GELOMBANG": 0.26785587387926402, "PASUT": 0.847, "SLR": 4.69, "SKOR_GEL": 3, "SKOR_PASUT": 4, "SKOR_SLR": 5, "CVI": 75.0, "KELAS_CVI": 4, "KELAS_CV_1": "Tinggi", "LAHAN": "Pantai", "JENIS": "Natural", "SKOR_LAHAN": 2, "DELTA_D": 1.86, "D_MEAN": -6.4177777777777756, "D_MEDIAN": -5.62, "TSS_MIN_MG": 19.8, "TSS_RATA_R": 50.9, "TSS_MEDIAN": 46.5, "TSS_MAKS_M": 161.9, "TSS_STDDEV": 23.0, "HS": 0.267855874, "MWP_MEAN_S": 3.7295, "MWD_CIRCUL": 17.41, "JARAK_MUAR": 535.47677602736997, "NAMA_SUNGA": "Kali Ketiwon", "MUARA_ID": "M5", "RESPON": "Abrasi", "TSS__BATAS": 30.4, "PROKSI_NER": "Bypass/Export" }, "geometry": { "type": "MultiLineString", "coordinates": [ [ [ 109.16769440515418, -6.84760719982402 ], [ 109.167675214167474, -6.847588012032784 ], [ 109.167478217090974, -6.847391058699236 ], [ 109.167405576223999, -6.847318421745284 ], [ 109.167012506066271, -6.847003966069167 ], [ 109.166979544165017, -6.846977596532002 ], [ 109.166634790032859, -6.846701793764799 ], [ 109.166294831605825, -6.846429826461844 ] ] ] } },
{ "type": "Feature", "properties": { "OBJECTID_1": 736, "OBJECTID": 12, "ID": 0, "TAHUN": 1999, "DATE": "1999-01-01", "NAMA_TITIK": "T38", "ZONA": "SEL TIMUR", "SHAPE_LENG": 176.77558376900001, "TRANSECTID": 42, "TRANSORDER": 42, "SHORELINEI": "1999-01-01", "BASELINEID": 1, "DISTANCE": 353.8, "INTERSECTX": 297366.05098599999, "INTERSECTY": 9242841.0879500005, "UNCERTAINT": 10, "NAMA_TITI2": "T38", "D_TAHUN": 0.0, "LRR": -4.04, "SKOR_SHORE": 5, "RASTERVALU": 0.000344, "SKOR_SLOPE": 5, "RASTERVA_1": -2.94192, "SKOR_ELEV": 5, "GEOM_LAP": "Pasir_Halus", "SKOR_GEOM": 3, "KATEGORI": "Abrasi Tinggi", "GELOMBANG": 0.26785587387926402, "PASUT": 0.847, "SLR": 4.69, "SKOR_GEL": 3, "SKOR_PASUT": 4, "SKOR_SLR": 5, "CVI": 75.0, "KELAS_CVI": 4, "KELAS_CV_1": "Tinggi", "LAHAN": "Pantai", "JENIS": "Natural", "SKOR_LAHAN": 2, "DELTA_D": -2.29, "D_MEAN": -6.4177777777777756, "D_MEDIAN": -5.62, "TSS_MIN_MG": 19.8, "TSS_RATA_R": 50.9, "TSS_MEDIAN": 46.5, "TSS_MAKS_M": 161.9, "TSS_STDDEV": 23.0, "HS": 0.267855874, "MWP_MEAN_S": 3.7295, "MWD_CIRCUL": 17.41, "JARAK_MUAR": 355.43647958132902, "NAMA_SUNGA": "Kali Ketiwon", "MUARA_ID": "M5", "RESPON": "Abrasi", "TSS__BATAS": 30.4, "PROKSI_NER": "Bypass/Export" }, "geometry": { "type": "MultiLineString", "coordinates": [ [ [ 109.166294831605825, -6.846429826461844 ], [ 109.166058103283376, -6.84624044359636 ], [ 109.165875167076948, -6.846057507229085 ], [ 109.165839989133389, -6.846022329109904 ], [ 109.165519114432229, -6.845701453846477 ], [ 109.165389888026837, -6.845582070607319 ], [ 109.165260741914778, -6.845462761796314 ], [ 109.16523597592392, -6.845461795687179 ], [ 109.16516726140199, -6.845459115764661 ], [ 109.16507923680939, -6.84545568312114 ] ] ] } },
{ "type": "Feature", "properties": { "OBJECTID_1": 747, "OBJECTID": 12, "ID": 0, "TAHUN": 1999, "DATE": "1999-01-01", "NAMA_TITIK": "T37", "ZONA": "SEL TIMUR", "SHAPE_LENG": 209.752553339, "TRANSECTID": 41, "TRANSORDER": 41, "SHORELINEI": "1999-01-01", "BASELINEID": 1, "DISTANCE": 373.14, "INTERSECTX": 297231.26512, "INTERSECTY": 9242948.3164900001, "UNCERTAINT": 10, "NAMA_TITI2": "T37", "D_TAHUN": 0.0, "LRR": -4.54, "SKOR_SHORE": 5, "RASTERVALU": 0.000345, "SKOR_SLOPE": 5, "RASTERVA_1": -2.94128, "SKOR_ELEV": 5, "GEOM_LAP": "Pasir_Halus", "SKOR_GEOM": 3, "KATEGORI": "Abrasi Tinggi", "GELOMBANG": 0.26785587387926402, "PASUT": 0.847, "SLR": 4.69, "SKOR_GEL": 3, "SKOR_PASUT": 4, "SKOR_SLR": 5, "CVI": 75.0, "KELAS_CVI": 4, "KELAS_CV_1": "Tinggi", "LAHAN": "Pantai", "JENIS": "Natural", "SKOR_LAHAN": 2, "DELTA_D": -5.18, "D_MEAN": -6.4177777777777756, "D_MEDIAN": -5.62, "TSS_MIN_MG": 19.8, "TSS_RATA_R": 50.9, "TSS_MEDIAN": 46.5, "TSS_MAKS_M": 161.9, "TSS_STDDEV": 23.0, "HS": 0.267855874, "MWP_MEAN_S": 3.7295, "MWD_CIRCUL": 17.41, "JARAK_MUAR": 155.29372815372599, "NAMA_SUNGA": "Kali Ketiwon", "MUARA_ID": "M5", "RESPON": "Abrasi", "TSS__BATAS": 30.4, "PROKSI_NER": "Bypass/Export" }, "geometry": { "type": "MultiLineString", "coordinates": [ [ [ 109.16507923680939, -6.84545568312114 ], [ 109.164650853374752, -6.845438976772014 ], [ 109.164211067482555, -6.845205406354186 ], [ 109.164150133230038, -6.84517304388676 ], [ 109.163935327315798, -6.845058959224372 ], [ 109.16391551997161, -6.845048439773164 ], [ 109.163908601844639, -6.845044766021985 ], [ 109.163903754734292, -6.845042191485947 ], [ 109.163767512926952, -6.844969833030169 ], [ 109.163656214497422, -6.844910722448343 ], [ 109.163623438516964, -6.844893314484616 ], [ 109.163601849974754, -6.844881848811636 ], [ 109.163577082475229, -6.844856448023535 ], [ 109.163405835736995, -6.844680821467941 ] ] ] } },
{ "type": "Feature", "properties": { "OBJECTID_1": 757, "OBJECTID": 12, "ID": 0, "TAHUN": 1999, "DATE": "1999-01-01", "NAMA_TITIK": "T05", "ZONA": "SEL BARAT", "SHAPE_LENG": 201.08209472199999, "TRANSECTID": 6, "TRANSORDER": 6, "SHORELINEI": "1999-01-01", "BASELINEID": 1, "DISTANCE": 334.59, "INTERSECTX": 290416.83385599998, "INTERSECTY": 9243564.5897100009, "UNCERTAINT": 10, "NAMA_TITI2": "T05", "D_TAHUN": 0.0, "LRR": -1.47, "SKOR_SHORE": 4, "RASTERVALU": 6.15341, "SKOR_SLOPE": 3, "RASTERVA_1": -2.46219, "SKOR_ELEV": 5, "GEOM_LAP": "Pasir_Halus", "SKOR_GEOM": 3, "KATEGORI": "Abrasi Sedang", "GELOMBANG": 0.26785587387926402, "PASUT": 0.847, "SLR": 4.69, "SKOR_GEL": 3, "SKOR_PASUT": 4, "SKOR_SLR": 5, "CVI": 73.484692283499996, "KELAS_CVI": 4, "KELAS_CV_1": "Tinggi", "LAHAN": "Muara", "JENIS": "Natural", "SKOR_LAHAN": 4, "DELTA_D": 42.26, "D_MEAN": 6.925, "D_MEDIAN": 6.58, "TSS_MIN_MG": 22.5, "TSS_RATA_R": 41.8, "TSS_MEDIAN": 37.6, "TSS_MAKS_M": 108.5, "TSS_STDDEV": 12.2, "HS": 0.267855874, "MWP_MEAN_S": 3.7295, "MWD_CIRCUL": 17.41, "JARAK_MUAR": 4.2768385923696401, "NAMA_SUNGA": "KaliGangsa", "MUARA_ID": "M1", "RESPON": "Akresi", "TSS__BATAS": 30.4, "PROKSI_NER": "Surplus/Deposisi" }, "geometry": { "type": "MultiLineString", "coordinates": [ [ [ 109.103457823784126, -6.839644724525411 ], [ 109.102285828949448, -6.839126616707489 ], [ 109.102153890070653, -6.839068289838583 ], [ 109.101794328610282, -6.838909336506128 ] ] ] } },
{ "type": "Feature", "properties": { "OBJECTID_1": 758, "OBJECTID": 12, "ID": 0, "TAHUN": 1999, "DATE": "1999-01-01", "NAMA_TITIK": "T03", "ZONA": "SEL BARAT", "SHAPE_LENG": 201.05850106099999, "TRANSECTID": 3, "TRANSORDER": 3, "SHORELINEI": "1999-01-01", "BASELINEID": 1, "DISTANCE": 323.51, "INTERSECTX": 289955.46571999998, "INTERSECTY": 9243753.5381400008, "UNCERTAINT": 10, "NAMA_TITI2": "T03", "D_TAHUN": 0.0, "LRR": -3.26, "SKOR_SHORE": 5, "RASTERVALU": 6.99672, "SKOR_SLOPE": 3, "RASTERVA_1": -1.58426, "SKOR_ELEV": 5, "GEOM_LAP": "Pasir_Halus", "SKOR_GEOM": 3, "KATEGORI": "Abrasi Tinggi", "GELOMBANG": 0.26785587387926402, "PASUT": 0.847, "SLR": 4.69, "SKOR_GEL": 3, "SKOR_PASUT": 4, "SKOR_SLR": 5, "CVI": 58.094750193110002, "KELAS_CVI": 4, "KELAS_CV_1": "Tinggi", "LAHAN": "Pantai", "JENIS": "Natural", "SKOR_LAHAN": 2, "DELTA_D": -32.94, "D_MEAN": 6.925, "D_MEDIAN": 6.58, "TSS_MIN_MG": 22.5, "TSS_RATA_R": 41.8, "TSS_MEDIAN": 37.6, "TSS_MAKS_M": 108.5, "TSS_STDDEV": 12.2, "HS": 0.267855874, "MWP_MEAN_S": 3.7295, "MWD_CIRCUL": 17.41, "JARAK_MUAR": 387.64661320961198, "NAMA_SUNGA": "KaliGangsa", "MUARA_ID": "M1", "RESPON": "Akresi", "TSS__BATAS": 30.4, "PROKSI_NER": "Surplus/Deposisi" }, "geometry": { "type": "MultiLineString", "coordinates": [ [ [ 109.099291165514572, -6.837919970798803 ], [ 109.099223446616875, -6.837886110944642 ], [ 109.099209455431534, -6.837876730640487 ], [ 109.099047090759242, -6.837767880313574 ], [ 109.099018490401633, -6.837748705885007 ], [ 109.098606514139306, -6.837472514997182 ], [ 109.098576717637968, -6.837445416679925 ], [ 109.09853628983717, -6.837408649343384 ], [ 109.098479185450998, -6.837356716494177 ], [ 109.098434460074373, -6.837316041767327 ], [ 109.098416054723117, -6.837299302593842 ], [ 109.098282110293539, -6.837177489067784 ], [ 109.098251880284991, -6.837149996641324 ], [ 109.098219870136319, -6.837120885143325 ], [ 109.098205076461852, -6.837107431323843 ], [ 109.098099327810672, -6.837011259575477 ], [ 109.098094924773534, -6.837007255030841 ], [ 109.098043836015307, -6.836960793216883 ], [ 109.09794099424218, -6.836867265719271 ], [ 109.097875973541321, -6.836808132824318 ], [ 109.097871138014867, -6.836803925856108 ], [ 109.097866768550475, -6.836800124868938 ], [ 109.097866587351405, -6.836799967741032 ] ] ] } },
{ "type": "Feature", "properties": { "OBJECTID_1": 760, "OBJECTID": 12, "ID": 0, "TAHUN": 1999, "DATE": "1999-01-01", "NAMA_TITIK": "T04", "ZONA": "SEL BARAT", "SHAPE_LENG": 205.69442666699999, "TRANSECTID": 4, "TRANSORDER": 4, "SHORELINEI": "1999-01-01", "BASELINEID": 1, "DISTANCE": 367.59, "INTERSECTX": 290145.28090700001, "INTERSECTY": 9243676.6414299998, "UNCERTAINT": 10, "NAMA_TITI2": "T04", "D_TAHUN": 0.0, "LRR": -3.32, "SKOR_SHORE": 5, "RASTERVALU": 6.89058, "SKOR_SLOPE": 3, "RASTERVA_1": -2.22393, "SKOR_ELEV": 5, "GEOM_LAP": "Pasir_Halus", "SKOR_GEOM": 3, "KATEGORI": "Abrasi Tinggi", "GELOMBANG": 0.26785587387926402, "PASUT": 0.847, "SLR": 4.69, "SKOR_GEL": 3, "SKOR_PASUT": 4, "SKOR_SLR": 5, "CVI": 58.094750193110002, "KELAS_CVI": 4, "KELAS_CV_1": "Tinggi", "LAHAN": "Pantai", "JENIS": "Natural", "SKOR_LAHAN": 2, "DELTA_D": -0.31, "D_MEAN": 6.925, "D_MEDIAN": 6.58, "TSS_MIN_MG": 22.5, "TSS_RATA_R": 41.8, "TSS_MEDIAN": 37.6, "TSS_MAKS_M": 108.5, "TSS_STDDEV": 12.2, "HS": 0.267855874, "MWP_MEAN_S": 3.7295, "MWD_CIRCUL": 17.41, "JARAK_MUAR": 191.803552089433, "NAMA_SUNGA": "KaliGangsa", "MUARA_ID": "M1", "RESPON": "Akresi", "TSS__BATAS": 30.4, "PROKSI_NER": "Surplus/Deposisi" }, "geometry": { "type": "MultiLineString", "coordinates": [ [ [ 109.1010054310741, -6.838621974333938 ], [ 109.100693103627762, -6.838534632848035 ], [ 109.100482358394288, -6.838475698047548 ], [ 109.10047632243689, -6.838474010649759 ], [ 109.100301424337871, -6.838425100164051 ], [ 109.100256452227754, -6.838402614479545 ], [ 109.100252901512761, -6.838400839245077 ], [ 109.100207719057721, -6.838378247849424 ], [ 109.099762440075082, -6.838155608958331 ], [ 109.099759426532728, -6.838154101652198 ], [ 109.099666395771223, -6.838107586446346 ], [ 109.099378007502509, -6.837963392145546 ], [ 109.099291407463639, -6.83792009200168 ], [ 109.099291165514572, -6.837919970798803 ] ] ] } },
{ "type": "Feature", "properties": { "OBJECTID_1": 762, "OBJECTID": 12, "ID": 0, "TAHUN": 1999, "DATE": "1999-01-01", "NAMA_TITIK": "T44", "ZONA": "SEL BARAT", "SHAPE_LENG": 93.061648151399993, "TRANSECTID": 5, "TRANSORDER": 5, "SHORELINEI": "1999-01-01", "BASELINEID": 1, "DISTANCE": 355.42, "INTERSECTX": 290232.61738900002, "INTERSECTY": 9243645.2019500006, "UNCERTAINT": 10, "NAMA_TITI2": "T44", "D_TAHUN": 0.0, "LRR": -2.33, "SKOR_SHORE": 5, "RASTERVALU": 0.013365, "SKOR_SLOPE": 5, "RASTERVA_1": -2.91714, "SKOR_ELEV": 5, "GEOM_LAP": "Aluvial", "SKOR_GEOM": 4, "KATEGORI": "Abrasi Tinggi", "GELOMBANG": 0.26785587387926402, "PASUT": 0.847, "SLR": 4.69, "SKOR_GEL": 3, "SKOR_PASUT": 4, "SKOR_SLR": 5, "CVI": 122.47448713916, "KELAS_CVI": 5, "KELAS_CV_1": "Sangat Tinggi", "LAHAN": "Muara", "JENIS": "Natural", "SKOR_LAHAN": 4, "DELTA_D": 29.28, "D_MEAN": 6.925, "D_MEDIAN": 6.58, "TSS_MIN_MG": 22.5, "TSS_RATA_R": 41.8, "TSS_MEDIAN": 37.6, "TSS_MAKS_M": 108.5, "TSS_STDDEV": 12.2, "HS": 0.267855874, "MWP_MEAN_S": 3.7295, "MWD_CIRCUL": 17.41, "JARAK_MUAR": 61.827697463302599, "NAMA_SUNGA": "KaliGangsa", "MUARA_ID": "M1", "RESPON": "Akresi", "TSS__BATAS": 30.4, "PROKSI_NER": "Surplus/Deposisi" }, "geometry": { "type": "MultiLineString", "coordinates": [ [ [ 109.101794328610282, -6.838909336506128 ], [ 109.101383388048916, -6.838727668664113 ], [ 109.101093057324491, -6.838646478996206 ], [ 109.101012511581686, -6.838623954261012 ], [ 109.101006294904678, -6.838622215525242 ], [ 109.1010054310741, -6.838621974333938 ] ] ] } },
{ "type": "Feature", "properties": { "OBJECTID_1": 766, "OBJECTID": 12, "ID": 0, "TAHUN": 1999, "DATE": "1999-01-01", "NAMA_TITIK": "T02", "ZONA": "SEL BARAT", "SHAPE_LENG": 200.799039943, "TRANSECTID": 2, "TRANSORDER": 2, "SHORELINEI": "1999-01-01", "BASELINEID": 1, "DISTANCE": 335.68, "INTERSECTX": 289797.49133, "INTERSECTY": 9243876.7940100003, "UNCERTAINT": 10, "NAMA_TITI2": "T02", "D_TAHUN": 0.0, "LRR": -2.19, "SKOR_SHORE": 5, "RASTERVALU": 6.56471, "SKOR_SLOPE": 3, "RASTERVA_1": -1.78074, "SKOR_ELEV": 5, "GEOM_LAP": "Pasir_Halus", "SKOR_GEOM": 3, "KATEGORI": "Abrasi Tinggi", "GELOMBANG": 0.26785587387926402, "PASUT": 0.847, "SLR": 4.69, "SKOR_GEL": 3, "SKOR_PASUT": 4, "SKOR_SLR": 5, "CVI": 58.094750193110002, "KELAS_CVI": 4, "KELAS_CV_1": "Tinggi", "LAHAN": "Pantai", "JENIS": "Natural", "SKOR_LAHAN": 2, "DELTA_D": 9.81, "D_MEAN": 6.925, "D_MEDIAN": 6.58, "TSS_MIN_MG": 22.5, "TSS_RATA_R": 41.8, "TSS_MEDIAN": 37.6, "TSS_MAKS_M": 108.5, "TSS_STDDEV": 12.2, "HS": 0.267855874, "MWP_MEAN_S": 3.7295, "MWD_CIRCUL": 17.41, "JARAK_MUAR": 579.82548354246296, "NAMA_SUNGA": "KaliGangsa", "MUARA_ID": "M1", "RESPON": "Akresi", "TSS__BATAS": 30.4, "PROKSI_NER": "Surplus/Deposisi" }, "geometry": { "type": "MultiLineString", "coordinates": [ [ [ 109.097866587351405, -6.836799967741032 ], [ 109.097596803077678, -6.836565272908228 ], [ 109.097566856011412, -6.836539220928308 ], [ 109.097371841376471, -6.836369570601122 ], [ 109.097235597694208, -6.836251046949536 ], [ 109.097046679076257, -6.836086699771345 ], [ 109.096989380417085, -6.836036853661978 ], [ 109.096984988431785, -6.836033032690927 ], [ 109.096873860483285, -6.835959102453717 ], [ 109.096629011755198, -6.835796211214827 ], [ 109.096611515350347, -6.835784571186705 ], [ 109.096445885526336, -6.835674381985189 ] ] ] } },
{ "type": "Feature", "properties": { "OBJECTID_1": 767, "OBJECTID": 12, "ID": 0, "TAHUN": 1999, "DATE": "1999-01-01", "NAMA_TITIK": "T01", "ZONA": "SEL BARAT", "SHAPE_LENG": 84.650147342899999, "TRANSECTID": 1, "TRANSORDER": 1, "SHORELINEI": "1999-01-01", "BASELINEID": 1, "DISTANCE": 348.59, "INTERSECTX": 289639.94211100001, "INTERSECTY": 9244000.6689199992, "UNCERTAINT": 10, "NAMA_TITI2": "T01", "D_TAHUN": 0.0, "LRR": -0.96, "SKOR_SHORE": 3, "RASTERVALU": 0.111227, "SKOR_SLOPE": 5, "RASTERVA_1": -2.91494, "SKOR_ELEV": 5, "GEOM_LAP": "Pasir_Halus", "SKOR_GEOM": 3, "KATEGORI": "Stabil", "GELOMBANG": 0.26785587387926402, "PASUT": 0.847, "SLR": 4.69, "SKOR_GEL": 3, "SKOR_PASUT": 4, "SKOR_SLR": 5, "CVI": 58.094750193110002, "KELAS_CVI": 4, "KELAS_CV_1": "Tinggi", "LAHAN": "Pantai", "JENIS": "Natural", "SKOR_LAHAN": 2, "DELTA_D": 0.56999999999999296, "D_MEAN": 6.925, "D_MEDIAN": 6.58, "TSS_MIN_MG": 22.5, "TSS_RATA_R": 41.8, "TSS_MEDIAN": 37.6, "TSS_MAKS_M": 108.5, "TSS_STDDEV": 12.2, "HS": 0.267855874, "MWP_MEAN_S": 3.7295, "MWD_CIRCUL": 17.41, "JARAK_MUAR": 778.10088489128304, "NAMA_SUNGA": "KaliGangsa", "MUARA_ID": "M1", "RESPON": "Akresi", "TSS__BATAS": 30.4, "PROKSI_NER": "Surplus/Deposisi" }, "geometry": { "type": "MultiLineString", "coordinates": [ [ [ 109.096445885526336, -6.835674381985189 ], [ 109.095808459965951, -6.83525031725838 ] ] ] } },
{ "type": "Feature", "properties": { "OBJECTID_1": 770, "OBJECTID": 13, "ID": 0, "TAHUN": 2000, "DATE": "2000-01-01", "NAMA_TITIK": "T42", "ZONA": "SEL TIMUR", "SHAPE_LENG": 231.318924232, "TRANSECTID": 46, "TRANSORDER": 46, "SHORELINEI": "2000-01-01", "BASELINEID": 1, "DISTANCE": 269.42, "INTERSECTX": 298012.20993700007, "INTERSECTY": 9242345.0866400003, "UNCERTAINT": 10, "NAMA_TITI2": "T42", "D_TAHUN": 0.0, "LRR": -1.48, "SKOR_SHORE": 4, "RASTERVALU": 10.6361, "SKOR_SLOPE": 2, "RASTERVA_1": -1.41562, "SKOR_ELEV": 5, "GEOM_LAP": "Tambak", "SKOR_GEOM": 5, "KATEGORI": "Abrasi Sedang", "GELOMBANG": 0.24538714482503701, "PASUT": 0.891, "SLR": 4.69, "SKOR_GEL": 2, "SKOR_PASUT": 2, "SKOR_SLR": 5, "CVI": 38.729833462069998, "KELAS_CVI": 3, "KELAS_CV_1": "Sedang", "LAHAN": "Tambak", "JENIS": "Natural", "SKOR_LAHAN": 3, "DELTA_D": -22.82, "D_MEAN": 10.06666666666667, "D_MEDIAN": 6.61, "TSS_MIN_MG": 20.6, "TSS_RATA_R": 53.6, "TSS_MEDIAN": 49.7, "TSS_MAKS_M": 171.0, "TSS_STDDEV": 25.3, "HS": 0.245387145, "MWP_MEAN_S": 3.5018, "MWD_CIRCUL": 17.83, "JARAK_MUAR": 1130.0451134499999, "NAMA_SUNGA": "Kali Ketiwon", "MUARA_ID": "M5", "RESPON": "Akresi", "TSS__BATAS": 30.4, "PROKSI_NER": "Surplus/Deposisi" }, "geometry": { "type": "MultiLineString", "coordinates": [ [ [ 109.172240541810154, -6.851048728912594 ], [ 109.172169783465634, -6.85098121973077 ], [ 109.1721503400438, -6.850962669409613 ], [ 109.172123044801936, -6.850936628152201 ], [ 109.17207229235585, -6.850888206682653 ], [ 109.172002154199674, -6.850821289354767 ], [ 109.171979649748366, -6.850799817822288 ], [ 109.171962682400135, -6.85078362952173 ], [ 109.171766368170637, -6.850596329778044 ], [ 109.171689659135936, -6.850523143350208 ], [ 109.171572781630005, -6.850411632576121 ], [ 109.171398941454825, -6.850245776152575 ], [ 109.171376839966825, -6.85022468949937 ], [ 109.171366252527022, -6.850214587805609 ], [ 109.170874478349589, -6.849811485172515 ], [ 109.170755056116235, -6.849713594684252 ], [ 109.170682802903244, -6.849654369857542 ] ] ] } },
{ "type": "Feature", "properties": { "OBJECTID_1": 771, "OBJECTID": 13, "ID": 0, "TAHUN": 2000, "DATE": "2000-01-01", "NAMA_TITIK": "T51", "ZONA": "SEL BARAT", "SHAPE_LENG": 200.36710608800001, "TRANSECTID": 20, "TRANSORDER": 20, "SHORELINEI": "2000-01-01", "BASELINEID": 1, "DISTANCE": 234.09, "INTERSECTX": 292988.37566199998, "INTERSECTY": 9242604.8362600002, "UNCERTAINT": 10, "NAMA_TITI2": "T51", "D_TAHUN": 0.0, "LRR": 0.72, "SKOR_SHORE": 3, "RASTERVALU": 2.59289, "SKOR_SLOPE": 4, "RASTERVA_1": -2.65623, "SKOR_ELEV": 5, "GEOM_LAP": "Aluvial", "SKOR_GEOM": 4, "KATEGORI": "Stabil", "GELOMBANG": 0.24538714482503701, "PASUT": 0.891, "SLR": 4.69, "SKOR_GEL": 2, "SKOR_PASUT": 2, "SKOR_SLR": 5, "CVI": 48.989794855660001, "KELAS_CVI": 3, "KELAS_CV_1": "Sedang", "LAHAN": "Muara", "JENIS": "Natural", "SKOR_LAHAN": 4, "DELTA_D": 4.79, "D_MEAN": -5.2325, "D_MEDIAN": -0.435, "TSS_MIN_MG": 21.2, "TSS_RATA_R": 39.9, "TSS_MEDIAN": 35.8, "TSS_MAKS_M": 111.3, "TSS_STDDEV": 13.3, "HS": 0.245387145, "MWP_MEAN_S": 3.5018, "MWD_CIRCUL": 17.83, "JARAK_MUAR": 19.716633507029201, "NAMA_SUNGA": "Kali Sibelis", "MUARA_ID": "M3", "RESPON": "Stabil", "TSS__BATAS": 30.4, "PROKSI_NER": "Relatif Seimbang" }, "geometry": { "type": "MultiLineString", "coordinates": [ [ [ 109.126685647332963, -6.848413128342989 ], [ 109.126598872472229, -6.848406050705 ], [ 109.126509989628062, -6.848398801186893 ], [ 109.12650781200459, -6.848398623625513 ], [ 109.126444869829257, -6.848393490526005 ], [ 109.12641904130318, -6.848391383569759 ], [ 109.126396203391678, -6.848389520632638 ], [ 109.126317764653407, -6.848383122801752 ], [ 109.126252163765571, -6.848377772266763 ], [ 109.126238842103021, -6.848376686002969 ], [ 109.126219932595703, -6.848375143970032 ], [ 109.126215860405807, -6.848374811647476 ], [ 109.126011913576903, -6.848358177887834 ], [ 109.125980008880177, -6.84835557526021 ], [ 109.12595724422583, -6.848353718917672 ], [ 109.125947406039614, -6.848352916564525 ], [ 109.125835103865029, -6.848343756494487 ], [ 109.125578960207619, -6.848322864887214 ], [ 109.125289000183258, -6.848299214743406 ], [ 109.124879113773446, -6.848265782198172 ] ] ] } },
{ "type": "Feature", "properties": { "OBJECTID_1": 777, "OBJECTID": 13, "ID": 0, "TAHUN": 2000, "DATE": "2000-01-01", "NAMA_TITIK": "T40", "ZONA": "SEL TIMUR", "SHAPE_LENG": 206.105922612, "TRANSECTID": 44, "TRANSORDER": 44, "SHORELINEI": "2000-01-01", "BASELINEID": 1, "DISTANCE": 316.19, "INTERSECTX": 297688.00239400001, "INTERSECTY": 9242600.7503800001, "UNCERTAINT": 10, "NAMA_TITI2": "T40", "D_TAHUN": 0.0, "LRR": -2.39, "SKOR_SHORE": 5, "RASTERVALU": 1.31742, "SKOR_SLOPE": 5, "RASTERVA_1": -2.87668, "SKOR_ELEV": 5, "GEOM_LAP": "Tambak", "SKOR_GEOM": 5, "KATEGORI": "Abrasi Tinggi", "GELOMBANG": 0.24538714482503701, "PASUT": 0.891, "SLR": 4.69, "SKOR_GEL": 2, "SKOR_PASUT": 2, "SKOR_SLR": 5, "CVI": 68.465319688150004, "KELAS_CVI": 4, "KELAS_CV_1": "Tinggi", "LAHAN": "Tambak", "JENIS": "Natural", "SKOR_LAHAN": 3, "DELTA_D": 4.28, "D_MEAN": 10.06666666666667, "D_MEDIAN": 6.61, "TSS_MIN_MG": 20.6, "TSS_RATA_R": 53.6, "TSS_MEDIAN": 49.7, "TSS_MAKS_M": 171.0, "TSS_STDDEV": 25.3, "HS": 0.245387145, "MWP_MEAN_S": 3.5018, "MWD_CIRCUL": 17.83, "JARAK_MUAR": 727.664323427044, "NAMA_SUNGA": "Kali Ketiwon", "MUARA_ID": "M5", "RESPON": "Akresi", "TSS__BATAS": 30.4, "PROKSI_NER": "Surplus/Deposisi" }, "geometry": { "type": "MultiLineString", "coordinates": [ [ [ 109.169198984085511, -6.848613909240386 ], [ 109.169178253509486, -6.848602494025349 ], [ 109.169092727709796, -6.848555399203031 ], [ 109.168911476086805, -6.848455593862709 ], [ 109.168803751031561, -6.848396275298061 ], [ 109.168753122588086, -6.848368396398362 ], [ 109.168748649503613, -6.84836593362748 ], [ 109.168720093088169, -6.848350209235108 ], [ 109.168690639351155, -6.848333990468649 ], [ 109.16862615113817, -6.848298480158631 ], [ 109.168597717505733, -6.84828282313604 ], [ 109.168584888654323, -6.848275758947529 ], [ 109.168552009927637, -6.848257654628213 ], [ 109.168470952836415, -6.848213020673625 ], [ 109.168175614125062, -6.84805039398649 ], [ 109.16815584141392, -6.848039505893509 ], [ 109.16807191824762, -6.847921210716469 ], [ 109.16799467070868, -6.847812325152858 ], [ 109.16797940386472, -6.847790805152877 ], [ 109.167950953207566, -6.847750701634117 ], [ 109.167826185708762, -6.847574832714023 ], [ 109.167820604273473, -6.847566966129578 ], [ 109.167798722149399, -6.847536120825355 ], [ 109.167766275528876, -6.847490384587817 ] ] ] } },
{ "type": "Feature", "properties": { "OBJECTID_1": 778, "OBJECTID": 13, "ID": 0, "TAHUN": 2000, "DATE": "2000-01-01", "NAMA_TITIK": "T41", "ZONA": "SEL TIMUR", "SHAPE_LENG": 201.183586854, "TRANSECTID": 45, "TRANSORDER": 45, "SHORELINEI": "2000-01-01", "BASELINEID": 1, "DISTANCE": 304.08, "INTERSECTX": 297852.46405900002, "INTERSECTY": 9242486.2993899994, "UNCERTAINT": 10, "NAMA_TITI2": "T41", "D_TAHUN": 0.0, "LRR": -2.12, "SKOR_SHORE": 5, "RASTERVALU": 9.05717, "SKOR_SLOPE": 2, "RASTERVA_1": -1.62402, "SKOR_ELEV": 5, "GEOM_LAP": "Tambak", "SKOR_GEOM": 5, "KATEGORI": "Abrasi Tinggi", "GELOMBANG": 0.24538714482503701, "PASUT": 0.891, "SLR": 4.69, "SKOR_GEL": 2, "SKOR_PASUT": 2, "SKOR_SLR": 5, "CVI": 43.301270189219998, "KELAS_CVI": 3, "KELAS_CV_1": "Sedang", "LAHAN": "Tambak", "JENIS": "Natural", "SKOR_LAHAN": 3, "DELTA_D": -0.92000000000001603, "D_MEAN": 10.06666666666667, "D_MEDIAN": 6.61, "TSS_MIN_MG": 20.6, "TSS_RATA_R": 53.6, "TSS_MEDIAN": 49.7, "TSS_MAKS_M": 171.0, "TSS_STDDEV": 25.3, "HS": 0.245387145, "MWP_MEAN_S": 3.5018, "MWD_CIRCUL": 17.83, "JARAK_MUAR": 936.29342666807304, "NAMA_SUNGA": "Kali Ketiwon", "MUARA_ID": "M5", "RESPON": "Akresi", "TSS__BATAS": 30.4, "PROKSI_NER": "Surplus/Deposisi" }, "geometry": { "type": "MultiLineString", "coordinates": [ [ [ 109.170682802903244, -6.849654369857542 ], [ 109.170578773065969, -6.849569097508376 ], [ 109.170223031991213, -6.849277498752523 ], [ 109.170070375200737, -6.849152367027714 ], [ 109.170058314240862, -6.849142480319601 ], [ 109.169946308029338, -6.849050669437107 ], [ 109.169907708280377, -6.849019029957769 ], [ 109.169886457770119, -6.849001611031068 ], [ 109.169852458221484, -6.848973741294527 ], [ 109.169802390236342, -6.848946172019994 ], [ 109.169742591586086, -6.848913243849634 ], [ 109.169715773780752, -6.848898476383978 ], [ 109.169449696501076, -6.848751962462508 ], [ 109.169285615772139, -6.848661612234531 ], [ 109.169198984085511, -6.848613909240386 ] ] ] } },
{ "type": "Feature", "properties": { "OBJECTID_1": 798, "OBJECTID": 13, "ID": 0, "TAHUN": 2000, "DATE": "2000-01-01", "NAMA_TITIK": "T39", "ZONA": "SEL TIMUR", "SHAPE_LENG": 201.379025756, "TRANSECTID": 43, "TRANSORDER": 43, "SHORELINEI": "2000-01-01", "BASELINEID": 1, "DISTANCE": 339.08, "INTERSECTX": 297529.154698, "INTERSECTY": 9242724.4096000008, "UNCERTAINT": 10, "NAMA_TITI2": "T39", "D_TAHUN": 0.0, "LRR": -3.6, "SKOR_SHORE": 5, "RASTERVALU": 0.000339, "SKOR_SLOPE": 5, "RASTERVA_1": -2.9425, "SKOR_ELEV": 5, "GEOM_LAP": "Pasir_Halus", "SKOR_GEOM": 3, "KATEGORI": "Abrasi Tinggi", "GELOMBANG": 0.24538714482503701, "PASUT": 0.891, "SLR": 4.69, "SKOR_GEL": 2, "SKOR_PASUT": 2, "SKOR_SLR": 5, "CVI": 43.301270189219998, "KELAS_CVI": 3, "KELAS_CV_1": "Sedang", "LAHAN": "Pantai", "JENIS": "Natural", "SKOR_LAHAN": 2, "DELTA_D": 15.16, "D_MEAN": 10.06666666666667, "D_MEDIAN": 6.61, "TSS_MIN_MG": 20.6, "TSS_RATA_R": 53.6, "TSS_MEDIAN": 49.7, "TSS_MAKS_M": 171.0, "TSS_STDDEV": 25.3, "HS": 0.245387145, "MWP_MEAN_S": 3.5018, "MWD_CIRCUL": 17.83, "JARAK_MUAR": 535.47677602736997, "NAMA_SUNGA": "Kali Ketiwon", "MUARA_ID": "M5", "RESPON": "Akresi", "TSS__BATAS": 30.4, "PROKSI_NER": "Surplus/Deposisi" }, "geometry": { "type": "MultiLineString", "coordinates": [ [ [ 109.167766275528876, -6.847490384587817 ], [ 109.167737483880927, -6.84744980056603 ], [ 109.167684611924798, -6.847375273378383 ], [ 109.167677485549106, -6.847365228231979 ], [ 109.167646651751127, -6.847345609986641 ], [ 109.167381800860525, -6.847177093877028 ], [ 109.167229199582934, -6.847079998594289 ], [ 109.167006184426754, -6.846938100892229 ], [ 109.166704726511725, -6.846746292381543 ], [ 109.166634790032859, -6.846701793764799 ], [ 109.166270228428147, -6.846469832532391 ] ] ] } },
{ "type": "Feature", "properties": { "OBJECTID_1": 804, "OBJECTID": 13, "ID": 0, "TAHUN": 2000, "DATE": "2000-01-01", "NAMA_TITIK": "T38", "ZONA": "SEL TIMUR", "SHAPE_LENG": 172.785095654, "TRANSECTID": 42, "TRANSORDER": 42, "SHORELINEI": "2000-01-01", "BASELINEID": 1, "DISTANCE": 348.61, "INTERSECTX": 297363.34733700001, "INTERSECTY": 9242836.6533300001, "UNCERTAINT": 10, "NAMA_TITI2": "T38", "D_TAHUN": 0.0, "LRR": -4.04, "SKOR_SHORE": 5, "RASTERVALU": 0.000344, "SKOR_SLOPE": 5, "RASTERVA_1": -2.94192, "SKOR_ELEV": 5, "GEOM_LAP": "Pasir_Halus", "SKOR_GEOM": 3, "KATEGORI": "Abrasi Tinggi", "GELOMBANG": 0.24538714482503701, "PASUT": 0.891, "SLR": 4.69, "SKOR_GEL": 2, "SKOR_PASUT": 2, "SKOR_SLR": 5, "CVI": 43.301270189219998, "KELAS_CVI": 3, "KELAS_CV_1": "Sedang", "LAHAN": "Pantai", "JENIS": "Natural", "SKOR_LAHAN": 2, "DELTA_D": -5.19, "D_MEAN": 10.06666666666667, "D_MEDIAN": 6.61, "TSS_MIN_MG": 20.6, "TSS_RATA_R": 53.6, "TSS_MEDIAN": 49.7, "TSS_MAKS_M": 171.0, "TSS_STDDEV": 25.3, "HS": 0.245387145, "MWP_MEAN_S": 3.5018, "MWD_CIRCUL": 17.83, "JARAK_MUAR": 355.43647958132902, "NAMA_SUNGA": "Kali Ketiwon", "MUARA_ID": "M5", "RESPON": "Akresi", "TSS__BATAS": 30.4, "PROKSI_NER": "Surplus/Deposisi" }, "geometry": { "type": "MultiLineString", "coordinates": [ [ [ 109.166270228428147, -6.846469832532391 ], [ 109.1662662658144, -6.846467311115388 ], [ 109.165863765169263, -6.846211210643727 ], [ 109.165740109397575, -6.846132531779585 ], [ 109.165602400902799, -6.846044911490136 ], [ 109.165181172774481, -6.845776894824652 ], [ 109.165039313297441, -6.84568663384102 ], [ 109.164951686704072, -6.845630878702988 ] ] ] } },
{ "type": "Feature", "properties": { "OBJECTID_1": 805, "OBJECTID": 13, "ID": 0, "TAHUN": 2000, "DATE": "2000-01-01", "NAMA_TITIK": "T37", "ZONA": "SEL TIMUR", "SHAPE_LENG": 217.161088952, "TRANSECTID": 41, "TRANSORDER": 41, "SHORELINEI": "2000-01-01", "BASELINEID": 1, "DISTANCE": 349.17, "INTERSECTX": 297217.23942300008, "INTERSECTY": 9242928.8857000005, "UNCERTAINT": 10, "NAMA_TITI2": "T37", "D_TAHUN": 0.0, "LRR": -4.54, "SKOR_SHORE": 5, "RASTERVALU": 0.000345, "SKOR_SLOPE": 5, "RASTERVA_1": -2.94128, "SKOR_ELEV": 5, "GEOM_LAP": "Pasir_Halus", "SKOR_GEOM": 3, "KATEGORI": "Abrasi Tinggi", "GELOMBANG": 0.24538714482503701, "PASUT": 0.891, "SLR": 4.69, "SKOR_GEL": 2, "SKOR_PASUT": 2, "SKOR_SLR": 5, "CVI": 43.301270189219998, "KELAS_CVI": 3, "KELAS_CV_1": "Sedang", "LAHAN": "Pantai", "JENIS": "Natural", "SKOR_LAHAN": 2, "DELTA_D": -23.97, "D_MEAN": 10.06666666666667, "D_MEDIAN": 6.61, "TSS_MIN_MG": 20.6, "TSS_RATA_R": 53.6, "TSS_MEDIAN": 49.7, "TSS_MAKS_M": 171.0, "TSS_STDDEV": 25.3, "HS": 0.245387145, "MWP_MEAN_S": 3.5018, "MWD_CIRCUL": 17.83, "JARAK_MUAR": 155.29372815372599, "NAMA_SUNGA": "Kali Ketiwon", "MUARA_ID": "M5", "RESPON": "Akresi", "TSS__BATAS": 30.4, "PROKSI_NER": "Surplus/Deposisi" }, "geometry": { "type": "MultiLineString", "coordinates": [ [ [ 109.164951686704072, -6.845630878702988 ], [ 109.164853333775781, -6.84556829878586 ], [ 109.164738858856538, -6.84549546123278 ], [ 109.164677071783373, -6.845456147177769 ], [ 109.164475264947356, -6.845446489904806 ], [ 109.164469500796329, -6.845446213833218 ], [ 109.164454406188696, -6.84544549165692 ], [ 109.164308993643331, -6.845438532403433 ], [ 109.164180282948664, -6.845432372856881 ], [ 109.164171641697735, -6.845431959215379 ], [ 109.164166237640245, -6.845424096903949 ], [ 109.164076362284803, -6.845293331260426 ], [ 109.164035748673271, -6.845234240188277 ], [ 109.164016016285046, -6.845205529565649 ], [ 109.163960315073808, -6.845124485125045 ], [ 109.163903754734292, -6.845042191485947 ], [ 109.163902449377943, -6.845040292311081 ], [ 109.163894675718623, -6.845028981570947 ], [ 109.163882679217565, -6.845011527293842 ], [ 109.163669909031341, -6.844701951840881 ], [ 109.1635945871286, -6.844592360839291 ], [ 109.163544631633755, -6.844490179460551 ] ] ] } },
{ "type": "Feature", "properties": { "OBJECTID_1": 822, "OBJECTID": 13, "ID": 0, "TAHUN": 2000, "DATE": "2000-01-01", "NAMA_TITIK": "T05", "ZONA": "SEL BARAT", "SHAPE_LENG": 200.937558196, "TRANSECTID": 6, "TRANSORDER": 6, "SHORELINEI": "2000-01-01", "BASELINEID": 1, "DISTANCE": 332.25, "INTERSECTX": 290416.12440099998, "INTERSECTY": 9243562.3649499994, "UNCERTAINT": 10, "NAMA_TITI2": "T05", "D_TAHUN": 0.0, "LRR": -1.47, "SKOR_SHORE": 4, "RASTERVALU": 6.15341, "SKOR_SLOPE": 3, "RASTERVA_1": -2.46219, "SKOR_ELEV": 5, "GEOM_LAP": "Pasir_Halus", "SKOR_GEOM": 3, "KATEGORI": "Abrasi Sedang", "GELOMBANG": 0.24538714482503701, "PASUT": 0.891, "SLR": 4.69, "SKOR_GEL": 2, "SKOR_PASUT": 2, "SKOR_SLR": 5, "CVI": 42.426406871189997, "KELAS_CVI": 3, "KELAS_CV_1": "Sedang", "LAHAN": "Muara", "JENIS": "Natural", "SKOR_LAHAN": 4, "DELTA_D": -2.34, "D_MEAN": -5.2325, "D_MEDIAN": -0.435, "TSS_MIN_MG": 21.2, "TSS_RATA_R": 39.9, "TSS_MEDIAN": 35.8, "TSS_MAKS_M": 111.3, "TSS_STDDEV": 13.3, "HS": 0.245387145, "MWP_MEAN_S": 3.5018, "MWD_CIRCUL": 17.83, "JARAK_MUAR": 4.2768385923696401, "NAMA_SUNGA": "KaliGangsa", "MUARA_ID": "M1", "RESPON": "Stabil", "TSS__BATAS": 30.4, "PROKSI_NER": "Relatif Seimbang" }, "geometry": { "type": "MultiLineString", "coordinates": [ [ [ 109.103451327375709, -6.839664812829013 ], [ 109.101783811030487, -6.838941856792563 ] ] ] } },
{ "type": "Feature", "properties": { "OBJECTID_1": 823, "OBJECTID": 13, "ID": 0, "TAHUN": 2000, "DATE": "2000-01-01", "NAMA_TITIK": "T03", "ZONA": "SEL BARAT", "SHAPE_LENG": 201.78139078000001, "TRANSECTID": 3, "TRANSORDER": 3, "SHORELINEI": "2000-01-01", "BASELINEID": 1, "DISTANCE": 341.66, "INTERSECTX": 289965.74045300001, "INTERSECTY": 9243768.4978100006, "UNCERTAINT": 10, "NAMA_TITI2": "T03", "D_TAHUN": 0.0, "LRR": -3.26, "SKOR_SHORE": 5, "RASTERVALU": 6.99672, "SKOR_SLOPE": 3, "RASTERVA_1": -1.58426, "SKOR_ELEV": 5, "GEOM_LAP": "Pasir_Halus", "SKOR_GEOM": 3, "KATEGORI": "Abrasi Tinggi", "GELOMBANG": 0.24538714482503701, "PASUT": 0.891, "SLR": 4.69, "SKOR_GEL": 2, "SKOR_PASUT": 2, "SKOR_SLR": 5, "CVI": 33.541019662499998, "KELAS_CVI": 2, "KELAS_CV_1": "Rendah", "LAHAN": "Pantai", "JENIS": "Natural", "SKOR_LAHAN": 2, "DELTA_D": 18.15, "D_MEAN": -5.2325, "D_MEDIAN": -0.435, "TSS_MIN_MG": 21.2, "TSS_RATA_R": 39.9, "TSS_MEDIAN": 35.8, "TSS_MAKS_M": 111.3, "TSS_STDDEV": 13.3, "HS": 0.245387145, "MWP_MEAN_S": 3.5018, "MWD_CIRCUL": 17.83, "JARAK_MUAR": 387.64661320961198, "NAMA_SUNGA": "KaliGangsa", "MUARA_ID": "M1", "RESPON": "Stabil", "TSS__BATAS": 30.4, "PROKSI_NER": "Relatif Seimbang" }, "geometry": { "type": "MultiLineString", "coordinates": [ [ [ 109.099384642783193, -6.837785087838259 ], [ 109.099372459266519, -6.83777333956482 ], [ 109.099304704704167, -6.837708000987116 ], [ 109.099212749858324, -6.837619325636885 ], [ 109.099210615038942, -6.837617267575916 ], [ 109.099152922725992, -6.837561631913355 ], [ 109.099092334139954, -6.837503203749388 ], [ 109.098976458448689, -6.837391461231459 ], [ 109.098758126695429, -6.837275731012667 ], [ 109.098439998301714, -6.83710710270474 ], [ 109.098395640179845, -6.837083590444542 ], [ 109.098203366657813, -6.83698167208846 ], [ 109.098119286682518, -6.836937104250385 ], [ 109.098083280269194, -6.836918018062732 ], [ 109.097995884747249, -6.836871693071099 ], [ 109.097881028592738, -6.836810811801378 ], [ 109.097875973541321, -6.836808132824318 ], [ 109.0978654691597, -6.836801830320104 ], [ 109.097865347329403, -6.836801757509499 ] ] ] } },
{ "type": "Feature", "properties": { "OBJECTID_1": 824, "OBJECTID": 13, "ID": 0, "TAHUN": 2000, "DATE": "2000-01-01", "NAMA_TITIK": "T04", "ZONA": "SEL BARAT", "SHAPE_LENG": 204.208450723, "TRANSECTID": 4, "TRANSORDER": 4, "SHORELINEI": "2000-01-01", "BASELINEID": 1, "DISTANCE": 364.34, "INTERSECTX": 290143.437661, "INTERSECTY": 9243673.9577200003, "UNCERTAINT": 10, "NAMA_TITI2": "T04", "D_TAHUN": 0.0, "LRR": -3.32, "SKOR_SHORE": 5, "RASTERVALU": 6.89058, "SKOR_SLOPE": 3, "RASTERVA_1": -2.22393, "SKOR_ELEV": 5, "GEOM_LAP": "Pasir_Halus", "SKOR_GEOM": 3, "KATEGORI": "Abrasi Tinggi", "GELOMBANG": 0.24538714482503701, "PASUT": 0.891, "SLR": 4.69, "SKOR_GEL": 2, "SKOR_PASUT": 2, "SKOR_SLR": 5, "CVI": 33.541019662499998, "KELAS_CVI": 2, "KELAS_CV_1": "Rendah", "LAHAN": "Pantai", "JENIS": "Natural", "SKOR_LAHAN": 2, "DELTA_D": -3.25, "D_MEAN": -5.2325, "D_MEDIAN": -0.435, "TSS_MIN_MG": 21.2, "TSS_RATA_R": 39.9, "TSS_MEDIAN": 35.8, "TSS_MAKS_M": 111.3, "TSS_STDDEV": 13.3, "HS": 0.245387145, "MWP_MEAN_S": 3.5018, "MWD_CIRCUL": 17.83, "JARAK_MUAR": 191.803552089433, "NAMA_SUNGA": "KaliGangsa", "MUARA_ID": "M1", "RESPON": "Stabil", "TSS__BATAS": 30.4, "PROKSI_NER": "Relatif Seimbang" }, "geometry": { "type": "MultiLineString", "coordinates": [ [ [ 109.100988661275423, -6.838646171937383 ], [ 109.100771554541737, -6.838576332904969 ], [ 109.100700211049386, -6.838553383341015 ], [ 109.100526144138556, -6.838497388835457 ], [ 109.100301424337871, -6.838425100164051 ], [ 109.100271272083404, -6.838407408739884 ], [ 109.100240927601064, -6.838389604445191 ], [ 109.100189505429569, -6.838359432718607 ], [ 109.10001921973334, -6.838259520181152 ], [ 109.099969237967827, -6.838230194048673 ], [ 109.099715975588708, -6.838081596297179 ], [ 109.099655048462125, -6.838045848388207 ], [ 109.099610506498422, -6.838002895175321 ], [ 109.099519168823889, -6.837914815390838 ], [ 109.099384642783193, -6.837785087838259 ] ] ] } },
{ "type": "Feature", "properties": { "OBJECTID_1": 825, "OBJECTID": 13, "ID": 0, "TAHUN": 2000, "DATE": "2000-01-01", "NAMA_TITIK": "T44", "ZONA": "SEL BARAT", "SHAPE_LENG": 93.901281353100003, "TRANSECTID": 5, "TRANSORDER": 5, "SHORELINEI": "2000-01-01", "BASELINEID": 1, "DISTANCE": 351.64, "INTERSECTX": 290231.46889399999, "INTERSECTY": 9243641.60042, "UNCERTAINT": 10, "NAMA_TITI2": "T44", "D_TAHUN": 0.0, "LRR": -2.33, "SKOR_SHORE": 5, "RASTERVALU": 0.013365, "SKOR_SLOPE": 5, "RASTERVA_1": -2.91714, "SKOR_ELEV": 5, "GEOM_LAP": "Aluvial", "SKOR_GEOM": 4, "KATEGORI": "Abrasi Tinggi", "GELOMBANG": 0.24538714482503701, "PASUT": 0.891, "SLR": 4.69, "SKOR_GEL": 2, "SKOR_PASUT": 2, "SKOR_SLR": 5, "CVI": 70.710678118649994, "KELAS_CVI": 4, "KELAS_CV_1": "Tinggi", "LAHAN": "Muara", "JENIS": "Natural", "SKOR_LAHAN": 4, "DELTA_D": -3.78, "D_MEAN": -5.2325, "D_MEDIAN": -0.435, "TSS_MIN_MG": 21.2, "TSS_RATA_R": 39.9, "TSS_MEDIAN": 35.8, "TSS_MAKS_M": 111.3, "TSS_STDDEV": 13.3, "HS": 0.245387145, "MWP_MEAN_S": 3.5018, "MWD_CIRCUL": 17.83, "JARAK_MUAR": 61.827697463302599, "NAMA_SUNGA": "KaliGangsa", "MUARA_ID": "M1", "RESPON": "Stabil", "TSS__BATAS": 30.4, "PROKSI_NER": "Relatif Seimbang" }, "geometry": { "type": "MultiLineString", "coordinates": [ [ [ 109.101783811030487, -6.838941856792563 ], [ 109.101427158204658, -6.838787227353587 ], [ 109.101226293293394, -6.83872261326645 ], [ 109.101079602166962, -6.838675425445564 ], [ 109.100988661275423, -6.838646171937383 ] ] ] } },
{ "type": "Feature", "properties": { "OBJECTID_1": 829, "OBJECTID": 13, "ID": 0, "TAHUN": 2000, "DATE": "2000-01-01", "NAMA_TITIK": "T02", "ZONA": "SEL BARAT", "SHAPE_LENG": 200.81015382199999, "TRANSECTID": 2, "TRANSORDER": 2, "SHORELINEI": "2000-01-01", "BASELINEID": 1, "DISTANCE": 335.43, "INTERSECTX": 289797.35502800002, "INTERSECTY": 9243876.5955599993, "UNCERTAINT": 10, "NAMA_TITI2": "T02", "D_TAHUN": 0.0, "LRR": -2.19, "SKOR_SHORE": 5, "RASTERVALU": 6.56471, "SKOR_SLOPE": 3, "RASTERVA_1": -1.78074, "SKOR_ELEV": 5, "GEOM_LAP": "Pasir_Halus", "SKOR_GEOM": 3, "KATEGORI": "Abrasi Tinggi", "GELOMBANG": 0.24538714482503701, "PASUT": 0.891, "SLR": 4.69, "SKOR_GEL": 2, "SKOR_PASUT": 2, "SKOR_SLR": 5, "CVI": 33.541019662499998, "KELAS_CVI": 2, "KELAS_CV_1": "Rendah", "LAHAN": "Pantai", "JENIS": "Natural", "SKOR_LAHAN": 2, "DELTA_D": -0.25, "D_MEAN": -5.2325, "D_MEDIAN": -0.435, "TSS_MIN_MG": 21.2, "TSS_RATA_R": 39.9, "TSS_MEDIAN": 35.8, "TSS_MAKS_M": 111.3, "TSS_STDDEV": 13.3, "HS": 0.245387145, "MWP_MEAN_S": 3.5018, "MWD_CIRCUL": 17.83, "JARAK_MUAR": 579.82548354246296, "NAMA_SUNGA": "KaliGangsa", "MUARA_ID": "M1", "RESPON": "Stabil", "TSS__BATAS": 30.4, "PROKSI_NER": "Relatif Seimbang" }, "geometry": { "type": "MultiLineString", "coordinates": [ [ [ 109.097865347329403, -6.836801757509499 ], [ 109.097865178576129, -6.836801655581796 ], [ 109.097847136130184, -6.83679082983917 ], [ 109.097715534494085, -6.836711869688282 ], [ 109.097571804151258, -6.836625631373934 ], [ 109.09756068521834, -6.836618960269971 ], [ 109.097533542608119, -6.836602674770316 ], [ 109.097427195793188, -6.836538866981877 ], [ 109.097203274147788, -6.836404513815928 ], [ 109.097164373719281, -6.836381174034787 ], [ 109.097121590115094, -6.836355503464614 ], [ 109.097115461669276, -6.836351826617069 ], [ 109.097109096785715, -6.836348007793018 ], [ 109.097103358196222, -6.83634456393973 ], [ 109.097001967688769, -6.836283730325297 ], [ 109.096982631197349, -6.836272127331425 ], [ 109.096764205665735, -6.836141072263894 ], [ 109.096528500449494, -6.835999649137978 ], [ 109.096402336072089, -6.835874231531676 ], [ 109.096365075689363, -6.835837190915377 ], [ 109.096346110764657, -6.835818338377329 ] ] ] } },
{ "type": "Feature", "properties": { "OBJECTID_1": 833, "OBJECTID": 13, "ID": 0, "TAHUN": 2000, "DATE": "2000-01-01", "NAMA_TITIK": "T01", "ZONA": "SEL BARAT", "SHAPE_LENG": 74.598240159900001, "TRANSECTID": 1, "TRANSORDER": 1, "SHORELINEI": "2000-01-01", "BASELINEID": 1, "DISTANCE": 329.22, "INTERSECTX": 289628.97577000002, "INTERSECTY": 9243984.7022900004, "UNCERTAINT": 10, "NAMA_TITI2": "T01", "D_TAHUN": 0.0, "LRR": -0.96, "SKOR_SHORE": 3, "RASTERVALU": 0.111227, "SKOR_SLOPE": 5, "RASTERVA_1": -2.91494, "SKOR_ELEV": 5, "GEOM_LAP": "Pasir_Halus", "SKOR_GEOM": 3, "KATEGORI": "Stabil", "GELOMBANG": 0.24538714482503701, "PASUT": 0.891, "SLR": 4.69, "SKOR_GEL": 2, "SKOR_PASUT": 2, "SKOR_SLR": 5, "CVI": 33.541019662499998, "KELAS_CVI": 2, "KELAS_CV_1": "Rendah", "LAHAN": "Pantai", "JENIS": "Natural", "SKOR_LAHAN": 2, "DELTA_D": -19.37, "D_MEAN": -5.2325, "D_MEDIAN": -0.435, "TSS_MIN_MG": 21.2, "TSS_RATA_R": 39.9, "TSS_MEDIAN": 35.8, "TSS_MAKS_M": 111.3, "TSS_STDDEV": 13.3, "HS": 0.245387145, "MWP_MEAN_S": 3.5018, "MWD_CIRCUL": 17.83, "JARAK_MUAR": 778.10088489128304, "NAMA_SUNGA": "KaliGangsa", "MUARA_ID": "M1", "RESPON": "Stabil", "TSS__BATAS": 30.4, "PROKSI_NER": "Relatif Seimbang" }, "geometry": { "type": "MultiLineString", "coordinates": [ [ [ 109.096346110764657, -6.835818338377329 ], [ 109.095867669520004, -6.835342724944942 ] ] ] } },
{ "type": "Feature", "properties": { "OBJECTID_1": 835, "OBJECTID": 14, "ID": 0, "TAHUN": 2001, "DATE": "2001-01-01", "NAMA_TITIK": "T42", "ZONA": "SEL TIMUR", "SHAPE_LENG": 213.721821734, "TRANSECTID": 46, "TRANSORDER": 46, "SHORELINEI": "2001-01-01", "BASELINEID": 1, "DISTANCE": 290.65, "INTERSECTX": 298023.922227, "INTERSECTY": 9242362.79122, "UNCERTAINT": 10, "NAMA_TITI2": "T42", "D_TAHUN": 0.0, "LRR": -1.48, "SKOR_SHORE": 4, "RASTERVALU": 10.6361, "SKOR_SLOPE": 2, "RASTERVA_1": -1.41562, "SKOR_ELEV": 5, "GEOM_LAP": "Tambak", "SKOR_GEOM": 5, "KATEGORI": "Abrasi Sedang", "GELOMBANG": 0.24523335607612801, "PASUT": 0.811, "SLR": 4.69, "SKOR_GEL": 2, "SKOR_PASUT": 5, "SKOR_SLR": 5, "CVI": 61.237243569580002, "KELAS_CVI": 4, "KELAS_CV_1": "Tinggi", "LAHAN": "Tambak", "JENIS": "Natural", "SKOR_LAHAN": 3, "DELTA_D": 21.23, "D_MEAN": -6.2894444444444497, "D_MEDIAN": -5.115, "TSS_MIN_MG": 19.2, "TSS_RATA_R": 47.5, "TSS_MEDIAN": 45.2, "TSS_MAKS_M": 124.8, "TSS_STDDEV": 19.2, "HS": 0.245233356, "MWP_MEAN_S": 3.5542, "MWD_CIRCUL": 28.18, "JARAK_MUAR": 1130.0451134499999, "NAMA_SUNGA": "Kali Ketiwon", "MUARA_ID": "M5", "RESPON": "Abrasi", "TSS__BATAS": 30.4, "PROKSI_NER": "Bypass/Export" }, "geometry": { "type": "MultiLineString", "coordinates": [ [ [ 109.17224089449148, -6.85078226311289 ], [ 109.172230158404346, -6.850777215978459 ], [ 109.172230016628717, -6.850777149435994 ], [ 109.172229607557625, -6.85077695710362 ], [ 109.172177069448651, -6.850752260128532 ], [ 109.172173795074471, -6.850750720558332 ], [ 109.172008170032413, -6.85067286588335 ], [ 109.171878214594884, -6.850611777860933 ], [ 109.171860589327267, -6.850603492958915 ], [ 109.171689659135936, -6.850523143350208 ], [ 109.171431997034148, -6.850402023618162 ], [ 109.171393193134733, -6.850383782954867 ], [ 109.171325386782883, -6.850351908508554 ], [ 109.171255099828215, -6.850318869107561 ], [ 109.171198869372503, -6.850292436492765 ], [ 109.171178500745071, -6.850282861755211 ], [ 109.171165739685122, -6.850272224663861 ], [ 109.171112942389044, -6.85022821665217 ], [ 109.170634483810161, -6.849829408593698 ], [ 109.170594818877547, -6.849797376301876 ] ] ] } },
{ "type": "Feature", "properties": { "OBJECTID_1": 838, "OBJECTID": 14, "ID": 0, "TAHUN": 2001, "DATE": "2001-01-01", "NAMA_TITIK": "T51", "ZONA": "SEL BARAT", "SHAPE_LENG": 200.26410717, "TRANSECTID": 20, "TRANSORDER": 20, "SHORELINEI": "2001-01-01", "BASELINEID": 1, "DISTANCE": 236.72, "INTERSECTX": 292988.73816499999, "INTERSECTY": 9242607.4451400004, "UNCERTAINT": 10, "NAMA_TITI2": "T51", "D_TAHUN": 0.0, "LRR": 0.72, "SKOR_SHORE": 3, "RASTERVALU": 2.59289, "SKOR_SLOPE": 4, "RASTERVA_1": -2.65623, "SKOR_ELEV": 5, "GEOM_LAP": "Aluvial", "SKOR_GEOM": 4, "KATEGORI": "Stabil", "GELOMBANG": 0.24523335607612801, "PASUT": 0.891, "SLR": 4.69, "SKOR_GEL": 2, "SKOR_PASUT": 2, "SKOR_SLR": 5, "CVI": 48.989794855660001, "KELAS_CVI": 3, "KELAS_CV_1": "Sedang", "LAHAN": "Muara", "JENIS": "Natural", "SKOR_LAHAN": 4, "DELTA_D": 2.63, "D_MEAN": -6.1375, "D_MEDIAN": -6.195, "TSS_MIN_MG": 20.9, "TSS_RATA_R": 38.3, "TSS_MEDIAN": 35.2, "TSS_MAKS_M": 87.0, "TSS_STDDEV": 11.4, "HS": 0.245233356, "MWP_MEAN_S": 3.5542, "MWD_CIRCUL": 28.18, "JARAK_MUAR": 19.716633507029201, "NAMA_SUNGA": "Kali Sibelis", "MUARA_ID": "M3", "RESPON": "Abrasi", "TSS__BATAS": 30.4, "PROKSI_NER": "Bypass/Export" }, "geometry": { "type": "MultiLineString", "coordinates": [ [ [ 109.126689017653362, -6.848389554554935 ], [ 109.126653980895611, -6.84838794605772 ], [ 109.126542852393158, -6.848382843029899 ], [ 109.126540499001592, -6.848382735305565 ], [ 109.126477780520304, -6.848379855268728 ], [ 109.126456120646168, -6.848378861274559 ], [ 109.126452573376866, -6.848378698264259 ], [ 109.126426429220885, -6.848377497823827 ], [ 109.126359750139642, -6.848374435971588 ], [ 109.126345971682596, -6.848373803610907 ], [ 109.1263165561177, -6.848372452982717 ], [ 109.126275568062752, -6.848370570812 ], [ 109.126261779655934, -6.848369938410166 ], [ 109.126260322581274, -6.848369871248424 ], [ 109.126226555248323, -6.848365884385823 ], [ 109.126153420874715, -6.848357250505034 ], [ 109.126102988244128, -6.848351296366796 ], [ 109.126010230041274, -6.848340345516153 ], [ 109.125964629459943, -6.848334961724994 ], [ 109.125869562851776, -6.848323737841613 ], [ 109.125656500079288, -6.848298583141903 ], [ 109.125641187466982, -6.848296775739929 ], [ 109.125454508357763, -6.848274737316574 ], [ 109.125345414060277, -6.848261857408606 ], [ 109.125238125459987, -6.848249190662631 ], [ 109.124887407663635, -6.848207784884463 ] ] ] } },
{ "type": "Feature", "properties": { "OBJECTID_1": 849, "OBJECTID": 14, "ID": 0, "TAHUN": 2001, "DATE": "2001-01-01", "NAMA_TITIK": "T40", "ZONA": "SEL TIMUR", "SHAPE_LENG": 200.36303428599999, "TRANSECTID": 44, "TRANSORDER": 44, "SHORELINEI": "2001-01-01", "BASELINEID": 1, "DISTANCE": 307.37, "INTERSECTX": 297683.41495800001, "INTERSECTY": 9242593.2259, "UNCERTAINT": 10, "NAMA_TITI2": "T40", "D_TAHUN": 0.0, "LRR": -2.39, "SKOR_SHORE": 5, "RASTERVALU": 1.31742, "SKOR_SLOPE": 5, "RASTERVA_1": -2.87668, "SKOR_ELEV": 5, "GEOM_LAP": "Tambak", "SKOR_GEOM": 5, "KATEGORI": "Abrasi Tinggi", "GELOMBANG": 0.24523335607612801, "PASUT": 0.891, "SLR": 4.69, "SKOR_GEL": 2, "SKOR_PASUT": 2, "SKOR_SLR": 5, "CVI": 68.465319688150004, "KELAS_CVI": 4, "KELAS_CV_1": "Tinggi", "LAHAN": "Tambak", "JENIS": "Natural", "SKOR_LAHAN": 3, "DELTA_D": -8.82, "D_MEAN": -6.2894444444444497, "D_MEDIAN": -5.115, "TSS_MIN_MG": 19.2, "TSS_RATA_R": 47.5, "TSS_MEDIAN": 45.2, "TSS_MAKS_M": 124.8, "TSS_STDDEV": 19.2, "HS": 0.245233356, "MWP_MEAN_S": 3.5542, "MWD_CIRCUL": 28.18, "JARAK_MUAR": 727.664323427044, "NAMA_SUNGA": "Kali Ketiwon", "MUARA_ID": "M5", "RESPON": "Abrasi", "TSS__BATAS": 30.4, "PROKSI_NER": "Bypass/Export" }, "geometry": { "type": "MultiLineString", "coordinates": [ [ [ 109.169157224951164, -6.848681782957301 ], [ 109.168834581560432, -6.848455677909725 ], [ 109.168789887996553, -6.848424356921218 ], [ 109.168777013235029, -6.848415334171619 ], [ 109.168760202962673, -6.848403554137987 ], [ 109.168669688076022, -6.848340123049575 ], [ 109.168653994768064, -6.848329124839046 ], [ 109.168595540490813, -6.848288160176341 ], [ 109.168552009927637, -6.848257654628213 ], [ 109.168453631312929, -6.848188711684006 ], [ 109.168131780800707, -6.847963161790496 ], [ 109.16807191824762, -6.847921210716469 ], [ 109.167916535506052, -6.847812319360561 ], [ 109.167859773936627, -6.847772541008301 ], [ 109.167770223792417, -6.847709784367762 ], [ 109.16767314552412, -6.847641753140244 ] ] ] } },
{ "type": "Feature", "properties": { "OBJECTID_1": 850, "OBJECTID": 14, "ID": 0, "TAHUN": 2001, "DATE": "2001-01-01", "NAMA_TITIK": "T41", "ZONA": "SEL TIMUR", "SHAPE_LENG": 201.28686441100001, "TRANSECTID": 45, "TRANSORDER": 45, "SHORELINEI": "2001-01-01", "BASELINEID": 1, "DISTANCE": 285.51, "INTERSECTX": 297842.79854699998, "INTERSECTY": 9242470.4456699993, "UNCERTAINT": 10, "NAMA_TITI2": "T41", "D_TAHUN": 0.0, "LRR": -2.12, "SKOR_SHORE": 5, "RASTERVALU": 9.05717, "SKOR_SLOPE": 2, "RASTERVA_1": -1.62402, "SKOR_ELEV": 5, "GEOM_LAP": "Tambak", "SKOR_GEOM": 5, "KATEGORI": "Abrasi Tinggi", "GELOMBANG": 0.24523335607612801, "PASUT": 0.811, "SLR": 4.69, "SKOR_GEL": 2, "SKOR_PASUT": 5, "SKOR_SLR": 5, "CVI": 68.465319688150004, "KELAS_CVI": 4, "KELAS_CV_1": "Tinggi", "LAHAN": "Tambak", "JENIS": "Natural", "SKOR_LAHAN": 3, "DELTA_D": -18.57, "D_MEAN": -6.2894444444444497, "D_MEDIAN": -5.115, "TSS_MIN_MG": 19.2, "TSS_RATA_R": 47.5, "TSS_MEDIAN": 45.2, "TSS_MAKS_M": 124.8, "TSS_STDDEV": 19.2, "HS": 0.245233356, "MWP_MEAN_S": 3.5542, "MWD_CIRCUL": 28.18, "JARAK_MUAR": 936.29342666807304, "NAMA_SUNGA": "Kali Ketiwon", "MUARA_ID": "M5", "RESPON": "Abrasi", "TSS__BATAS": 30.4, "PROKSI_NER": "Bypass/Export" }, "geometry": { "type": "MultiLineString", "coordinates": [ [ [ 109.170594818877547, -6.849797376301876 ], [ 109.170594789114418, -6.849797352680618 ], [ 109.170593349735739, -6.849796190791059 ], [ 109.170446378239518, -6.849677497525756 ], [ 109.170401612389171, -6.849641345477003 ], [ 109.170385773845197, -6.849628554721691 ], [ 109.170316199525558, -6.849572367152851 ], [ 109.169908298383689, -6.849242949686093 ], [ 109.16987461560916, -6.849215748416301 ], [ 109.169753959930404, -6.84911830695496 ], [ 109.169699273708758, -6.849074142473627 ], [ 109.169582258920244, -6.848979641590334 ], [ 109.169574952676498, -6.848974521583966 ], [ 109.169562034574341, -6.848965468845834 ], [ 109.169527100306738, -6.848940987000617 ], [ 109.169525018865059, -6.848939528814501 ], [ 109.16928621816389, -6.848772179485458 ], [ 109.169157224951164, -6.848681782957301 ] ] ] } },
{ "type": "Feature", "properties": { "OBJECTID_1": 873, "OBJECTID": 14, "ID": 0, "TAHUN": 2001, "DATE": "2001-01-01", "NAMA_TITIK": "T39", "ZONA": "SEL TIMUR", "SHAPE_LENG": 200.362837993, "TRANSECTID": 43, "TRANSORDER": 43, "SHORELINEI": "2001-01-01", "BASELINEID": 1, "DISTANCE": 319.43, "INTERSECTX": 297518.92391100002, "INTERSECTY": 9242707.6286999993, "UNCERTAINT": 10, "NAMA_TITI2": "T39", "D_TAHUN": 0.0, "LRR": -3.6, "SKOR_SHORE": 5, "RASTERVALU": 0.000339, "SKOR_SLOPE": 5, "RASTERVA_1": -2.9425, "SKOR_ELEV": 5, "GEOM_LAP": "Pasir_Halus", "SKOR_GEOM": 3, "KATEGORI": "Abrasi Tinggi", "GELOMBANG": 0.24523335607612801, "PASUT": 0.891, "SLR": 4.69, "SKOR_GEL": 2, "SKOR_PASUT": 2, "SKOR_SLR": 5, "CVI": 43.301270189219998, "KELAS_CVI": 3, "KELAS_CV_1": "Sedang", "LAHAN": "Pantai", "JENIS": "Natural", "SKOR_LAHAN": 2, "DELTA_D": -19.65, "D_MEAN": -6.2894444444444497, "D_MEDIAN": -5.115, "TSS_MIN_MG": 19.2, "TSS_RATA_R": 47.5, "TSS_MEDIAN": 45.2, "TSS_MAKS_M": 124.8, "TSS_STDDEV": 19.2, "HS": 0.245233356, "MWP_MEAN_S": 3.5542, "MWD_CIRCUL": 28.18, "JARAK_MUAR": 535.47677602736997, "NAMA_SUNGA": "Kali Ketiwon", "MUARA_ID": "M5", "RESPON": "Abrasi", "TSS__BATAS": 30.4, "PROKSI_NER": "Bypass/Export" }, "geometry": { "type": "MultiLineString", "coordinates": [ [ [ 109.16767314552412, -6.847641753140244 ], [ 109.167487949953355, -6.847511968869711 ], [ 109.167109208182112, -6.847246548337808 ], [ 109.166894256810693, -6.84709591197644 ], [ 109.166585979089703, -6.846879872390063 ], [ 109.166368252855591, -6.846727290414494 ], [ 109.166189074049043, -6.846601722217195 ] ] ] } },
{ "type": "Feature", "properties": { "OBJECTID_1": 882, "OBJECTID": 14, "ID": 0, "TAHUN": 2001, "DATE": "2001-01-01", "NAMA_TITIK": "T38", "ZONA": "SEL TIMUR", "SHAPE_LENG": 174.30661293399999, "TRANSECTID": 42, "TRANSORDER": 42, "SHORELINEI": "2001-01-01", "BASELINEID": 1, "DISTANCE": 331.48, "INTERSECTX": 297354.43286499998, "INTERSECTY": 9242822.03149, "UNCERTAINT": 10, "NAMA_TITI2": "T38", "D_TAHUN": 0.0, "LRR": -4.04, "SKOR_SHORE": 5, "RASTERVALU": 0.000344, "SKOR_SLOPE": 5, "RASTERVA_1": -2.94192, "SKOR_ELEV": 5, "GEOM_LAP": "Pasir_Halus", "SKOR_GEOM": 3, "KATEGORI": "Abrasi Tinggi", "GELOMBANG": 0.24523335607612801, "PASUT": 0.891, "SLR": 4.69, "SKOR_GEL": 2, "SKOR_PASUT": 2, "SKOR_SLR": 5, "CVI": 43.301270189219998, "KELAS_CVI": 3, "KELAS_CV_1": "Sedang", "LAHAN": "Pantai", "JENIS": "Natural", "SKOR_LAHAN": 2, "DELTA_D": -17.13, "D_MEAN": -6.2894444444444497, "D_MEDIAN": -5.115, "TSS_MIN_MG": 19.2, "TSS_RATA_R": 47.5, "TSS_MEDIAN": 45.2, "TSS_MAKS_M": 124.8, "TSS_STDDEV": 19.2, "HS": 0.245233356, "MWP_MEAN_S": 3.5542, "MWD_CIRCUL": 28.18, "JARAK_MUAR": 355.43647958132902, "NAMA_SUNGA": "Kali Ketiwon", "MUARA_ID": "M5", "RESPON": "Abrasi", "TSS__BATAS": 30.4, "PROKSI_NER": "Bypass/Export" }, "geometry": { "type": "MultiLineString", "coordinates": [ [ [ 109.166189074049043, -6.846601722217195 ], [ 109.166072611221495, -6.846520104325545 ], [ 109.166058103554604, -6.846509937880161 ], [ 109.165788608864986, -6.84624044345659 ], [ 109.165612248584921, -6.846115285516548 ], [ 109.165517065264424, -6.846047736826376 ], [ 109.165423457191665, -6.845981305334215 ], [ 109.165074841192379, -6.845733899991405 ], [ 109.164961639615782, -6.845653563803867 ], [ 109.164944188669239, -6.845641179077014 ] ] ] } },
{ "type": "Feature", "properties": { "OBJECTID_1": 883, "OBJECTID": 14, "ID": 0, "TAHUN": 2001, "DATE": "2001-01-01", "NAMA_TITIK": "T37", "ZONA": "SEL TIMUR", "SHAPE_LENG": 209.61669797100001, "TRANSECTID": 41, "TRANSORDER": 41, "SHORELINEI": "2001-01-01", "BASELINEID": 1, "DISTANCE": 347.76, "INTERSECTX": 297216.41487400001, "INTERSECTY": 9242927.7433899995, "UNCERTAINT": 10, "NAMA_TITI2": "T37", "D_TAHUN": 0.0, "LRR": -4.54, "SKOR_SHORE": 5, "RASTERVALU": 0.000345, "SKOR_SLOPE": 5, "RASTERVA_1": -2.94128, "SKOR_ELEV": 5, "GEOM_LAP": "Pasir_Halus", "SKOR_GEOM": 3, "KATEGORI": "Abrasi Tinggi", "GELOMBANG": 0.24523335607612801, "PASUT": 0.891, "SLR": 4.69, "SKOR_GEL": 2, "SKOR_PASUT": 2, "SKOR_SLR": 5, "CVI": 43.301270189219998, "KELAS_CVI": 3, "KELAS_CV_1": "Sedang", "LAHAN": "Pantai", "JENIS": "Natural", "SKOR_LAHAN": 2, "DELTA_D": -1.41, "D_MEAN": -6.2894444444444497, "D_MEDIAN": -5.115, "TSS_MIN_MG": 19.2, "TSS_RATA_R": 47.5, "TSS_MEDIAN": 45.2, "TSS_MAKS_M": 124.8, "TSS_STDDEV": 19.2, "HS": 0.245233356, "MWP_MEAN_S": 3.5542, "MWD_CIRCUL": 28.18, "JARAK_MUAR": 155.29372815372599, "NAMA_SUNGA": "Kali Ketiwon", "MUARA_ID": "M5", "RESPON": "Abrasi", "TSS__BATAS": 30.4, "PROKSI_NER": "Bypass/Export" }, "geometry": { "type": "MultiLineString", "coordinates": [ [ [ 109.164944188669239, -6.845641179077014 ], [ 109.164836847727244, -6.845565001719335 ], [ 109.164738858856538, -6.84549546123278 ], [ 109.1646695233581, -6.845446255008266 ], [ 109.164286990375643, -6.845318287096268 ], [ 109.164282923836197, -6.845316927101684 ], [ 109.164063999400824, -6.845243690625538 ], [ 109.164035748673271, -6.845234240188277 ], [ 109.163946652601609, -6.845204434684902 ], [ 109.16391326834372, -6.845193266648318 ], [ 109.163869958828414, -6.845126876033251 ], [ 109.163849988576075, -6.845096262171698 ], [ 109.163819113601903, -6.845048933273311 ], [ 109.163767512926952, -6.844969833030169 ], [ 109.163733200620285, -6.844917235191416 ], [ 109.163723984897729, -6.844903108851039 ], [ 109.163576243854692, -6.84467663150727 ], [ 109.163552919930353, -6.844640877411958 ], [ 109.163497153511571, -6.844555391530404 ] ] ] } },
{ "type": "Feature", "properties": { "OBJECTID_1": 896, "OBJECTID": 14, "ID": 0, "TAHUN": 2001, "DATE": "2001-01-01", "NAMA_TITIK": "T44", "ZONA": "SEL BARAT", "SHAPE_LENG": 101.795632592, "TRANSECTID": 5, "TRANSORDER": 5, "SHORELINEI": "2001-01-01", "BASELINEID": 1, "DISTANCE": 316.32, "INTERSECTX": 290220.73679300002, "INTERSECTY": 9243607.9459600002, "UNCERTAINT": 10, "NAMA_TITI2": "T44", "D_TAHUN": 0.0, "LRR": -2.33, "SKOR_SHORE": 5, "RASTERVALU": 0.013365, "SKOR_SLOPE": 5, "RASTERVA_1": -2.91714, "SKOR_ELEV": 5, "GEOM_LAP": "Aluvial", "SKOR_GEOM": 4, "KATEGORI": "Abrasi Tinggi", "GELOMBANG": 0.24523335607612801, "PASUT": 0.891, "SLR": 4.69, "SKOR_GEL": 2, "SKOR_PASUT": 2, "SKOR_SLR": 5, "CVI": 70.710678118649994, "KELAS_CVI": 4, "KELAS_CV_1": "Tinggi", "LAHAN": "Muara", "JENIS": "Natural", "SKOR_LAHAN": 4, "DELTA_D": -35.32, "D_MEAN": -6.1375, "D_MEDIAN": -6.195, "TSS_MIN_MG": 20.9, "TSS_RATA_R": 38.3, "TSS_MEDIAN": 35.2, "TSS_MAKS_M": 87.0, "TSS_STDDEV": 11.4, "HS": 0.245233356, "MWP_MEAN_S": 3.5542, "MWD_CIRCUL": 28.18, "JARAK_MUAR": 61.827697463302599, "NAMA_SUNGA": "KaliGangsa", "MUARA_ID": "M1", "RESPON": "Abrasi", "TSS__BATAS": 30.4, "PROKSI_NER": "Bypass/Export" }, "geometry": { "type": "MultiLineString", "coordinates": [ [ [ 109.10168552902681, -6.839245744232429 ], [ 109.101685422397935, -6.839245715784163 ], [ 109.101666395742569, -6.839240570437952 ], [ 109.101599727448971, -6.839222542438784 ], [ 109.101514455400377, -6.839170166871005 ], [ 109.101494054903341, -6.83915763669766 ], [ 109.101491086016324, -6.839155813134547 ], [ 109.101481152426715, -6.839149711840691 ], [ 109.101444074729201, -6.83912693822668 ], [ 109.101395190073973, -6.839096912216787 ], [ 109.101393379865954, -6.83909580024405 ], [ 109.1013185260407, -6.839049823506214 ], [ 109.101251872306563, -6.839008884305469 ], [ 109.101063264239414, -6.838893036998626 ], [ 109.101032027796066, -6.838873851344544 ], [ 109.100948215963456, -6.83882237293017 ], [ 109.100908042204154, -6.838797697467076 ], [ 109.100891103335087, -6.838787292953226 ], [ 109.10089093458744, -6.838787189218004 ] ] ] } },
{ "type": "Feature", "properties": { "OBJECTID_1": 898, "OBJECTID": 14, "ID": 0, "TAHUN": 2001, "DATE": "2001-01-01", "NAMA_TITIK": "T05", "ZONA": "SEL BARAT", "SHAPE_LENG": 200.233785197, "TRANSECTID": 6, "TRANSORDER": 6, "SHORELINEI": "2001-01-01", "BASELINEID": 1, "DISTANCE": 326.01, "INTERSECTX": 290414.22713399999, "INTERSECTY": 9243556.4153700005, "UNCERTAINT": 10, "NAMA_TITI2": "T05", "D_TAHUN": 0.0, "LRR": -1.47, "SKOR_SHORE": 4, "RASTERVALU": 6.15341, "SKOR_SLOPE": 3, "RASTERVA_1": -2.46219, "SKOR_ELEV": 5, "GEOM_LAP": "Pasir_Halus", "SKOR_GEOM": 3, "KATEGORI": "Abrasi Sedang", "GELOMBANG": 0.24523335607612801, "PASUT": 0.891, "SLR": 4.69, "SKOR_GEL": 2, "SKOR_PASUT": 2, "SKOR_SLR": 5, "CVI": 42.426406871189997, "KELAS_CVI": 3, "KELAS_CV_1": "Sedang", "LAHAN": "Muara", "JENIS": "Natural", "SKOR_LAHAN": 4, "DELTA_D": -6.24, "D_MEAN": -6.1375, "D_MEDIAN": -6.195, "TSS_MIN_MG": 20.9, "TSS_RATA_R": 38.3, "TSS_MEDIAN": 35.2, "TSS_MAKS_M": 87.0, "TSS_STDDEV": 11.4, "HS": 0.245233356, "MWP_MEAN_S": 3.5542, "MWD_CIRCUL": 28.18, "JARAK_MUAR": 4.2768385923696401, "NAMA_SUNGA": "KaliGangsa", "MUARA_ID": "M1", "RESPON": "Abrasi", "TSS__BATAS": 30.4, "PROKSI_NER": "Bypass/Export" }, "geometry": { "type": "MultiLineString", "coordinates": [ [ [ 109.103433944518741, -6.839718533898981 ], [ 109.10168552902681, -6.839245744232429 ] ] ] } },
{ "type": "Feature", "properties": { "OBJECTID_1": 900, "OBJECTID": 14, "ID": 0, "TAHUN": 2001, "DATE": "2001-01-01", "NAMA_TITIK": "T03", "ZONA": "SEL BARAT", "SHAPE_LENG": 201.130352007, "TRANSECTID": 3, "TRANSORDER": 3, "SHORELINEI": "2001-01-01", "BASELINEID": 1, "DISTANCE": 323.51, "INTERSECTX": 289955.46571999998, "INTERSECTY": 9243753.5381400008, "UNCERTAINT": 10, "NAMA_TITI2": "T03", "D_TAHUN": 0.0, "LRR": -3.26, "SKOR_SHORE": 5, "RASTERVALU": 6.99672, "SKOR_SLOPE": 3, "RASTERVA_1": -1.58426, "SKOR_ELEV": 5, "GEOM_LAP": "Pasir_Halus", "SKOR_GEOM": 3, "KATEGORI": "Abrasi Tinggi", "GELOMBANG": 0.24523335607612801, "PASUT": 0.891, "SLR": 4.69, "SKOR_GEL": 2, "SKOR_PASUT": 2, "SKOR_SLR": 5, "CVI": 33.541019662499998, "KELAS_CVI": 2, "KELAS_CV_1": "Rendah", "LAHAN": "Pantai", "JENIS": "Natural", "SKOR_LAHAN": 2, "DELTA_D": -18.15, "D_MEAN": -6.1375, "D_MEDIAN": -6.195, "TSS_MIN_MG": 20.9, "TSS_RATA_R": 38.3, "TSS_MEDIAN": 35.2, "TSS_MAKS_M": 87.0, "TSS_STDDEV": 11.4, "HS": 0.245233356, "MWP_MEAN_S": 3.5542, "MWD_CIRCUL": 28.18, "JARAK_MUAR": 387.64661320961198, "NAMA_SUNGA": "KaliGangsa", "MUARA_ID": "M1", "RESPON": "Abrasi", "TSS__BATAS": 30.4, "PROKSI_NER": "Bypass/Export" }, "geometry": { "type": "MultiLineString", "coordinates": [ [ [ 109.099291165514572, -6.837919970798803 ], [ 109.099223446616875, -6.837886110944642 ], [ 109.099142487947205, -6.837808170170011 ], [ 109.099141576881308, -6.837807293196144 ], [ 109.099089116282926, -6.837756788245652 ], [ 109.098923448459189, -6.837597297090626 ], [ 109.09892144790021, -6.837595371559892 ], [ 109.098891294457488, -6.837566342462973 ], [ 109.09882751724804, -6.83750494341398 ], [ 109.098697609075117, -6.837379878429752 ], [ 109.098695578781644, -6.837377923849423 ], [ 109.098572223208492, -6.837292041065426 ], [ 109.098566944132202, -6.837288365777247 ], [ 109.098401395716465, -6.837173107035401 ], [ 109.09839991176564, -6.837172074097981 ], [ 109.098306110813681, -6.837106766348705 ], [ 109.098197512794727, -6.837031157405191 ], [ 109.098149344446014, -6.836997621518506 ], [ 109.09811413381928, -6.836973106551867 ], [ 109.097882708295458, -6.836811981130555 ], [ 109.097881028592738, -6.836810811801378 ], [ 109.097871138014867, -6.836803925856108 ], [ 109.097868685216341, -6.836802218235951 ], [ 109.097866221591673, -6.836800503340083 ] ] ] } },
{ "type": "Feature", "properties": { "OBJECTID_1": 903, "OBJECTID": 14, "ID": 0, "TAHUN": 2001, "DATE": "2001-01-01", "NAMA_TITIK": "T04", "ZONA": "SEL BARAT", "SHAPE_LENG": 201.34047547099999, "TRANSECTID": 4, "TRANSORDER": 4, "SHORELINEI": "2001-01-01", "BASELINEID": 1, "DISTANCE": 345.36, "INTERSECTX": 290132.69574499998, "INTERSECTY": 9243658.3178400006, "UNCERTAINT": 10, "NAMA_TITI2": "T04", "D_TAHUN": 0.0, "LRR": -3.32, "SKOR_SHORE": 5, "RASTERVALU": 6.89058, "SKOR_SLOPE": 3, "RASTERVA_1": -2.22393, "SKOR_ELEV": 5, "GEOM_LAP": "Pasir_Halus", "SKOR_GEOM": 3, "KATEGORI": "Abrasi Tinggi", "GELOMBANG": 0.24523335607612801, "PASUT": 0.891, "SLR": 4.69, "SKOR_GEL": 2, "SKOR_PASUT": 2, "SKOR_SLR": 5, "CVI": 33.541019662499998, "KELAS_CVI": 2, "KELAS_CV_1": "Rendah", "LAHAN": "Pantai", "JENIS": "Natural", "SKOR_LAHAN": 2, "DELTA_D": -18.98, "D_MEAN": -6.1375, "D_MEDIAN": -6.195, "TSS_MIN_MG": 20.9, "TSS_RATA_R": 38.3, "TSS_MEDIAN": 35.2, "TSS_MAKS_M": 87.0, "TSS_STDDEV": 11.4, "HS": 0.245233356, "MWP_MEAN_S": 3.5542, "MWD_CIRCUL": 28.18, "JARAK_MUAR": 191.803552089433, "NAMA_SUNGA": "KaliGangsa", "MUARA_ID": "M1", "RESPON": "Abrasi", "TSS__BATAS": 30.4, "PROKSI_NER": "Bypass/Export" }, "geometry": { "type": "MultiLineString", "coordinates": [ [ [ 109.10089093458744, -6.838787189218004 ], [ 109.100301424337871, -6.838425100164051 ], [ 109.100256452227754, -6.838402614479545 ], [ 109.100252901512761, -6.838400839245077 ], [ 109.100207719057721, -6.838378247849424 ], [ 109.099762440075082, -6.838155608958331 ], [ 109.099759426532728, -6.838154101652198 ], [ 109.099666395771223, -6.838107586446346 ], [ 109.099378007502509, -6.837963392145546 ], [ 109.099291407463639, -6.83792009200168 ] ] ] } },
{ "type": "Feature", "properties": { "OBJECTID_1": 904, "OBJECTID": 14, "ID": 0, "TAHUN": 2001, "DATE": "2001-01-01", "NAMA_TITIK": "T02", "ZONA": "SEL BARAT", "SHAPE_LENG": 200.13044978299999, "TRANSECTID": 2, "TRANSORDER": 2, "SHORELINEI": "2001-01-01", "BASELINEID": 1, "DISTANCE": 335.6, "INTERSECTX": 289797.45074300002, "INTERSECTY": 9243876.7349200007, "UNCERTAINT": 10, "NAMA_TITI2": "T02", "D_TAHUN": 0.0, "LRR": -2.19, "SKOR_SHORE": 5, "RASTERVALU": 6.56471, "SKOR_SLOPE": 3, "RASTERVA_1": -1.78074, "SKOR_ELEV": 5, "GEOM_LAP": "Pasir_Halus", "SKOR_GEOM": 3, "KATEGORI": "Abrasi Tinggi", "GELOMBANG": 0.24523335607612801, "PASUT": 0.891, "SLR": 4.69, "SKOR_GEL": 2, "SKOR_PASUT": 2, "SKOR_SLR": 5, "CVI": 33.541019662499998, "KELAS_CVI": 2, "KELAS_CV_1": "Rendah", "LAHAN": "Pantai", "JENIS": "Natural", "SKOR_LAHAN": 2, "DELTA_D": 0.170000000000016, "D_MEAN": -6.1375, "D_MEDIAN": -6.195, "TSS_MIN_MG": 20.9, "TSS_RATA_R": 38.3, "TSS_MEDIAN": 35.2, "TSS_MAKS_M": 87.0, "TSS_STDDEV": 11.4, "HS": 0.245233356, "MWP_MEAN_S": 3.5542, "MWD_CIRCUL": 28.18, "JARAK_MUAR": 579.82548354246296, "NAMA_SUNGA": "KaliGangsa", "MUARA_ID": "M1", "RESPON": "Abrasi", "TSS__BATAS": 30.4, "PROKSI_NER": "Bypass/Export" }, "geometry": { "type": "MultiLineString", "coordinates": [ [ [ 109.097866221591673, -6.836800503340083 ], [ 109.097816543188557, -6.836765915404376 ], [ 109.097633988875359, -6.836638815910715 ], [ 109.097490662247353, -6.836539028303686 ], [ 109.097367300838428, -6.83645313987729 ], [ 109.097274300348445, -6.836388390291406 ], [ 109.097260563263788, -6.836378825613034 ], [ 109.097028527391231, -6.836201567211284 ], [ 109.096788632067486, -6.836018304188031 ], [ 109.096786905022739, -6.836016984586316 ], [ 109.096756798513979, -6.835993985141022 ], [ 109.09643789678573, -6.835750367429621 ], [ 109.096408689457036, -6.835728055037025 ] ] ] } },
{ "type": "Feature", "properties": { "OBJECTID_1": 905, "OBJECTID": 14, "ID": 0, "TAHUN": 2001, "DATE": "2001-01-01", "NAMA_TITIK": "T01", "ZONA": "SEL BARAT", "SHAPE_LENG": 87.677420873399996, "TRANSECTID": 1, "TRANSORDER": 1, "SHORELINEI": "2001-01-01", "BASELINEID": 1, "DISTANCE": 341.37, "INTERSECTX": 289635.85353700002, "INTERSECTY": 9243994.7160899993, "UNCERTAINT": 10, "NAMA_TITI2": "T01", "D_TAHUN": 0.0, "LRR": -0.96, "SKOR_SHORE": 3, "RASTERVALU": 0.111227, "SKOR_SLOPE": 5, "RASTERVA_1": -2.91494, "SKOR_ELEV": 5, "GEOM_LAP": "Pasir_Halus", "SKOR_GEOM": 3, "KATEGORI": "Stabil", "GELOMBANG": 0.24523335607612801, "PASUT": 0.891, "SLR": 4.69, "SKOR_GEL": 2, "SKOR_PASUT": 2, "SKOR_SLR": 5, "CVI": 33.541019662499998, "KELAS_CVI": 2, "KELAS_CV_1": "Rendah", "LAHAN": "Pantai", "JENIS": "Natural", "SKOR_LAHAN": 2, "DELTA_D": 12.15, "D_MEAN": -6.1375, "D_MEDIAN": -6.195, "TSS_MIN_MG": 20.9, "TSS_RATA_R": 38.3, "TSS_MEDIAN": 35.2, "TSS_MAKS_M": 87.0, "TSS_STDDEV": 11.4, "HS": 0.245233356, "MWP_MEAN_S": 3.5542, "MWD_CIRCUL": 28.18, "JARAK_MUAR": 778.10088489128304, "NAMA_SUNGA": "KaliGangsa", "MUARA_ID": "M1", "RESPON": "Abrasi", "TSS__BATAS": 30.4, "PROKSI_NER": "Bypass/Export" }, "geometry": { "type": "MultiLineString", "coordinates": [ [ [ 109.096408689457036, -6.835728055037025 ], [ 109.096161718726151, -6.835539387084715 ], [ 109.096059180241269, -6.835461055104085 ], [ 109.095778564544759, -6.83524668383011 ] ] ] } },
{ "type": "Feature", "properties": { "OBJECTID_1": 907, "OBJECTID": 15, "ID": 0, "TAHUN": 2003, "DATE": "2003-01-01", "NAMA_TITIK": "T42", "ZONA": "SEL TIMUR", "SHAPE_LENG": 217.012552005, "TRANSECTID": 46, "TRANSORDER": 46, "SHORELINEI": "2003-01-01", "BASELINEID": 1, "DISTANCE": 287.92, "INTERSECTX": 298022.41522700002, "INTERSECTY": 9242360.5132, "UNCERTAINT": 10, "NAMA_TITI2": "T42", "D_TAHUN": 0.0, "LRR": -1.48, "SKOR_SHORE": 4, "RASTERVALU": 10.6361, "SKOR_SLOPE": 2, "RASTERVA_1": -1.41562, "SKOR_ELEV": 5, "GEOM_LAP": "Tambak", "SKOR_GEOM": 5, "KATEGORI": "Abrasi Sedang", "GELOMBANG": 0.26819040670114402, "PASUT": 0.879, "SLR": 4.69, "SKOR_GEL": 4, "SKOR_PASUT": 3, "SKOR_SLR": 5, "CVI": 67.082039324990006, "KELAS_CVI": 4, "KELAS_CV_1": "Tinggi", "LAHAN": "Tambak", "JENIS": "Natural", "SKOR_LAHAN": 3, "DELTA_D": 7.36, "D_MEAN": 25.557777777777776, "D_MEDIAN": 25.835, "TSS_MIN_MG": 14.1, "TSS_RATA_R": 33.4, "TSS_MEDIAN": 25.8, "TSS_MAKS_M": 101.3, "TSS_STDDEV": 17.8, "HS": 0.268190407, "MWP_MEAN_S": 3.6531, "MWD_CIRCUL": 34.25, "JARAK_MUAR": 1130.0451134499999, "NAMA_SUNGA": "Kali Ketiwon", "MUARA_ID": "M5", "RESPON": "Akresi", "TSS__BATAS": 30.4, "PROKSI_NER": "Deposisi Lokal" }, "geometry": { "type": "MultiLineString", "coordinates": [ [ [ 109.172256479091743, -6.85082185102311 ], [ 109.172215896329789, -6.850797501520585 ], [ 109.172145325315896, -6.850755159221986 ], [ 109.172008170032413, -6.85067286588335 ], [ 109.171914771897207, -6.850616827412842 ], [ 109.171755840153637, -6.850521468447785 ], [ 109.171572781630005, -6.850411632576121 ], [ 109.171382239012729, -6.85029730708805 ], [ 109.171177165888807, -6.850174262660459 ], [ 109.171109863320723, -6.850133881143484 ], [ 109.171094812825885, -6.85012485105556 ], [ 109.170909006293911, -6.850013367129944 ], [ 109.170824018863684, -6.849928379769383 ], [ 109.170717750370756, -6.849822111748312 ], [ 109.170632721550461, -6.849737083526581 ], [ 109.170632222285377, -6.849736583438456 ] ] ] } },
{ "type": "Feature", "properties": { "OBJECTID_1": 914, "OBJECTID": 15, "ID": 0, "TAHUN": 2003, "DATE": "2003-01-01", "NAMA_TITIK": "T40", "ZONA": "SEL TIMUR", "SHAPE_LENG": 203.30122241399999, "TRANSECTID": 44, "TRANSORDER": 44, "SHORELINEI": "2003-01-01", "BASELINEID": 1, "DISTANCE": 329.03, "INTERSECTX": 297694.685061, "INTERSECTY": 9242611.71153, "UNCERTAINT": 10, "NAMA_TITI2": "T40", "D_TAHUN": 0.0, "LRR": -2.39, "SKOR_SHORE": 5, "RASTERVALU": 1.31742, "SKOR_SLOPE": 5, "RASTERVA_1": -2.87668, "SKOR_ELEV": 5, "GEOM_LAP": "Tambak", "SKOR_GEOM": 5, "KATEGORI": "Abrasi Tinggi", "GELOMBANG": 0.26819040670114402, "PASUT": 0.879, "SLR": 4.69, "SKOR_GEL": 4, "SKOR_PASUT": 3, "SKOR_SLR": 5, "CVI": 118.58541225630999, "KELAS_CVI": 5, "KELAS_CV_1": "Sangat Tinggi", "LAHAN": "Tambak", "JENIS": "Natural", "SKOR_LAHAN": 3, "DELTA_D": 14.07, "D_MEAN": 25.557777777777776, "D_MEDIAN": 25.835, "TSS_MIN_MG": 14.1, "TSS_RATA_R": 33.4, "TSS_MEDIAN": 25.8, "TSS_MAKS_M": 101.3, "TSS_STDDEV": 17.8, "HS": 0.268190407, "MWP_MEAN_S": 3.6531, "MWD_CIRCUL": 34.25, "JARAK_MUAR": 727.664323427044, "NAMA_SUNGA": "Kali Ketiwon", "MUARA_ID": "M5", "RESPON": "Akresi", "TSS__BATAS": 30.4, "PROKSI_NER": "Deposisi Lokal" }, "geometry": { "type": "MultiLineString", "coordinates": [ [ [ 109.169259815400949, -6.848515036133258 ], [ 109.169058591510066, -6.848414424207433 ], [ 109.169022545303093, -6.848396400973352 ], [ 109.169021219821218, -6.848395738606068 ], [ 109.168753400629399, -6.84826182887656 ], [ 109.168662893321496, -6.848216574859784 ], [ 109.168603595283813, -6.848186926043074 ], [ 109.168513748041192, -6.848142001823066 ], [ 109.168483555476683, -6.848126905900418 ], [ 109.168441537984535, -6.848084888144789 ], [ 109.168325465417738, -6.847968815840092 ], [ 109.168307002568, -6.847950353254899 ], [ 109.168226269639021, -6.847869620513542 ], [ 109.167944565247168, -6.847587915829377 ], [ 109.167797036663458, -6.847440386628475 ] ] ] } },
{ "type": "Feature", "properties": { "OBJECTID_1": 916, "OBJECTID": 15, "ID": 0, "TAHUN": 2003, "DATE": "2003-01-01", "NAMA_TITIK": "T41", "ZONA": "SEL TIMUR", "SHAPE_LENG": 204.719409472, "TRANSECTID": 45, "TRANSORDER": 45, "SHORELINEI": "2003-01-01", "BASELINEID": 1, "DISTANCE": 293.4, "INTERSECTX": 297846.90743399999, "INTERSECTY": 9242477.1852199994, "UNCERTAINT": 10, "NAMA_TITI2": "T41", "D_TAHUN": 0.0, "LRR": -2.12, "SKOR_SHORE": 5, "RASTERVALU": 9.05717, "SKOR_SLOPE": 2, "RASTERVA_1": -1.62402, "SKOR_ELEV": 5, "GEOM_LAP": "Tambak", "SKOR_GEOM": 5, "KATEGORI": "Abrasi Tinggi", "GELOMBANG": 0.26819040670114402, "PASUT": 0.879, "SLR": 4.69, "SKOR_GEL": 4, "SKOR_PASUT": 3, "SKOR_SLR": 5, "CVI": 75.0, "KELAS_CVI": 4, "KELAS_CV_1": "Tinggi", "LAHAN": "Tambak", "JENIS": "Natural", "SKOR_LAHAN": 3, "DELTA_D": -8.32000000000005, "D_MEAN": 25.557777777777776, "D_MEDIAN": 25.835, "TSS_MIN_MG": 14.1, "TSS_RATA_R": 33.4, "TSS_MEDIAN": 25.8, "TSS_MAKS_M": 101.3, "TSS_STDDEV": 17.8, "HS": 0.268190407, "MWP_MEAN_S": 3.6531, "MWD_CIRCUL": 34.25, "JARAK_MUAR": 936.29342666807304, "NAMA_SUNGA": "Kali Ketiwon", "MUARA_ID": "M5", "RESPON": "Akresi", "TSS__BATAS": 30.4, "PROKSI_NER": "Deposisi Lokal" }, "geometry": { "type": "MultiLineString", "coordinates": [ [ [ 109.170632222285377, -6.849736583438456 ], [ 109.170632185333474, -6.849736547131717 ], [ 109.170630499173953, -6.84973486170334 ], [ 109.170370017391903, -6.849474378558799 ], [ 109.170201065810659, -6.849305426610418 ], [ 109.170170117544103, -6.849274479021296 ], [ 109.170166984955813, -6.849271346867509 ], [ 109.170042030289892, -6.849146392051587 ], [ 109.170004893482059, -6.849109254581024 ], [ 109.169946308029338, -6.849050669437107 ], [ 109.169898601917907, -6.849002963778555 ], [ 109.169881361896756, -6.848985723776551 ], [ 109.169873242954253, -6.848977605227044 ], [ 109.169842776877942, -6.848947138663813 ], [ 109.16960803337895, -6.848712395054889 ], [ 109.169561533145213, -6.848665894684884 ], [ 109.169259815400949, -6.848515036133258 ] ] ] } },
{ "type": "Feature", "properties": { "OBJECTID_1": 926, "OBJECTID": 15, "ID": 0, "TAHUN": 2003, "DATE": "2003-01-01", "NAMA_TITIK": "T51", "ZONA": "SEL BARAT", "SHAPE_LENG": 203.39998381500001, "TRANSECTID": 20, "TRANSORDER": 20, "SHORELINEI": "2003-01-01", "BASELINEID": 1, "DISTANCE": 251.25, "INTERSECTX": 292990.73780200002, "INTERSECTY": 9242621.8361799996, "UNCERTAINT": 10, "NAMA_TITI2": "T51", "D_TAHUN": 0.0, "LRR": 0.72, "SKOR_SHORE": 3, "RASTERVALU": 2.59289, "SKOR_SLOPE": 4, "RASTERVA_1": -2.65623, "SKOR_ELEV": 5, "GEOM_LAP": "Aluvial", "SKOR_GEOM": 4, "KATEGORI": "Stabil", "GELOMBANG": 0.26819040670114402, "PASUT": 0.879, "SLR": 4.69, "SKOR_GEL": 4, "SKOR_PASUT": 3, "SKOR_SLR": 5, "CVI": 84.852813742389998, "KELAS_CVI": 5, "KELAS_CV_1": "Sangat Tinggi", "LAHAN": "Muara", "JENIS": "Natural", "SKOR_LAHAN": 4, "DELTA_D": 15.72, "D_MEAN": -6.776, "D_MEDIAN": -7.795, "TSS_MIN_MG": 14.4, "TSS_RATA_R": 26.2, "TSS_MEDIAN": 23.7, "TSS_MAKS_M": 68.5, "TSS_STDDEV": 8.2, "HS": 0.268190407, "MWP_MEAN_S": 3.6531, "MWD_CIRCUL": 34.25, "JARAK_MUAR": 19.716633507029201, "NAMA_SUNGA": "Kali Sibelis", "MUARA_ID": "M3", "RESPON": "Abrasi", "TSS__BATAS": 30.4, "PROKSI_NER": "Defisit/Erosi" }, "geometry": { "type": "MultiLineString", "coordinates": [ [ [ 109.126707613805124, -6.848259512886494 ], [ 109.126706782274937, -6.848259097362313 ], [ 109.12670136604946, -6.848256389178039 ], [ 109.126699693059649, -6.848255552666155 ], [ 109.126681513175143, -6.848246463112339 ], [ 109.126680522741907, -6.848245968309477 ], [ 109.126671267580548, -6.84824134016052 ], [ 109.126669388740169, -6.848240400679551 ], [ 109.126576111221553, -6.848193761934112 ], [ 109.126555786163806, -6.848183598950348 ], [ 109.126487821998509, -6.848149616318701 ], [ 109.126473658922365, -6.848142535118583 ], [ 109.126470651514211, -6.848141031581531 ], [ 109.126446325914472, -6.848128868435318 ], [ 109.126442399399849, -6.848126905634023 ], [ 109.126397504216257, -6.848126906014867 ], [ 109.126373571699347, -6.848126905839505 ], [ 109.126361410045206, -6.848126905441665 ], [ 109.126270091789237, -6.848126905651971 ], [ 109.126204736010919, -6.848126905807378 ], [ 109.125768619889769, -6.848126905917446 ], [ 109.12575706704385, -6.848126906070246 ], [ 109.125681818408026, -6.848126906451702 ], [ 109.125463517507782, -6.84812690672763 ], [ 109.125334438843865, -6.848126906850249 ], [ 109.125014103727963, -6.848126905820617 ], [ 109.124899445586962, -6.848126900604711 ], [ 109.124898976088261, -6.848126901485303 ] ] ] } },
{ "type": "Feature", "properties": { "OBJECTID_1": 945, "OBJECTID": 15, "ID": 0, "TAHUN": 2003, "DATE": "2003-01-01", "NAMA_TITIK": "T39", "ZONA": "SEL TIMUR", "SHAPE_LENG": 207.61836756599999, "TRANSECTID": 43, "TRANSORDER": 43, "SHORELINEI": "2003-01-01", "BASELINEID": 1, "DISTANCE": 345.57, "INTERSECTX": 297532.533948, "INTERSECTY": 9242729.9523699991, "UNCERTAINT": 10, "NAMA_TITI2": "T39", "D_TAHUN": 0.0, "LRR": -3.6, "SKOR_SHORE": 5, "RASTERVALU": 0.000339, "SKOR_SLOPE": 5, "RASTERVA_1": -2.9425, "SKOR_ELEV": 5, "GEOM_LAP": "Pasir_Halus", "SKOR_GEOM": 3, "KATEGORI": "Abrasi Tinggi", "GELOMBANG": 0.26819040670114402, "PASUT": 0.879, "SLR": 4.69, "SKOR_GEL": 4, "SKOR_PASUT": 3, "SKOR_SLR": 5, "CVI": 75.0, "KELAS_CVI": 4, "KELAS_CV_1": "Tinggi", "LAHAN": "Pantai", "JENIS": "Natural", "SKOR_LAHAN": 2, "DELTA_D": 26.14, "D_MEAN": 25.557777777777776, "D_MEDIAN": 25.835, "TSS_MIN_MG": 14.1, "TSS_RATA_R": 33.4, "TSS_MEDIAN": 25.8, "TSS_MAKS_M": 101.3, "TSS_STDDEV": 17.8, "HS": 0.268190407, "MWP_MEAN_S": 3.6531, "MWD_CIRCUL": 34.25, "JARAK_MUAR": 535.47677602736997, "NAMA_SUNGA": "Kali Ketiwon", "MUARA_ID": "M5", "RESPON": "Akresi", "TSS__BATAS": 30.4, "PROKSI_NER": "Deposisi Lokal" }, "geometry": { "type": "MultiLineString", "coordinates": [ [ [ 109.167797036663458, -6.847440386628475 ], [ 109.167498168606343, -6.847141518914635 ], [ 109.16740557622154, -6.847048927272201 ], [ 109.167349467017488, -6.847011521156628 ], [ 109.167067542371967, -6.846823571161947 ], [ 109.166732560574815, -6.846600250020678 ], [ 109.166597092814882, -6.846509937786704 ], [ 109.166585206243013, -6.846486163958204 ], [ 109.16657005714201, -6.846455866907597 ], [ 109.166439481759483, -6.846194716223755 ] ] ] } },
{ "type": "Feature", "properties": { "OBJECTID_1": 954, "OBJECTID": 15, "ID": 0, "TAHUN": 2003, "DATE": "2003-01-01", "NAMA_TITIK": "T38", "ZONA": "SEL TIMUR", "SHAPE_LENG": 180.05778471400001, "TRANSECTID": 42, "TRANSORDER": 42, "SHORELINEI": "2003-01-01", "BASELINEID": 1, "DISTANCE": 384.33, "INTERSECTX": 297381.941659, "INTERSECTY": 9242867.1524, "UNCERTAINT": 10, "NAMA_TITI2": "T38", "D_TAHUN": 0.0, "LRR": -4.04, "SKOR_SHORE": 5, "RASTERVALU": 0.000344, "SKOR_SLOPE": 5, "RASTERVA_1": -2.94192, "SKOR_ELEV": 5, "GEOM_LAP": "Pasir_Halus", "SKOR_GEOM": 3, "KATEGORI": "Abrasi Tinggi", "GELOMBANG": 0.26819040670114402, "PASUT": 0.879, "SLR": 4.69, "SKOR_GEL": 4, "SKOR_PASUT": 3, "SKOR_SLR": 5, "CVI": 75.0, "KELAS_CVI": 4, "KELAS_CV_1": "Tinggi", "LAHAN": "Pantai", "JENIS": "Natural", "SKOR_LAHAN": 2, "DELTA_D": 53.77, "D_MEAN": 25.557777777777776, "D_MEDIAN": 25.835, "TSS_MIN_MG": 14.1, "TSS_RATA_R": 33.4, "TSS_MEDIAN": 25.8, "TSS_MAKS_M": 101.3, "TSS_STDDEV": 17.8, "HS": 0.268190407, "MWP_MEAN_S": 3.6531, "MWD_CIRCUL": 34.25, "JARAK_MUAR": 355.43647958132902, "NAMA_SUNGA": "Kali Ketiwon", "MUARA_ID": "M5", "RESPON": "Akresi", "TSS__BATAS": 30.4, "PROKSI_NER": "Deposisi Lokal" }, "geometry": { "type": "MultiLineString", "coordinates": [ [ [ 109.166439481759483, -6.846194716223755 ], [ 109.166403224157904, -6.846122200788876 ], [ 109.166398439010834, -6.846112630201383 ], [ 109.166327598187209, -6.84597094835735 ], [ 109.166168723704459, -6.845812073769475 ], [ 109.16606324571589, -6.845706596643335 ], [ 109.166039466924346, -6.84568281723184 ], [ 109.166016050410491, -6.845659400861345 ], [ 109.165927669855037, -6.845571020396379 ], [ 109.165788609171415, -6.845431959808212 ], [ 109.165706827006744, -6.845415603682191 ], [ 109.165662111809169, -6.845406661033158 ], [ 109.165603595262198, -6.845394957797943 ], [ 109.165592360194879, -6.845392710617343 ], [ 109.165548119572577, -6.845383862896798 ], [ 109.165516054119621, -6.845377449484259 ], [ 109.165450906283581, -6.845364419860436 ], [ 109.165184474644562, -6.845311133442087 ] ] ] } },
{ "type": "Feature", "properties": { "OBJECTID_1": 961, "OBJECTID": 15, "ID": 0, "TAHUN": 2003, "DATE": "2003-01-01", "NAMA_TITIK": "T37", "ZONA": "SEL TIMUR", "SHAPE_LENG": 207.69616747000001, "TRANSECTID": 41, "TRANSORDER": 41, "SHORELINEI": "2003-01-01", "BASELINEID": 1, "DISTANCE": 392.91, "INTERSECTX": 297242.83733200002, "INTERSECTY": 9242964.3483000007, "UNCERTAINT": 10, "NAMA_TITI2": "T37", "D_TAHUN": 0.0, "LRR": -4.54, "SKOR_SHORE": 5, "RASTERVALU": 0.000345, "SKOR_SLOPE": 5, "RASTERVA_1": -2.94128, "SKOR_ELEV": 5, "GEOM_LAP": "Pasir_Halus", "SKOR_GEOM": 3, "KATEGORI": "Abrasi Tinggi", "GELOMBANG": 0.26819040670114402, "PASUT": 0.879, "SLR": 4.69, "SKOR_GEL": 4, "SKOR_PASUT": 3, "SKOR_SLR": 5, "CVI": 75.0, "KELAS_CVI": 4, "KELAS_CV_1": "Tinggi", "LAHAN": "Pantai", "JENIS": "Natural", "SKOR_LAHAN": 2, "DELTA_D": 38.61, "D_MEAN": 25.557777777777776, "D_MEDIAN": 25.835, "TSS_MIN_MG": 14.1, "TSS_RATA_R": 33.4, "TSS_MEDIAN": 25.8, "TSS_MAKS_M": 101.3, "TSS_STDDEV": 17.8, "HS": 0.268190407, "MWP_MEAN_S": 3.6531, "MWD_CIRCUL": 34.25, "JARAK_MUAR": 155.29372815372599, "NAMA_SUNGA": "Kali Ketiwon", "MUARA_ID": "M5", "RESPON": "Akresi", "TSS__BATAS": 30.4, "PROKSI_NER": "Deposisi Lokal" }, "geometry": { "type": "MultiLineString", "coordinates": [ [ [ 109.165184474644562, -6.845311133442087 ], [ 109.165166029762517, -6.845307444650168 ], [ 109.165114873128175, -6.845297213373824 ], [ 109.165012554449362, -6.845276748977523 ], [ 109.164994576004943, -6.845273153278863 ], [ 109.164899631673819, -6.845254164547295 ], [ 109.16444113589921, -6.845162465183687 ], [ 109.163915716590637, -6.844768400559546 ], [ 109.163544675286857, -6.844490119049362 ] ] ] } },
{ "type": "Feature", "properties": { "OBJECTID_1": 966, "OBJECTID": 15, "ID": 0, "TAHUN": 2003, "DATE": "2003-01-01", "NAMA_TITIK": "T44", "ZONA": "SEL BARAT", "SHAPE_LENG": 103.927318438, "TRANSECTID": 5, "TRANSORDER": 5, "SHORELINEI": "2003-01-01", "BASELINEID": 1, "DISTANCE": 306.55, "INTERSECTX": 290217.77077399998, "INTERSECTY": 9243598.6449200008, "UNCERTAINT": 10, "NAMA_TITI2": "T44", "D_TAHUN": 0.0, "LRR": -2.33, "SKOR_SHORE": 5, "RASTERVALU": 0.013365, "SKOR_SLOPE": 5, "RASTERVA_1": -2.91714, "SKOR_ELEV": 5, "GEOM_LAP": "Aluvial", "SKOR_GEOM": 4, "KATEGORI": "Abrasi Tinggi", "GELOMBANG": 0.26819040670114402, "PASUT": 0.879, "SLR": 4.69, "SKOR_GEL": 4, "SKOR_PASUT": 3, "SKOR_SLR": 5, "CVI": 122.47448713916, "KELAS_CVI": 5, "KELAS_CV_1": "Sangat Tinggi", "LAHAN": "Muara", "JENIS": "Natural", "SKOR_LAHAN": 4, "DELTA_D": -10.62, "D_MEAN": -6.776, "D_MEDIAN": -7.795, "TSS_MIN_MG": 14.4, "TSS_RATA_R": 26.2, "TSS_MEDIAN": 23.7, "TSS_MAKS_M": 68.5, "TSS_STDDEV": 8.2, "HS": 0.268190407, "MWP_MEAN_S": 3.6531, "MWD_CIRCUL": 34.25, "JARAK_MUAR": 61.827697463302599, "NAMA_SUNGA": "KaliGangsa", "MUARA_ID": "M1", "RESPON": "Abrasi", "TSS__BATAS": 30.4, "PROKSI_NER": "Defisit/Erosi" }, "geometry": { "type": "MultiLineString", "coordinates": [ [ [ 109.101658367323623, -6.839329729898658 ], [ 109.101465051444393, -6.839200852068937 ], [ 109.101349452988345, -6.839123786552308 ], [ 109.101327504916213, -6.839109153620873 ], [ 109.101325554334323, -6.839107853941892 ], [ 109.101284404516292, -6.839080420708153 ], [ 109.101249097416272, -6.839056882857602 ], [ 109.101231590026245, -6.8390452112489 ], [ 109.101109908959373, -6.838964089334257 ], [ 109.101008855144769, -6.838896721752466 ], [ 109.100995155995946, -6.838887588555293 ], [ 109.100876987313441, -6.838808809467213 ], [ 109.100876278177694, -6.838808336528128 ] ] ] } },
{ "type": "Feature", "properties": { "OBJECTID_1": 967, "OBJECTID": 15, "ID": 0, "TAHUN": 2003, "DATE": "2003-01-01", "NAMA_TITIK": "T05", "ZONA": "SEL BARAT", "SHAPE_LENG": 202.015221642, "TRANSECTID": 6, "TRANSORDER": 6, "SHORELINEI": "2003-01-01", "BASELINEID": 1, "DISTANCE": 288.4, "INTERSECTX": 290402.801309, "INTERSECTY": 9243520.5854899995, "UNCERTAINT": 10, "NAMA_TITI2": "T05", "D_TAHUN": 0.0, "LRR": -1.47, "SKOR_SHORE": 4, "RASTERVALU": 6.15341, "SKOR_SLOPE": 3, "RASTERVA_1": -2.46219, "SKOR_ELEV": 5, "GEOM_LAP": "Pasir_Halus", "SKOR_GEOM": 3, "KATEGORI": "Abrasi Sedang", "GELOMBANG": 0.26819040670114402, "PASUT": 0.879, "SLR": 4.69, "SKOR_GEL": 4, "SKOR_PASUT": 3, "SKOR_SLR": 5, "CVI": 73.484692283499996, "KELAS_CVI": 4, "KELAS_CV_1": "Tinggi", "LAHAN": "Muara", "JENIS": "Natural", "SKOR_LAHAN": 4, "DELTA_D": -35.64, "D_MEAN": -6.776, "D_MEDIAN": -7.795, "TSS_MIN_MG": 14.4, "TSS_RATA_R": 26.2, "TSS_MEDIAN": 23.7, "TSS_MAKS_M": 68.5, "TSS_STDDEV": 8.2, "HS": 0.268190407, "MWP_MEAN_S": 3.6531, "MWD_CIRCUL": 34.25, "JARAK_MUAR": 4.2768385923696401, "NAMA_SUNGA": "KaliGangsa", "MUARA_ID": "M1", "RESPON": "Abrasi", "TSS__BATAS": 30.4, "PROKSI_NER": "Defisit/Erosi" }, "geometry": { "type": "MultiLineString", "coordinates": [ [ [ 109.103329318656478, -6.840042067790773 ], [ 109.103323475010313, -6.840042068262549 ], [ 109.103281924529412, -6.840042068116478 ], [ 109.103265865363198, -6.840042068098751 ], [ 109.102701739996803, -6.839816418455683 ], [ 109.102496097243133, -6.839734161036118 ], [ 109.102435369551785, -6.839709870225307 ], [ 109.102371059929368, -6.839684146722371 ], [ 109.102063827965793, -6.839561252579426 ], [ 109.102035785722279, -6.839550035797572 ], [ 109.102034290087246, -6.839549437701593 ], [ 109.101918391981641, -6.839503078524082 ], [ 109.101896324774245, -6.839488367385418 ], [ 109.101848909922808, -6.83945675776451 ], [ 109.101835916265074, -6.839448095698346 ], [ 109.101771041820641, -6.839404846310197 ], [ 109.101724587844046, -6.839373876970168 ], [ 109.101658367323623, -6.839329729898658 ] ] ] } },
{ "type": "Feature", "properties": { "OBJECTID_1": 970, "OBJECTID": 15, "ID": 0, "TAHUN": 2003, "DATE": "2003-01-01", "NAMA_TITIK": "T03", "ZONA": "SEL BARAT", "SHAPE_LENG": 200.52814450899999, "TRANSECTID": 3, "TRANSORDER": 3, "SHORELINEI": "2003-01-01", "BASELINEID": 1, "DISTANCE": 323.51, "INTERSECTX": 289955.46571999998, "INTERSECTY": 9243753.5381400008, "UNCERTAINT": 10, "NAMA_TITI2": "T03", "D_TAHUN": 0.0, "LRR": -3.26, "SKOR_SHORE": 5, "RASTERVALU": 6.99672, "SKOR_SLOPE": 3, "RASTERVA_1": -1.58426, "SKOR_ELEV": 5, "GEOM_LAP": "Pasir_Halus", "SKOR_GEOM": 3, "KATEGORI": "Abrasi Tinggi", "GELOMBANG": 0.26819040670114402, "PASUT": 0.879, "SLR": 4.69, "SKOR_GEL": 4, "SKOR_PASUT": 3, "SKOR_SLR": 5, "CVI": 58.094750193110002, "KELAS_CVI": 4, "KELAS_CV_1": "Tinggi", "LAHAN": "Pantai", "JENIS": "Natural", "SKOR_LAHAN": 2, "DELTA_D": -14.26, "D_MEAN": -6.776, "D_MEDIAN": -7.795, "TSS_MIN_MG": 14.4, "TSS_RATA_R": 26.2, "TSS_MEDIAN": 23.7, "TSS_MAKS_M": 68.5, "TSS_STDDEV": 8.2, "HS": 0.268190407, "MWP_MEAN_S": 3.6531, "MWD_CIRCUL": 34.25, "JARAK_MUAR": 387.64661320961198, "NAMA_SUNGA": "KaliGangsa", "MUARA_ID": "M1", "RESPON": "Abrasi", "TSS__BATAS": 30.4, "PROKSI_NER": "Defisit/Erosi" }, "geometry": { "type": "MultiLineString", "coordinates": [ [ [ 109.099291165514572, -6.837919970798803 ], [ 109.099223446616875, -6.837886110944642 ], [ 109.099106780700225, -6.837792778524749 ], [ 109.099049016753483, -6.837746567065894 ], [ 109.098975458111099, -6.837687720588354 ], [ 109.098655473059267, -6.837431732981773 ], [ 109.098585739652719, -6.837375946640964 ], [ 109.098559002490816, -6.837354557240665 ], [ 109.098557611123141, -6.837353444202976 ], [ 109.098415031610458, -6.837239381022227 ], [ 109.098325127512823, -6.837167456981804 ], [ 109.098319340224094, -6.83716282674651 ], [ 109.098293329879795, -6.837142018842913 ], [ 109.098282538905053, -6.837133385307186 ], [ 109.098226777861626, -6.837088776563728 ], [ 109.098084572734308, -6.836975012259589 ], [ 109.097875973541321, -6.836808132824318 ], [ 109.0978654691597, -6.836801830320104 ] ] ] } },
{ "type": "Feature", "properties": { "OBJECTID_1": 972, "OBJECTID": 15, "ID": 0, "TAHUN": 2003, "DATE": "2003-01-01", "NAMA_TITIK": "T04", "ZONA": "SEL BARAT", "SHAPE_LENG": 201.23755954000001, "TRANSECTID": 4, "TRANSORDER": 4, "SHORELINEI": "2003-01-01", "BASELINEID": 1, "DISTANCE": 342.52, "INTERSECTX": 290131.08479699999, "INTERSECTY": 9243655.9723499995, "UNCERTAINT": 10, "NAMA_TITI2": "T04", "D_TAHUN": 0.0, "LRR": -3.32, "SKOR_SHORE": 5, "RASTERVALU": 6.89058, "SKOR_SLOPE": 3, "RASTERVA_1": -2.22393, "SKOR_ELEV": 5, "GEOM_LAP": "Pasir_Halus", "SKOR_GEOM": 3, "KATEGORI": "Abrasi Tinggi", "GELOMBANG": 0.26819040670114402, "PASUT": 0.879, "SLR": 4.69, "SKOR_GEL": 4, "SKOR_PASUT": 3, "SKOR_SLR": 5, "CVI": 58.094750193110002, "KELAS_CVI": 4, "KELAS_CV_1": "Tinggi", "LAHAN": "Pantai", "JENIS": "Natural", "SKOR_LAHAN": 2, "DELTA_D": -3.24, "D_MEAN": -6.776, "D_MEDIAN": -7.795, "TSS_MIN_MG": 14.4, "TSS_RATA_R": 26.2, "TSS_MEDIAN": 23.7, "TSS_MAKS_M": 68.5, "TSS_STDDEV": 8.2, "HS": 0.268190407, "MWP_MEAN_S": 3.6531, "MWD_CIRCUL": 34.25, "JARAK_MUAR": 191.803552089433, "NAMA_SUNGA": "KaliGangsa", "MUARA_ID": "M1", "RESPON": "Abrasi", "TSS__BATAS": 30.4, "PROKSI_NER": "Defisit/Erosi" }, "geometry": { "type": "MultiLineString", "coordinates": [ [ [ 109.100876278177694, -6.838808336528128 ], [ 109.100845281880453, -6.838787671774355 ], [ 109.10084043611522, -6.83878444122926 ], [ 109.100301424337871, -6.838425100164051 ], [ 109.100256452227754, -6.838402614479545 ], [ 109.100252901512761, -6.838400839245077 ], [ 109.100207719057721, -6.838378247849424 ], [ 109.099762440075082, -6.838155608958331 ], [ 109.099759426532728, -6.838154101652198 ], [ 109.099666395771223, -6.838107586446346 ], [ 109.099378007502509, -6.837963392145546 ], [ 109.099291407463639, -6.83792009200168 ] ] ] } },
{ "type": "Feature", "properties": { "OBJECTID_1": 975, "OBJECTID": 15, "ID": 0, "TAHUN": 2003, "DATE": "2003-01-01", "NAMA_TITIK": "T02", "ZONA": "SEL BARAT", "SHAPE_LENG": 200.802627102, "TRANSECTID": 2, "TRANSORDER": 2, "SHORELINEI": "2003-01-01", "BASELINEID": 1, "DISTANCE": 335.43, "INTERSECTX": 289797.35502800002, "INTERSECTY": 9243876.5955599993, "UNCERTAINT": 10, "NAMA_TITI2": "T02", "D_TAHUN": 0.0, "LRR": -2.19, "SKOR_SHORE": 5, "RASTERVALU": 6.56471, "SKOR_SLOPE": 3, "RASTERVA_1": -1.78074, "SKOR_ELEV": 5, "GEOM_LAP": "Pasir_Halus", "SKOR_GEOM": 3, "KATEGORI": "Abrasi Tinggi", "GELOMBANG": 0.26819040670114402, "PASUT": 0.879, "SLR": 4.69, "SKOR_GEL": 4, "SKOR_PASUT": 3, "SKOR_SLR": 5, "CVI": 58.094750193110002, "KELAS_CVI": 4, "KELAS_CV_1": "Tinggi", "LAHAN": "Pantai", "JENIS": "Natural", "SKOR_LAHAN": 2, "DELTA_D": 5.98, "D_MEAN": -6.776, "D_MEDIAN": -7.795, "TSS_MIN_MG": 14.4, "TSS_RATA_R": 26.2, "TSS_MEDIAN": 23.7, "TSS_MAKS_M": 68.5, "TSS_STDDEV": 8.2, "HS": 0.268190407, "MWP_MEAN_S": 3.6531, "MWD_CIRCUL": 34.25, "JARAK_MUAR": 579.82548354246296, "NAMA_SUNGA": "KaliGangsa", "MUARA_ID": "M1", "RESPON": "Abrasi", "TSS__BATAS": 30.4, "PROKSI_NER": "Defisit/Erosi" }, "geometry": { "type": "MultiLineString", "coordinates": [ [ [ 109.097865178576129, -6.836801655581796 ], [ 109.097847136130184, -6.83679082983917 ], [ 109.097715534494085, -6.836711869688282 ], [ 109.097571804151258, -6.836625631373934 ], [ 109.09756068521834, -6.836618960269971 ], [ 109.097533542608119, -6.836602674770316 ], [ 109.097427195793188, -6.836538866981877 ], [ 109.097203274147788, -6.836404513815928 ], [ 109.097164373719281, -6.836381174034787 ], [ 109.097121590115094, -6.836355503464614 ], [ 109.097115461669276, -6.836351826617069 ], [ 109.097109096785715, -6.836348007793018 ], [ 109.097103358196222, -6.83634456393973 ], [ 109.097001967688769, -6.836283730325297 ], [ 109.096982631197349, -6.836272127331425 ], [ 109.096764205665735, -6.836141072263894 ], [ 109.096528500449494, -6.835999649137978 ], [ 109.09640408877992, -6.835875237508149 ], [ 109.096346650218749, -6.835817798945892 ], [ 109.096346558314721, -6.835817707266959 ] ] ] } },
{ "type": "Feature", "properties": { "OBJECTID_1": 979, "OBJECTID": 15, "ID": 0, "TAHUN": 2003, "DATE": "2003-01-01", "NAMA_TITIK": "T01", "ZONA": "SEL BARAT", "SHAPE_LENG": 97.979225049600004, "TRANSECTID": 1, "TRANSORDER": 1, "SHORELINEI": "2003-01-01", "BASELINEID": 1, "DISTANCE": 329.3, "INTERSECTX": 289629.02428800002, "INTERSECTY": 9243984.77293, "UNCERTAINT": 10, "NAMA_TITI2": "T01", "D_TAHUN": 0.0, "LRR": -0.96, "SKOR_SHORE": 3, "RASTERVALU": 0.111227, "SKOR_SLOPE": 5, "RASTERVA_1": -2.91494, "SKOR_ELEV": 5, "GEOM_LAP": "Pasir_Halus", "SKOR_GEOM": 3, "KATEGORI": "Stabil", "GELOMBANG": 0.26819040670114402, "PASUT": 0.879, "SLR": 4.69, "SKOR_GEL": 4, "SKOR_PASUT": 3, "SKOR_SLR": 4, "CVI": 51.961524227070001, "KELAS_CVI": 4, "KELAS_CV_1": "Tinggi", "LAHAN": "Pantai", "JENIS": "Natural", "SKOR_LAHAN": 2, "DELTA_D": -8.7, "D_MEAN": -6.776, "D_MEDIAN": -7.795, "TSS_MIN_MG": 14.4, "TSS_RATA_R": 26.2, "TSS_MEDIAN": 23.7, "TSS_MAKS_M": 68.5, "TSS_STDDEV": 8.2, "HS": 0.268190407, "MWP_MEAN_S": 3.6531, "MWD_CIRCUL": 34.25, "JARAK_MUAR": 778.10088489128304, "NAMA_SUNGA": "KaliGangsa", "MUARA_ID": "M1", "RESPON": "Abrasi", "TSS__BATAS": 30.4, "PROKSI_NER": "Defisit/Erosi" }, "geometry": { "type": "MultiLineString", "coordinates": [ [ [ 109.096346558314721, -6.835817707266959 ], [ 109.096282943336362, -6.835754092685522 ], [ 109.096271726652091, -6.835742876192993 ], [ 109.095826660169578, -6.835297810018953 ], [ 109.095720016756701, -6.835191165704345 ] ] ] } },
{ "type": "Feature", "properties": { "OBJECTID_1": 980, "OBJECTID": 16, "ID": 0, "TAHUN": 2004, "DATE": "2004-01-01", "NAMA_TITIK": "T42", "ZONA": "SEL TIMUR", "SHAPE_LENG": 216.14009533800001, "TRANSECTID": 46, "TRANSORDER": 46, "SHORELINEI": "2004", "BASELINEID": 1, "DISTANCE": 280.56, "INTERSECTX": 298018.35809200001, "INTERSECTY": 9242354.3803400006, "UNCERTAINT": 10, "NAMA_TITI2": "T42", "D_TAHUN": 0.0, "LRR": -1.48, "SKOR_SHORE": 4, "RASTERVALU": 10.6361, "SKOR_SLOPE": 2, "RASTERVA_1": -1.41562, "SKOR_ELEV": 5, "GEOM_LAP": "Tambak", "SKOR_GEOM": 5, "KATEGORI": "Abrasi Sedang", "GELOMBANG": 0.25959058368907201, "PASUT": 0.884, "SLR": 4.69, "SKOR_GEL": 3, "SKOR_PASUT": 3, "SKOR_SLR": 5, "CVI": 58.094750193110002, "KELAS_CVI": 4, "KELAS_CV_1": "Tinggi", "LAHAN": "Tambak", "JENIS": "Natural", "SKOR_LAHAN": 3, "DELTA_D": -7.36, "D_MEAN": -19.482777777777777, "D_MEDIAN": -17.335, "TSS_MIN_MG": 15.4, "TSS_RATA_R": 54.0, "TSS_MEDIAN": 43.2, "TSS_MAKS_M": 271.2, "TSS_STDDEV": 36.9, "HS": 0.264069804, "MWP_MEAN_S": 3.7153, "MWD_CIRCUL": 28.71, "JARAK_MUAR": 1130.0451134499999, "NAMA_SUNGA": "Kali Ketiwon", "MUARA_ID": "M5", "RESPON": "Abrasi", "TSS__BATAS": 30.4, "PROKSI_NER": "Bypass/Export" }, "geometry": { "type": "MultiLineString", "coordinates": [ [ [ 109.172174723533075, -6.850820948666234 ], [ 109.172138383719258, -6.850821020169082 ], [ 109.172024028650199, -6.850821246004763 ], [ 109.172002154199674, -6.850821289354767 ], [ 109.171943918228322, -6.850821404109293 ], [ 109.171935841507391, -6.85082142039242 ], [ 109.171906737091987, -6.850821477818177 ], [ 109.171892325105645, -6.850821506159803 ], [ 109.171881481061533, -6.850821527282364 ], [ 109.171816346226649, -6.850821656456423 ], [ 109.171760409880122, -6.850821767281409 ], [ 109.17171748964779, -6.850821851685019 ], [ 109.171581605152369, -6.850722547845296 ], [ 109.171421262139262, -6.850605369846548 ], [ 109.171330572723093, -6.850539093939738 ], [ 109.171202122857125, -6.850445223348072 ], [ 109.171155404235023, -6.850411081065856 ], [ 109.17111811197573, -6.850383828130751 ], [ 109.170995711883307, -6.850294378325795 ], [ 109.170819260763082, -6.850165427408006 ], [ 109.170811826316793, -6.850159994088117 ], [ 109.170809241715915, -6.850158105421948 ], [ 109.17050822569729, -6.849938123112802 ] ] ] } },
{ "type": "Feature", "properties": { "OBJECTID_1": 991, "OBJECTID": 16, "ID": 0, "TAHUN": 2004, "DATE": "2004-01-01", "NAMA_TITIK": "T40", "ZONA": "SEL TIMUR", "SHAPE_LENG": 214.70491079600001, "TRANSECTID": 44, "TRANSORDER": 44, "SHORELINEI": "2004-01-01", "BASELINEID": 1, "DISTANCE": 283.28, "INTERSECTX": 297670.871789, "INTERSECTY": 9242572.6521499995, "UNCERTAINT": 10, "NAMA_TITI2": "T40", "D_TAHUN": 0.0, "LRR": -2.39, "SKOR_SHORE": 5, "RASTERVALU": 1.31742, "SKOR_SLOPE": 5, "RASTERVA_1": -2.87668, "SKOR_ELEV": 5, "GEOM_LAP": "Tambak", "SKOR_GEOM": 5, "KATEGORI": "Abrasi Tinggi", "GELOMBANG": 0.26406980437390898, "PASUT": 0.937, "SLR": 4.69, "SKOR_GEL": 3, "SKOR_PASUT": 1, "SKOR_SLR": 5, "CVI": 59.292706128159999, "KELAS_CVI": 4, "KELAS_CV_1": "Tinggi", "LAHAN": "Tambak", "JENIS": "Natural", "SKOR_LAHAN": 3, "DELTA_D": -45.75, "D_MEAN": -19.482777777777777, "D_MEDIAN": -17.335, "TSS_MIN_MG": 15.4, "TSS_RATA_R": 54.0, "TSS_MEDIAN": 43.2, "TSS_MAKS_M": 271.2, "TSS_STDDEV": 36.9, "HS": 0.264069804, "MWP_MEAN_S": 3.7153, "MWD_CIRCUL": 28.71, "JARAK_MUAR": 727.664323427044, "NAMA_SUNGA": "Kali Ketiwon", "MUARA_ID": "M5", "RESPON": "Abrasi", "TSS__BATAS": 30.4, "PROKSI_NER": "Bypass/Export" }, "geometry": { "type": "MultiLineString", "coordinates": [ [ [ 109.169043046530106, -6.848867365154309 ], [ 109.168869523938426, -6.848740553314803 ], [ 109.168862334014023, -6.848735299025289 ], [ 109.168822183209613, -6.848705956444435 ], [ 109.168713773715396, -6.848553808842736 ], [ 109.168708102148486, -6.848545848791181 ], [ 109.168640862179828, -6.848451481370449 ], [ 109.168634016350708, -6.848441873098737 ], [ 109.168537474682964, -6.848306381758123 ], [ 109.168505597680181, -6.848261643179872 ], [ 109.168470952836415, -6.848213020673625 ], [ 109.168453631312929, -6.848188711684006 ], [ 109.168411553971595, -6.848129658603991 ], [ 109.168363090627068, -6.848061642757291 ], [ 109.168342669246286, -6.848032981127989 ], [ 109.16834151748202, -6.8480313637347 ], [ 109.168338462597688, -6.848027076366371 ], [ 109.16829037989244, -6.847959595416673 ], [ 109.168226269639021, -6.847869620513542 ], [ 109.168121381472673, -6.847722414814299 ], [ 109.167854212327356, -6.847347453624312 ] ] ] } },
{ "type": "Feature", "properties": { "OBJECTID_1": 992, "OBJECTID": 16, "ID": 0, "TAHUN": 2004, "DATE": "2004-01-01", "NAMA_TITIK": "T41", "ZONA": "SEL TIMUR", "SHAPE_LENG": 200.64254985, "TRANSECTID": 45, "TRANSORDER": 45, "SHORELINEI": "2004-01-01", "BASELINEID": 1, "DISTANCE": 267.23, "INTERSECTX": 297833.285768, "INTERSECTY": 9242454.8424699996, "UNCERTAINT": 10, "NAMA_TITI2": "T41", "D_TAHUN": 0.0, "LRR": -2.12, "SKOR_SHORE": 5, "RASTERVALU": 9.05717, "SKOR_SLOPE": 2, "RASTERVA_1": -1.62402, "SKOR_ELEV": 5, "GEOM_LAP": "Tambak", "SKOR_GEOM": 5, "KATEGORI": "Abrasi Tinggi", "GELOMBANG": 0.26406980437390898, "PASUT": 0.937, "SLR": 4.69, "SKOR_GEL": 3, "SKOR_PASUT": 1, "SKOR_SLR": 5, "CVI": 37.5, "KELAS_CVI": 3, "KELAS_CV_1": "Sedang", "LAHAN": "Tambak", "JENIS": "Natural", "SKOR_LAHAN": 3, "DELTA_D": -26.17, "D_MEAN": -19.482777777777777, "D_MEDIAN": -17.335, "TSS_MIN_MG": 15.4, "TSS_RATA_R": 54.0, "TSS_MEDIAN": 43.2, "TSS_MAKS_M": 271.2, "TSS_STDDEV": 36.9, "HS": 0.264069804, "MWP_MEAN_S": 3.7153, "MWD_CIRCUL": 28.71, "JARAK_MUAR": 936.29342666807304, "NAMA_SUNGA": "Kali Ketiwon", "MUARA_ID": "M5", "RESPON": "Abrasi", "TSS__BATAS": 30.4, "PROKSI_NER": "Bypass/Export" }, "geometry": { "type": "MultiLineString", "coordinates": [ [ [ 109.17050822569729, -6.849938123112802 ], [ 109.170366947922176, -6.849834877218231 ], [ 109.170358693451504, -6.849828844935848 ], [ 109.169932725199999, -6.849517546532939 ], [ 109.169043046530106, -6.848867365154309 ] ] ] } },
{ "type": "Feature", "properties": { "OBJECTID_1": 1001, "OBJECTID": 16, "ID": 0, "TAHUN": 2004, "DATE": "2004-01-01", "NAMA_TITIK": "T51", "ZONA": "SEL BARAT", "SHAPE_LENG": 201.863342273, "TRANSECTID": 20, "TRANSORDER": 20, "SHORELINEI": "2004-01-01", "BASELINEID": 1, "DISTANCE": 265.13, "INTERSECTX": 292992.64753199997, "INTERSECTY": 9242635.5801800005, "UNCERTAINT": 10, "NAMA_TITI2": "T51", "D_TAHUN": 0.0, "LRR": 0.72, "SKOR_SHORE": 3, "RASTERVALU": 2.59289, "SKOR_SLOPE": 4, "RASTERVA_1": -2.65623, "SKOR_ELEV": 5, "GEOM_LAP": "Aluvial", "SKOR_GEOM": 4, "KATEGORI": "Stabil", "GELOMBANG": 0.26406980437390898, "PASUT": 0.937, "SLR": 4.69, "SKOR_GEL": 3, "SKOR_PASUT": 1, "SKOR_SLR": 5, "CVI": 42.426406871189997, "KELAS_CVI": 3, "KELAS_CV_1": "Rendah", "LAHAN": "Muara", "JENIS": "Natural", "SKOR_LAHAN": 4, "DELTA_D": 13.88, "D_MEAN": 3.2465, "D_MEDIAN": 0.235, "TSS_MIN_MG": 18.8, "TSS_RATA_R": 38.1, "TSS_MEDIAN": 33.7, "TSS_MAKS_M": 144.2, "TSS_STDDEV": 13.9, "HS": 0.264069804, "MWP_MEAN_S": 3.7153, "MWD_CIRCUL": 28.71, "JARAK_MUAR": 19.716633507029201, "NAMA_SUNGA": "Kali Sibelis", "MUARA_ID": "M3", "RESPON": "Stabil", "TSS__BATAS": 30.4, "PROKSI_NER": "Relatif Seimbang" }, "geometry": { "type": "MultiLineString", "coordinates": [ [ [ 109.126725374775859, -6.848135318579656 ], [ 109.126446325914472, -6.848128868435318 ], [ 109.126396917536994, -6.848127726485272 ], [ 109.12637586631277, -6.848127239367443 ], [ 109.126361410045206, -6.848126905441665 ], [ 109.126248639046267, -6.848124299492837 ], [ 109.126215504149087, -6.848123533799359 ], [ 109.126203516358459, -6.848123256507777 ], [ 109.126172595666901, -6.848123261625066 ], [ 109.125756087754453, -6.848123325517455 ], [ 109.125740554590308, -6.848123328230021 ], [ 109.125653612844403, -6.848123341774268 ], [ 109.125502456940609, -6.848123364335812 ], [ 109.125321940835533, -6.84812339167019 ], [ 109.125064502556654, -6.848123430775368 ], [ 109.124984231120322, -6.848123535317976 ], [ 109.12489944111212, -6.848123645724934 ] ] ] } },
{ "type": "Feature", "properties": { "OBJECTID_1": 1017, "OBJECTID": 16, "ID": 0, "TAHUN": 2004, "DATE": "2004-01-01", "NAMA_TITIK": "T39", "ZONA": "SEL TIMUR", "SHAPE_LENG": 204.16044970199999, "TRANSECTID": 43, "TRANSORDER": 43, "SHORELINEI": "2004-01-01", "BASELINEID": 1, "DISTANCE": 357.64, "INTERSECTX": 297538.81511099997, "INTERSECTY": 9242740.2549600005, "UNCERTAINT": 10, "NAMA_TITI2": "T39", "D_TAHUN": 0.0, "LRR": -3.6, "SKOR_SHORE": 5, "RASTERVALU": 0.000339, "SKOR_SLOPE": 5, "RASTERVA_1": -2.9425, "SKOR_ELEV": 5, "GEOM_LAP": "Pasir_Halus", "SKOR_GEOM": 3, "KATEGORI": "Abrasi Tinggi", "GELOMBANG": 0.26406980437390898, "PASUT": 0.937, "SLR": 4.69, "SKOR_GEL": 3, "SKOR_PASUT": 1, "SKOR_SLR": 5, "CVI": 37.5, "KELAS_CVI": 3, "KELAS_CV_1": "Sedang", "LAHAN": "Pantai", "JENIS": "Natural", "SKOR_LAHAN": 2, "DELTA_D": 33.9, "D_MEAN": -19.482777777777777, "D_MEDIAN": -17.335, "TSS_MIN_MG": 15.4, "TSS_RATA_R": 54.0, "TSS_MEDIAN": 43.2, "TSS_MAKS_M": 271.2, "TSS_STDDEV": 36.9, "HS": 0.264069804, "MWP_MEAN_S": 3.7153, "MWD_CIRCUL": 28.71, "JARAK_MUAR": 535.47677602736997, "NAMA_SUNGA": "Kali Ketiwon", "MUARA_ID": "M5", "RESPON": "Abrasi", "TSS__BATAS": 30.4, "PROKSI_NER": "Bypass/Export" }, "geometry": { "type": "MultiLineString", "coordinates": [ [ [ 109.167854212327356, -6.847347453624312 ], [ 109.167853855096851, -6.847346953171907 ], [ 109.167852025767402, -6.847344386550638 ], [ 109.167785853293267, -6.847251515010311 ], [ 109.167759459893986, -6.847214472647903 ], [ 109.167748934594272, -6.847205193923741 ], [ 109.167541587024871, -6.847022396344323 ], [ 109.167464447859544, -6.84695439049591 ], [ 109.167398520120429, -6.846896268148682 ], [ 109.166742982550929, -6.846318344342291 ], [ 109.166496897737801, -6.846101394635233 ] ] ] } },
{ "type": "Feature", "properties": { "OBJECTID_1": 1029, "OBJECTID": 16, "ID": 0, "TAHUN": 2004, "DATE": "2004-01-01", "NAMA_TITIK": "T38", "ZONA": "SEL TIMUR", "SHAPE_LENG": 176.57371977, "TRANSECTID": 42, "TRANSORDER": 42, "SHORELINEI": "2004-01-01", "BASELINEID": 1, "DISTANCE": 396.45, "INTERSECTX": 297388.24915500003, "INTERSECTY": 9242877.4981900007, "UNCERTAINT": 10, "NAMA_TITI2": "T38", "D_TAHUN": 0.0, "LRR": -4.04, "SKOR_SHORE": 5, "RASTERVALU": 0.000344, "SKOR_SLOPE": 5, "RASTERVA_1": -2.94192, "SKOR_ELEV": 5, "GEOM_LAP": "Pasir_Halus", "SKOR_GEOM": 3, "KATEGORI": "Abrasi Tinggi", "GELOMBANG": 0.26406980437390898, "PASUT": 0.937, "SLR": 4.69, "SKOR_GEL": 3, "SKOR_PASUT": 1, "SKOR_SLR": 5, "CVI": 37.5, "KELAS_CVI": 3, "KELAS_CV_1": "Sedang", "LAHAN": "Pantai", "JENIS": "Natural", "SKOR_LAHAN": 2, "DELTA_D": 12.12, "D_MEAN": -19.482777777777777, "D_MEDIAN": -17.335, "TSS_MIN_MG": 15.4, "TSS_RATA_R": 54.0, "TSS_MEDIAN": 43.2, "TSS_MAKS_M": 271.2, "TSS_STDDEV": 36.9, "HS": 0.264069804, "MWP_MEAN_S": 3.7153, "MWD_CIRCUL": 28.71, "JARAK_MUAR": 355.43647958132902, "NAMA_SUNGA": "Kali Ketiwon", "MUARA_ID": "M5", "RESPON": "Abrasi", "TSS__BATAS": 30.4, "PROKSI_NER": "Bypass/Export" }, "geometry": { "type": "MultiLineString", "coordinates": [ [ [ 109.166496897737801, -6.846101394635233 ], [ 109.166168723704459, -6.845812073769475 ], [ 109.166018661161118, -6.845679777681998 ], [ 109.166001417240281, -6.84566457554334 ], [ 109.165908158001471, -6.845582357227549 ], [ 109.165843317974449, -6.845525193693267 ], [ 109.165733610095046, -6.845428474253586 ], [ 109.165714394737449, -6.845425658661328 ], [ 109.165682087656833, -6.845420925149527 ], [ 109.165640059430473, -6.845414767582614 ], [ 109.165602006639176, -6.845409192985484 ], [ 109.165564596683538, -6.845403712157269 ], [ 109.165558142140767, -6.845402766202751 ], [ 109.165486102416338, -6.845392212066704 ], [ 109.1652258294788, -6.845354080093147 ], [ 109.165162454907858, -6.845344794950495 ], [ 109.165160839238382, -6.845344558226831 ], [ 109.165160207256633, -6.84534446540018 ] ] ] } },
{ "type": "Feature", "properties": { "OBJECTID_1": 1037, "OBJECTID": 16, "ID": 0, "TAHUN": 2004, "DATE": "2004-01-01", "NAMA_TITIK": "T37", "ZONA": "SEL TIMUR", "SHAPE_LENG": 216.53198342600001, "TRANSECTID": 41, "TRANSORDER": 41, "SHORELINEI": "2004-01-01", "BASELINEID": 1, "DISTANCE": 388.35, "INTERSECTX": 297240.16887200001, "INTERSECTY": 9242960.6514899991, "UNCERTAINT": 10, "NAMA_TITI2": "T37", "D_TAHUN": 0.0, "LRR": -4.54, "SKOR_SHORE": 5, "RASTERVALU": 0.000345, "SKOR_SLOPE": 5, "RASTERVA_1": -2.94128, "SKOR_ELEV": 5, "GEOM_LAP": "Pasir_Halus", "SKOR_GEOM": 3, "KATEGORI": "Abrasi Tinggi", "GELOMBANG": 0.26406980437390898, "PASUT": 0.937, "SLR": 4.69, "SKOR_GEL": 3, "SKOR_PASUT": 1, "SKOR_SLR": 5, "CVI": 37.5, "KELAS_CVI": 3, "KELAS_CV_1": "Sedang", "LAHAN": "Pantai", "JENIS": "Natural", "SKOR_LAHAN": 2, "DELTA_D": -4.56, "D_MEAN": -19.482777777777777, "D_MEDIAN": -17.335, "TSS_MIN_MG": 15.4, "TSS_RATA_R": 54.0, "TSS_MEDIAN": 43.2, "TSS_MAKS_M": 271.2, "TSS_STDDEV": 36.9, "HS": 0.264069804, "MWP_MEAN_S": 3.7153, "MWD_CIRCUL": 28.71, "JARAK_MUAR": 155.29372815372599, "NAMA_SUNGA": "Kali Ketiwon", "MUARA_ID": "M5", "RESPON": "Abrasi", "TSS__BATAS": 30.4, "PROKSI_NER": "Bypass/Export" }, "geometry": { "type": "MultiLineString", "coordinates": [ [ [ 109.165160207256633, -6.84534446540018 ], [ 109.165094553395107, -6.845334846057428 ], [ 109.165068670136989, -6.845331053829782 ], [ 109.16502062499427, -6.845324015212688 ], [ 109.164364536043593, -6.845227890763522 ], [ 109.164211067482555, -6.845205406354186 ], [ 109.164114788337244, -6.84519130020727 ], [ 109.164108967595482, -6.845190447069623 ], [ 109.164031802519716, -6.84517914170582 ], [ 109.163989911826889, -6.845132056459994 ], [ 109.163918935647231, -6.845052279170956 ], [ 109.16391551997161, -6.845048439773164 ], [ 109.16390494686712, -6.8450365559629 ], [ 109.163882679217565, -6.845011527293842 ], [ 109.16358741712871, -6.844679651538702 ], [ 109.163552919930353, -6.844640877411958 ], [ 109.163488023097855, -6.844567933355338 ] ] ] } },
{ "type": "Feature", "properties": { "OBJECTID_1": 1044, "OBJECTID": 16, "ID": 0, "TAHUN": 2004, "DATE": "2004-01-01", "NAMA_TITIK": "T44", "ZONA": "SEL BARAT", "SHAPE_LENG": 101.698395546, "TRANSECTID": 5, "TRANSORDER": 5, "SHORELINEI": "2004-01-01", "BASELINEID": 1, "DISTANCE": 320.94, "INTERSECTX": 290222.142613, "INTERSECTY": 9243612.3544299994, "UNCERTAINT": 10, "NAMA_TITI2": "T44", "D_TAHUN": 0.0, "LRR": -2.33, "SKOR_SHORE": 5, "RASTERVALU": 0.013365, "SKOR_SLOPE": 5, "RASTERVA_1": -2.91714, "SKOR_ELEV": 5, "GEOM_LAP": "Aluvial", "SKOR_GEOM": 4, "KATEGORI": "Abrasi Tinggi", "GELOMBANG": 0.26406980437390898, "PASUT": 0.937, "SLR": 4.69, "SKOR_GEL": 3, "SKOR_PASUT": 1, "SKOR_SLR": 5, "CVI": 61.237243569580002, "KELAS_CVI": 4, "KELAS_CV_1": "Tinggi", "LAHAN": "Muara", "JENIS": "Natural", "SKOR_LAHAN": 4, "DELTA_D": 14.39, "D_MEAN": 3.2465, "D_MEDIAN": 0.235, "TSS_MIN_MG": 18.8, "TSS_RATA_R": 38.1, "TSS_MEDIAN": 33.7, "TSS_MAKS_M": 144.2, "TSS_STDDEV": 13.9, "HS": 0.264069804, "MWP_MEAN_S": 3.7153, "MWD_CIRCUL": 28.71, "JARAK_MUAR": 61.827697463302599, "NAMA_SUNGA": "KaliGangsa", "MUARA_ID": "M1", "RESPON": "Stabil", "TSS__BATAS": 30.4, "PROKSI_NER": "Relatif Seimbang" }, "geometry": { "type": "MultiLineString", "coordinates": [ [ [ 109.101698403802786, -6.839205937931459 ], [ 109.101657403021946, -6.83918908799799 ], [ 109.101559325921528, -6.839148782513838 ], [ 109.101519712344427, -6.839132503116906 ], [ 109.101501112577225, -6.839124859566954 ], [ 109.10135565692066, -6.839065083222232 ], [ 109.1013185260407, -6.839049823506214 ], [ 109.101109908959373, -6.838964089334257 ], [ 109.100949621790079, -6.838883946102786 ], [ 109.100856237733453, -6.838837254266036 ] ] ] } },
{ "type": "Feature", "properties": { "OBJECTID_1": 1045, "OBJECTID": 16, "ID": 0, "TAHUN": 2004, "DATE": "2004-01-01", "NAMA_TITIK": "T05", "ZONA": "SEL BARAT", "SHAPE_LENG": 200.60127504299999, "TRANSECTID": 6, "TRANSORDER": 6, "SHORELINEI": "2004-01-01", "BASELINEID": 1, "DISTANCE": 305.42, "INTERSECTX": 290407.97267599998, "INTERSECTY": 9243536.8022099994, "UNCERTAINT": 10, "NAMA_TITI2": "T05", "D_TAHUN": 0.0, "LRR": -1.47, "SKOR_SHORE": 4, "RASTERVALU": 6.15341, "SKOR_SLOPE": 3, "RASTERVA_1": -2.46219, "SKOR_ELEV": 5, "GEOM_LAP": "Pasir_Halus", "SKOR_GEOM": 3, "KATEGORI": "Abrasi Sedang", "GELOMBANG": 0.26406980437390898, "PASUT": 0.937, "SLR": 4.69, "SKOR_GEL": 3, "SKOR_PASUT": 1, "SKOR_SLR": 5, "CVI": 36.742346141749998, "KELAS_CVI": 3, "KELAS_CV_1": "Sedang", "LAHAN": "Muara", "JENIS": "Natural", "SKOR_LAHAN": 4, "DELTA_D": 17.02, "D_MEAN": 3.2465, "D_MEDIAN": 0.235, "TSS_MIN_MG": 18.8, "TSS_RATA_R": 38.1, "TSS_MEDIAN": 33.7, "TSS_MAKS_M": 144.2, "TSS_STDDEV": 13.9, "HS": 0.264069804, "MWP_MEAN_S": 3.7153, "MWD_CIRCUL": 28.71, "JARAK_MUAR": 4.2768385923696401, "NAMA_SUNGA": "KaliGangsa", "MUARA_ID": "M1", "RESPON": "Stabil", "TSS__BATAS": 30.4, "PROKSI_NER": "Relatif Seimbang" }, "geometry": { "type": "MultiLineString", "coordinates": [ [ [ 109.103376675470102, -6.839895635497154 ], [ 109.103356985557483, -6.839887543784332 ], [ 109.103341273907077, -6.839881087027336 ], [ 109.10316955934104, -6.839810520026767 ], [ 109.103029204896927, -6.839752840945081 ], [ 109.102834122137651, -6.839672670406979 ], [ 109.102780544364492, -6.839650651846959 ], [ 109.102777899117854, -6.839649564613253 ], [ 109.102459462577613, -6.839518701031293 ], [ 109.102077374244843, -6.839361678759971 ], [ 109.10200639972885, -6.839332511375915 ], [ 109.101981120455932, -6.83932212281451 ], [ 109.101854960731913, -6.839270276761769 ], [ 109.101849905059808, -6.839268199049059 ], [ 109.101821107235807, -6.839256364480588 ], [ 109.101791717868252, -6.839244287082196 ], [ 109.101780396344054, -6.839239634138132 ], [ 109.101698403802786, -6.839205937931459 ] ] ] } },
{ "type": "Feature", "properties": { "OBJECTID_1": 1048, "OBJECTID": 16, "ID": 0, "TAHUN": 2004, "DATE": "2004-01-01", "NAMA_TITIK": "T03", "ZONA": "SEL BARAT", "SHAPE_LENG": 200.266025982, "TRANSECTID": 3, "TRANSORDER": 3, "SHORELINEI": "2004-01-01", "BASELINEID": 1, "DISTANCE": 327.34, "INTERSECTX": 289957.63132099999, "INTERSECTY": 9243756.6911800001, "UNCERTAINT": 10, "NAMA_TITI2": "T03", "D_TAHUN": 0.0, "LRR": -3.26, "SKOR_SHORE": 5, "RASTERVALU": 6.99672, "SKOR_SLOPE": 3, "RASTERVA_1": -1.58426, "SKOR_ELEV": 5, "GEOM_LAP": "Pasir_Halus", "SKOR_GEOM": 3, "KATEGORI": "Abrasi Tinggi", "GELOMBANG": 0.26406980437390898, "PASUT": 0.937, "SLR": 4.69, "SKOR_GEL": 3, "SKOR_PASUT": 1, "SKOR_SLR": 5, "CVI": 29.04737509656, "KELAS_CVI": 2, "KELAS_CV_1": "Rendah", "LAHAN": "Pantai", "JENIS": "Natural", "SKOR_LAHAN": 2, "DELTA_D": 3.83, "D_MEAN": 3.2465, "D_MEDIAN": 0.235, "TSS_MIN_MG": 18.8, "TSS_RATA_R": 38.1, "TSS_MEDIAN": 33.7, "TSS_MAKS_M": 144.2, "TSS_STDDEV": 13.9, "HS": 0.264069804, "MWP_MEAN_S": 3.7153, "MWD_CIRCUL": 28.71, "JARAK_MUAR": 387.64661320961198, "NAMA_SUNGA": "KaliGangsa", "MUARA_ID": "M1", "RESPON": "Stabil", "TSS__BATAS": 30.4, "PROKSI_NER": "Relatif Seimbang" }, "geometry": { "type": "MultiLineString", "coordinates": [ [ [ 109.099310868449365, -6.837891541838324 ], [ 109.099239324999232, -6.837848066078966 ], [ 109.099089116282926, -6.837756788245652 ], [ 109.098975458111099, -6.837687720588354 ], [ 109.09896399384138, -6.837680754303613 ], [ 109.098879117293478, -6.83762917740967 ], [ 109.098819696951665, -6.837593070115557 ], [ 109.098773713563645, -6.83756512671257 ], [ 109.098591769888984, -6.837454563405055 ], [ 109.098576717637968, -6.837445416679925 ], [ 109.098506652488595, -6.837402839952643 ], [ 109.098414962839016, -6.837347122363501 ], [ 109.0983752410866, -6.837317331249428 ], [ 109.098360304619391, -6.837306129019036 ], [ 109.098212241441729, -6.837195081957506 ], [ 109.097804629086056, -6.836889372243808 ] ] ] } },
{ "type": "Feature", "properties": { "OBJECTID_1": 1049, "OBJECTID": 16, "ID": 0, "TAHUN": 2004, "DATE": "2004-01-01", "NAMA_TITIK": "T04", "ZONA": "SEL BARAT", "SHAPE_LENG": 200.49142116, "TRANSECTID": 4, "TRANSORDER": 4, "SHORELINEI": "2004-01-01", "BASELINEID": 1, "DISTANCE": 338.63, "INTERSECTX": 290128.88202700001, "INTERSECTY": 9243652.7651899997, "UNCERTAINT": 10, "NAMA_TITI2": "T04", "D_TAHUN": 0.0, "LRR": -3.32, "SKOR_SHORE": 5, "RASTERVALU": 6.89058, "SKOR_SLOPE": 3, "RASTERVA_1": -2.22393, "SKOR_ELEV": 5, "GEOM_LAP": "Pasir_Halus", "SKOR_GEOM": 3, "KATEGORI": "Abrasi Tinggi", "GELOMBANG": 0.26406980437390898, "PASUT": 0.937, "SLR": 4.69, "SKOR_GEL": 3, "SKOR_PASUT": 1, "SKOR_SLR": 5, "CVI": 29.04737509656, "KELAS_CVI": 2, "KELAS_CV_1": "Rendah", "LAHAN": "Pantai", "JENIS": "Natural", "SKOR_LAHAN": 2, "DELTA_D": -3.89, "D_MEAN": 3.2465, "D_MEDIAN": 0.235, "TSS_MIN_MG": 18.8, "TSS_RATA_R": 38.1, "TSS_MEDIAN": 33.7, "TSS_MAKS_M": 144.2, "TSS_STDDEV": 13.9, "HS": 0.264069804, "MWP_MEAN_S": 3.7153, "MWD_CIRCUL": 28.71, "JARAK_MUAR": 191.803552089433, "NAMA_SUNGA": "KaliGangsa", "MUARA_ID": "M1", "RESPON": "Stabil", "TSS__BATAS": 30.4, "PROKSI_NER": "Relatif Seimbang" }, "geometry": { "type": "MultiLineString", "coordinates": [ [ [ 109.100856237733453, -6.838837254266036 ], [ 109.100751594855353, -6.838784933254909 ], [ 109.100715661535929, -6.83876696678431 ], [ 109.100570918962987, -6.838694595114047 ], [ 109.100554847812404, -6.838684137960852 ], [ 109.100417033128636, -6.838594464404031 ], [ 109.100375664283064, -6.838567546503864 ], [ 109.099989418462073, -6.838316224418067 ], [ 109.099702361560063, -6.838129441702627 ], [ 109.099666395771223, -6.838107586446346 ], [ 109.099567972891137, -6.838047777514828 ], [ 109.099310868449365, -6.837891541838324 ] ] ] } },
{ "type": "Feature", "properties": { "OBJECTID_1": 1050, "OBJECTID": 16, "ID": 0, "TAHUN": 2004, "DATE": "2004-01-01", "NAMA_TITIK": "T02", "ZONA": "SEL BARAT", "SHAPE_LENG": 200.71408745799999, "TRANSECTID": 2, "TRANSORDER": 2, "SHORELINEI": "2004-01-01", "BASELINEID": 1, "DISTANCE": 323.65, "INTERSECTX": 289790.68096299999, "INTERSECTY": 9243866.8783400003, "UNCERTAINT": 10, "NAMA_TITI2": "T02", "D_TAHUN": 0.0, "LRR": -2.19, "SKOR_SHORE": 5, "RASTERVALU": 6.56471, "SKOR_SLOPE": 3, "RASTERVA_1": -1.78074, "SKOR_ELEV": 5, "GEOM_LAP": "Pasir_Halus", "SKOR_GEOM": 3, "KATEGORI": "Abrasi Tinggi", "GELOMBANG": 0.26406980437390898, "PASUT": 0.937, "SLR": 4.69, "SKOR_GEL": 3, "SKOR_PASUT": 1, "SKOR_SLR": 5, "CVI": 29.04737509656, "KELAS_CVI": 2, "KELAS_CV_1": "Rendah", "LAHAN": "Pantai", "JENIS": "Natural", "SKOR_LAHAN": 2, "DELTA_D": -11.78, "D_MEAN": 3.2465, "D_MEDIAN": 0.235, "TSS_MIN_MG": 18.8, "TSS_RATA_R": 38.1, "TSS_MEDIAN": 33.7, "TSS_MAKS_M": 144.2, "TSS_STDDEV": 13.9, "HS": 0.264069804, "MWP_MEAN_S": 3.7153, "MWD_CIRCUL": 28.71, "JARAK_MUAR": 579.82548354246296, "NAMA_SUNGA": "KaliGangsa", "MUARA_ID": "M1", "RESPON": "Stabil", "TSS__BATAS": 30.4, "PROKSI_NER": "Relatif Seimbang" }, "geometry": { "type": "MultiLineString", "coordinates": [ [ [ 109.097804629086056, -6.836889372243808 ], [ 109.097774513596903, -6.836866785979915 ], [ 109.097687000935125, -6.836801151296765 ], [ 109.097555881254749, -6.836702811502342 ], [ 109.097336983915085, -6.836538637916463 ], [ 109.097257060926339, -6.836470685197933 ], [ 109.097121590115094, -6.836355503464614 ], [ 109.09708888564063, -6.836327697432907 ], [ 109.097059607045892, -6.83630280353352 ], [ 109.097052197243556, -6.83629650330448 ], [ 109.096843851048533, -6.836119360182593 ], [ 109.096622694073602, -6.835931324222883 ], [ 109.096408292541184, -6.835749032536587 ], [ 109.09639939430771, -6.835741466985663 ] ] ] } },
{ "type": "Feature", "properties": { "OBJECTID_1": 1051, "OBJECTID": 16, "ID": 0, "TAHUN": 2004, "DATE": "2004-01-01", "NAMA_TITIK": "T01", "ZONA": "SEL BARAT", "SHAPE_LENG": 95.595419885300004, "TRANSECTID": 1, "TRANSORDER": 1, "SHORELINEI": "2004-01-01", "BASELINEID": 1, "DISTANCE": 339.56, "INTERSECTX": 289634.83187, "INTERSECTY": 9243993.2285799999, "UNCERTAINT": 10, "NAMA_TITI2": "T01", "D_TAHUN": 0.0, "LRR": -0.96, "SKOR_SHORE": 3, "RASTERVALU": 0.111227, "SKOR_SLOPE": 5, "RASTERVA_1": -2.91494, "SKOR_ELEV": 5, "GEOM_LAP": "Pasir_Halus", "SKOR_GEOM": 3, "KATEGORI": "Stabil", "GELOMBANG": 0.26406980437390898, "PASUT": 0.937, "SLR": 4.69, "SKOR_GEL": 3, "SKOR_PASUT": 3, "SKOR_SLR": 5, "CVI": 50.311529493750001, "KELAS_CVI": 4, "KELAS_CV_1": "Tinggi", "LAHAN": "Pantai", "JENIS": "Natural", "SKOR_LAHAN": 2, "DELTA_D": 10.26, "D_MEAN": 3.2465, "D_MEDIAN": 0.235, "TSS_MIN_MG": 18.8, "TSS_RATA_R": 38.1, "TSS_MEDIAN": 33.7, "TSS_MAKS_M": 144.2, "TSS_STDDEV": 13.9, "HS": 0.264069804, "MWP_MEAN_S": 3.7153, "MWD_CIRCUL": 28.71, "JARAK_MUAR": 778.10088489128304, "NAMA_SUNGA": "KaliGangsa", "MUARA_ID": "M1", "RESPON": "Stabil", "TSS__BATAS": 30.4, "PROKSI_NER": "Relatif Seimbang" }, "geometry": { "type": "MultiLineString", "coordinates": [ [ [ 109.09639939430771, -6.835741466985663 ], [ 109.096161718726151, -6.835539387084715 ], [ 109.09589957190353, -6.835316500705939 ], [ 109.095893169153641, -6.83531105702924 ], [ 109.095886018126407, -6.835304976609313 ], [ 109.095869462215987, -6.835290900079253 ], [ 109.09579878226441, -6.835230805272214 ], [ 109.095740742839851, -6.835181457929185 ] ] ] } },
{ "type": "Feature", "properties": { "OBJECTID_1": 1052, "OBJECTID": 17, "ID": 0, "TAHUN": 2005, "DATE": "2005-01-01", "NAMA_TITIK": "T42", "ZONA": "SEL TIMUR", "SHAPE_LENG": 163.92891094500001, "TRANSECTID": 46, "TRANSORDER": 46, "SHORELINEI": "2005-01-01", "BASELINEID": 1, "DISTANCE": 285.54, "INTERSECTX": 297842.81574500003, "INTERSECTY": 9242470.4738800004, "UNCERTAINT": 10, "NAMA_TITI2": "T42", "D_TAHUN": 0.0, "LRR": -1.48, "SKOR_SHORE": 4, "RASTERVALU": 10.6361, "SKOR_SLOPE": 2, "RASTERVA_1": -1.41562, "SKOR_ELEV": 5, "GEOM_LAP": "Tambak", "SKOR_GEOM": 5, "KATEGORI": "Abrasi Sedang", "GELOMBANG": 0.242030970313969, "PASUT": 0.944, "SLR": 4.69, "SKOR_GEL": 1, "SKOR_PASUT": 1, "SKOR_SLR": 5, "CVI": 19.364916731040001, "KELAS_CVI": 1, "KELAS_CV_1": "Sangat Rendah", "LAHAN": "Tambak", "JENIS": "Natural", "SKOR_LAHAN": 3, "DELTA_D": 4.98, "D_MEAN": 10.193333333333335, "D_MEDIAN": 5.165, "TSS_MIN_MG": 16.4, "TSS_RATA_R": 52.2, "TSS_MEDIAN": 39.0, "TSS_MAKS_M": 339.9, "TSS_STDDEV": 32.4, "HS": 0.24203097, "MWP_MEAN_S": 3.6021, "MWD_CIRCUL": 28.17, "JARAK_MUAR": 1130.0451134499999, "NAMA_SUNGA": "Kali Ketiwon", "MUARA_ID": "M5", "RESPON": "Akresi", "TSS__BATAS": 30.4, "PROKSI_NER": "Surplus/Deposisi" }, "geometry": { "type": "MultiLineString", "coordinates": [ [ [ 109.171448791035132, -6.850822692515348 ], [ 109.171430374626127, -6.850677305373577 ], [ 109.171427883961442, -6.850657646872259 ], [ 109.171421262139262, -6.850605369846548 ], [ 109.171420345272153, -6.850598131336142 ], [ 109.171415981360298, -6.850563681923181 ], [ 109.171413675124953, -6.850545478903816 ], [ 109.171411119477796, -6.85052530569311 ], [ 109.171410562695229, -6.850520906684961 ], [ 109.171409867149549, -6.850515413125319 ], [ 109.171408489207323, -6.85050453636254 ], [ 109.171404264048206, -6.850471184213716 ], [ 109.171400732708193, -6.850443303918407 ], [ 109.171400569345735, -6.850442017593137 ], [ 109.171393193134733, -6.850383782954867 ], [ 109.171391202191288, -6.850368066648316 ], [ 109.171382239012729, -6.85029730708805 ], [ 109.171375542535912, -6.850244442080957 ], [ 109.171107609006057, -6.850090897341523 ], [ 109.171030036201685, -6.850046442401426 ], [ 109.17094909013197, -6.850000055098105 ], [ 109.170824018863684, -6.849928379769383 ], [ 109.170815889416275, -6.849923721374721 ], [ 109.170594975445354, -6.849797121927348 ] ] ] } },
{ "type": "Feature", "properties": { "OBJECTID_1": 1065, "OBJECTID": 17, "ID": 0, "TAHUN": 2005, "DATE": "2005-01-01", "NAMA_TITIK": "T40", "ZONA": "SEL TIMUR", "SHAPE_LENG": 213.249160918, "TRANSECTID": 44, "TRANSORDER": 44, "SHORELINEI": "2005-01-01", "BASELINEID": 1, "DISTANCE": 297.42, "INTERSECTX": 297678.23440100002, "INTERSECTY": 9242584.7285699993, "UNCERTAINT": 10, "NAMA_TITI2": "T40", "D_TAHUN": 0.0, "LRR": -2.39, "SKOR_SHORE": 5, "RASTERVALU": 1.31742, "SKOR_SLOPE": 5, "RASTERVA_1": -2.87668, "SKOR_ELEV": 5, "GEOM_LAP": "Tambak", "SKOR_GEOM": 5, "KATEGORI": "Abrasi Tinggi", "GELOMBANG": 0.242030970313969, "PASUT": 0.944, "SLR": 4.69, "SKOR_GEL": 1, "SKOR_PASUT": 1, "SKOR_SLR": 5, "CVI": 34.23265984407, "KELAS_CVI": 2, "KELAS_CV_1": "Rendah", "LAHAN": "Tambak", "JENIS": "Natural", "SKOR_LAHAN": 3, "DELTA_D": 14.14, "D_MEAN": 10.193333333333335, "D_MEDIAN": 5.165, "TSS_MIN_MG": 16.4, "TSS_RATA_R": 52.2, "TSS_MEDIAN": 39.0, "TSS_MAKS_M": 339.9, "TSS_STDDEV": 32.4, "HS": 0.24203097, "MWP_MEAN_S": 3.6021, "MWD_CIRCUL": 28.17, "JARAK_MUAR": 727.664323427044, "NAMA_SUNGA": "Kali Ketiwon", "MUARA_ID": "M5", "RESPON": "Akresi", "TSS__BATAS": 30.4, "PROKSI_NER": "Surplus/Deposisi" }, "geometry": { "type": "MultiLineString", "coordinates": [ [ [ 109.169110066928823, -6.848758430769987 ], [ 109.168795267867054, -6.848447126746965 ], [ 109.168786226376824, -6.848431379066986 ], [ 109.168783796378179, -6.848427147425754 ], [ 109.168778427736555, -6.848417797946142 ], [ 109.168777013235029, -6.848415334171619 ], [ 109.168771750639195, -6.848406168638578 ], [ 109.168766123183644, -6.848396367905911 ], [ 109.168753108689543, -6.84837370009115 ], [ 109.168748649503613, -6.84836593362748 ], [ 109.16870802706093, -6.848295182782564 ], [ 109.168707918322227, -6.848294993400811 ], [ 109.168690698069369, -6.848265001313089 ], [ 109.16868610767915, -6.84825700650353 ], [ 109.168667764992506, -6.848225059886508 ], [ 109.168662893321496, -6.848216574859784 ], [ 109.168424428704796, -6.847801251613443 ], [ 109.168113407637904, -6.847499875814409 ], [ 109.168099154425704, -6.847486064848901 ], [ 109.167929167773792, -6.847321349903163 ], [ 109.167892269345032, -6.847285595700164 ] ] ] } },
{ "type": "Feature", "properties": { "OBJECTID_1": 1066, "OBJECTID": 17, "ID": 0, "TAHUN": 2005, "DATE": "2005-01-01", "NAMA_TITIK": "T41", "ZONA": "SEL TIMUR", "SHAPE_LENG": 201.891326354, "TRANSECTID": 45, "TRANSORDER": 45, "SHORELINEI": "2005-01-01", "BASELINEID": 1, "DISTANCE": 285.54, "INTERSECTX": 297842.81574500003, "INTERSECTY": 9242470.4738800004, "UNCERTAINT": 10, "NAMA_TITI2": "T41", "D_TAHUN": 0.0, "LRR": -2.12, "SKOR_SHORE": 5, "RASTERVALU": 9.05717, "SKOR_SLOPE": 2, "RASTERVA_1": -1.62402, "SKOR_ELEV": 5, "GEOM_LAP": "Tambak", "SKOR_GEOM": 5, "KATEGORI": "Abrasi Tinggi", "GELOMBANG": 0.242030970313969, "PASUT": 0.944, "SLR": 4.69, "SKOR_GEL": 1, "SKOR_PASUT": 1, "SKOR_SLR": 5, "CVI": 21.650635094609999, "KELAS_CVI": 1, "KELAS_CV_1": "Sangat Rendah", "LAHAN": "Tambak", "JENIS": "Natural", "SKOR_LAHAN": 3, "DELTA_D": 18.31, "D_MEAN": 10.193333333333335, "D_MEDIAN": 5.165, "TSS_MIN_MG": 16.4, "TSS_RATA_R": 52.2, "TSS_MEDIAN": 39.0, "TSS_MAKS_M": 339.9, "TSS_STDDEV": 32.4, "HS": 0.24203097, "MWP_MEAN_S": 3.6021, "MWD_CIRCUL": 28.17, "JARAK_MUAR": 936.29342666807304, "NAMA_SUNGA": "Kali Ketiwon", "MUARA_ID": "M5", "RESPON": "Akresi", "TSS__BATAS": 30.4, "PROKSI_NER": "Surplus/Deposisi" }, "geometry": { "type": "MultiLineString", "coordinates": [ [ [ 109.170594975445354, -6.849797121927348 ], [ 109.170593349735739, -6.849796190791059 ], [ 109.170493243708947, -6.84973882280469 ], [ 109.170466661906858, -6.849723589719959 ], [ 109.170457634313465, -6.849718416151732 ], [ 109.170450614256239, -6.849714393074284 ], [ 109.170342676714711, -6.849652536877287 ], [ 109.169951184046383, -6.849428182751302 ], [ 109.169803888543129, -6.849343771714703 ], [ 109.169702209386926, -6.849285501606713 ], [ 109.16956153324297, -6.849204883326397 ], [ 109.16943769195538, -6.849082417245445 ], [ 109.16935619369211, -6.849001824538341 ], [ 109.16935353773836, -6.848999197808685 ], [ 109.169342099196896, -6.848987886708858 ], [ 109.169328401248279, -6.848974340982886 ], [ 109.169287443491768, -6.848933839040664 ], [ 109.16927950987764, -6.848925993339305 ], [ 109.169199698792113, -6.848847067970968 ], [ 109.169193674005186, -6.84884111017409 ], [ 109.169110663549304, -6.848759020740858 ], [ 109.169110413001448, -6.84875877385737 ], [ 109.169110066928823, -6.848758430769987 ] ] ] } },
{ "type": "Feature", "properties": { "OBJECTID_1": 1071, "OBJECTID": 17, "ID": 0, "TAHUN": 2005, "DATE": "2005-01-01", "NAMA_TITIK": "T51", "ZONA": "SEL BARAT", "SHAPE_LENG": 232.23904128699999, "TRANSECTID": 20, "TRANSORDER": 20, "SHORELINEI": "2005-01-01", "BASELINEID": 1, "DISTANCE": 261.14, "INTERSECTX": 292992.09863099997, "INTERSECTY": 9242631.6298200004, "UNCERTAINT": 10, "NAMA_TITI2": "T51", "D_TAHUN": 0.0, "LRR": 0.72, "SKOR_SHORE": 3, "RASTERVALU": 2.59289, "SKOR_SLOPE": 4, "RASTERVA_1": -2.65623, "SKOR_ELEV": 5, "GEOM_LAP": "Aluvial", "SKOR_GEOM": 4, "KATEGORI": "Stabil", "GELOMBANG": 0.242030970313969, "PASUT": 0.944, "SLR": 4.69, "SKOR_GEL": 1, "SKOR_PASUT": 1, "SKOR_SLR": 5, "CVI": 24.494897427830001, "KELAS_CVI": 2, "KELAS_CV_1": "Sangat Rendah", "LAHAN": "Muara", "JENIS": "Natural", "SKOR_LAHAN": 4, "DELTA_D": -3.99, "D_MEAN": -3.85, "D_MEDIAN": 0.285, "TSS_MIN_MG": 14.9, "TSS_RATA_R": 37.3, "TSS_MEDIAN": 32.2, "TSS_MAKS_M": 126.7, "TSS_STDDEV": 16.4, "HS": 0.24203097, "MWP_MEAN_S": 3.6021, "MWD_CIRCUL": 28.17, "JARAK_MUAR": 19.716633507029201, "NAMA_SUNGA": "Kali Sibelis", "MUARA_ID": "M3", "RESPON": "Stabil", "TSS__BATAS": 30.4, "PROKSI_NER": "Relatif Seimbang" }, "geometry": { "type": "MultiLineString", "coordinates": [ [ [ 109.126720270049077, -6.848171015408014 ], [ 109.126691723600985, -6.848173199722669 ], [ 109.126555786163806, -6.848183598950348 ], [ 109.126345438127814, -6.848199691572433 ], [ 109.126290787527665, -6.848203872575261 ], [ 109.126279289137557, -6.848204752670084 ], [ 109.12627432932328, -6.848207252236672 ], [ 109.126248341963986, -6.848220348489817 ], [ 109.126230272904863, -6.848229454047489 ], [ 109.126218862251093, -6.848235204122012 ], [ 109.126192893921328, -6.848248291404231 ], [ 109.126098218733375, -6.848296003841725 ], [ 109.126077069725682, -6.848306661525943 ], [ 109.126072089969625, -6.848309170957529 ], [ 109.12605378070559, -6.848318398531649 ], [ 109.126039990748822, -6.848325348143629 ], [ 109.126013619973719, -6.848338637273248 ], [ 109.126010230041274, -6.848340345516153 ], [ 109.126001944646077, -6.848344521024337 ], [ 109.125980008880177, -6.84835557526021 ], [ 109.125978826027108, -6.848356171893484 ], [ 109.125968308173597, -6.848361471569111 ], [ 109.125968196685136, -6.848361528094491 ], [ 109.125965972382801, -6.848362648677889 ], [ 109.12596319698811, -6.848364047392294 ], [ 109.125911956423337, -6.848389870215641 ], [ 109.125905651511275, -6.84839304714932 ], [ 109.125905005248569, -6.848393372827942 ], [ 109.125899730909424, -6.848396031193877 ], [ 109.125896351852745, -6.848397734053405 ], [ 109.125890514640076, -6.848400675928936 ], [ 109.12578708449351, -6.848452799748451 ], [ 109.125505069095865, -6.848594921050386 ], [ 109.125379500057363, -6.848658202147309 ], [ 109.124944488560061, -6.848877426090257 ], [ 109.12480354422371, -6.848794202621089 ] ] ] } },
{ "type": "Feature", "properties": { "OBJECTID_1": 1083, "OBJECTID": 17, "ID": 0, "TAHUN": 2005, "DATE": "2005-01-01", "NAMA_TITIK": "T39", "ZONA": "SEL TIMUR", "SHAPE_LENG": 204.19154841299999, "TRANSECTID": 43, "TRANSORDER": 43, "SHORELINEI": "2005-01-01", "BASELINEID": 1, "DISTANCE": 365.67, "INTERSECTX": 297542.99599399994, "INTERSECTY": 9242747.11259, "UNCERTAINT": 10, "NAMA_TITI2": "T39", "D_TAHUN": 0.0, "LRR": -3.6, "SKOR_SHORE": 5, "RASTERVALU": 0.000339, "SKOR_SLOPE": 5, "RASTERVA_1": -2.9425, "SKOR_ELEV": 5, "GEOM_LAP": "Pasir_Halus", "SKOR_GEOM": 3, "KATEGORI": "Abrasi Tinggi", "GELOMBANG": 0.242030970313969, "PASUT": 0.944, "SLR": 4.69, "SKOR_GEL": 1, "SKOR_PASUT": 1, "SKOR_SLR": 5, "CVI": 21.650635094609999, "KELAS_CVI": 1, "KELAS_CV_1": "Sangat Rendah", "LAHAN": "Pantai", "JENIS": "Natural", "SKOR_LAHAN": 2, "DELTA_D": 8.03, "D_MEAN": 10.193333333333335, "D_MEDIAN": 5.165, "TSS_MIN_MG": 16.4, "TSS_RATA_R": 52.2, "TSS_MEDIAN": 39.0, "TSS_MAKS_M": 339.9, "TSS_STDDEV": 32.4, "HS": 0.24203097, "MWP_MEAN_S": 3.6021, "MWD_CIRCUL": 28.17, "JARAK_MUAR": 535.47677602736997, "NAMA_SUNGA": "Kali Ketiwon", "MUARA_ID": "M5", "RESPON": "Akresi", "TSS__BATAS": 30.4, "PROKSI_NER": "Surplus/Deposisi" }, "geometry": { "type": "MultiLineString", "coordinates": [ [ [ 109.167892269345032, -6.847285595700164 ], [ 109.167848813944744, -6.847243488357541 ], [ 109.16754420817, -6.846948327538091 ], [ 109.167517438623491, -6.846922387600432 ], [ 109.167220195979226, -6.846634361363016 ], [ 109.16711674748089, -6.846534119894061 ], [ 109.166768643237418, -6.846196809690702 ], [ 109.166539058297801, -6.846032869014045 ] ] ] } },
{ "type": "Feature", "properties": { "OBJECTID_1": 1097, "OBJECTID": 17, "ID": 0, "TAHUN": 2005, "DATE": "2005-01-01", "NAMA_TITIK": "T38", "ZONA": "SEL TIMUR", "SHAPE_LENG": 168.05176050599999, "TRANSECTID": 42, "TRANSORDER": 42, "SHORELINEI": "2005-01-01", "BASELINEID": 1, "DISTANCE": 405.34, "INTERSECTX": 297392.88070799998, "INTERSECTY": 9242885.0950300004, "UNCERTAINT": 10, "NAMA_TITI2": "T38", "D_TAHUN": 0.0, "LRR": -4.04, "SKOR_SHORE": 5, "RASTERVALU": 0.000344, "SKOR_SLOPE": 5, "RASTERVA_1": -2.94192, "SKOR_ELEV": 5, "GEOM_LAP": "Pasir_Halus", "SKOR_GEOM": 3, "KATEGORI": "Abrasi Tinggi", "GELOMBANG": 0.242030970313969, "PASUT": 0.944, "SLR": 4.69, "SKOR_GEL": 1, "SKOR_PASUT": 1, "SKOR_SLR": 5, "CVI": 21.650635094609999, "KELAS_CVI": 1, "KELAS_CV_1": "Sangat Rendah", "LAHAN": "Pantai", "JENIS": "Natural", "SKOR_LAHAN": 2, "DELTA_D": 8.89, "D_MEAN": 10.193333333333335, "D_MEDIAN": 5.165, "TSS_MIN_MG": 16.4, "TSS_RATA_R": 52.2, "TSS_MEDIAN": 39.0, "TSS_MAKS_M": 339.9, "TSS_STDDEV": 32.4, "HS": 0.24203097, "MWP_MEAN_S": 3.6021, "MWD_CIRCUL": 28.17, "JARAK_MUAR": 355.43647958132902, "NAMA_SUNGA": "Kali Ketiwon", "MUARA_ID": "M5", "RESPON": "Akresi", "TSS__BATAS": 30.4, "PROKSI_NER": "Surplus/Deposisi" }, "geometry": { "type": "MultiLineString", "coordinates": [ [ [ 109.166539058297801, -6.846032869014045 ], [ 109.166183129808374, -6.845778708655359 ], [ 109.166068001027867, -6.845696497354492 ], [ 109.166016050410491, -6.845659400861345 ], [ 109.165908158001471, -6.845582357227549 ], [ 109.165779721409436, -6.845490643142306 ], [ 109.165744225522175, -6.845465296434727 ], [ 109.165682087656833, -6.845420925149527 ], [ 109.165662111809169, -6.845406661033158 ], [ 109.165556308045595, -6.845331109026144 ], [ 109.165428676335821, -6.845239969374336 ], [ 109.16530209209634, -6.845149577812365 ] ] ] } },
{ "type": "Feature", "properties": { "OBJECTID_1": 1106, "OBJECTID": 17, "ID": 0, "TAHUN": 2005, "DATE": "2005-01-01", "NAMA_TITIK": "T37", "ZONA": "SEL TIMUR", "SHAPE_LENG": 200.239334509, "TRANSECTID": 41, "TRANSORDER": 41, "SHORELINEI": "2005-01-01", "BASELINEID": 1, "DISTANCE": 415.01, "INTERSECTX": 297255.770876, "INTERSECTY": 9242982.2660600003, "UNCERTAINT": 10, "NAMA_TITI2": "T37", "D_TAHUN": 0.0, "LRR": -4.54, "SKOR_SHORE": 5, "RASTERVALU": 0.000345, "SKOR_SLOPE": 5, "RASTERVA_1": -2.94128, "SKOR_ELEV": 5, "GEOM_LAP": "Pasir_Halus", "SKOR_GEOM": 3, "KATEGORI": "Abrasi Tinggi", "GELOMBANG": 0.242030970313969, "PASUT": 0.944, "SLR": 4.69, "SKOR_GEL": 1, "SKOR_PASUT": 1, "SKOR_SLR": 5, "CVI": 21.650635094609999, "KELAS_CVI": 1, "KELAS_CV_1": "Sangat Rendah", "LAHAN": "Pantai", "JENIS": "Natural", "SKOR_LAHAN": 2, "DELTA_D": 26.66, "D_MEAN": 10.193333333333335, "D_MEDIAN": 5.165, "TSS_MIN_MG": 16.4, "TSS_RATA_R": 52.2, "TSS_MEDIAN": 39.0, "TSS_MAKS_M": 339.9, "TSS_STDDEV": 32.4, "HS": 0.24203097, "MWP_MEAN_S": 3.6021, "MWD_CIRCUL": 28.17, "JARAK_MUAR": 155.29372815372599, "NAMA_SUNGA": "Kali Ketiwon", "MUARA_ID": "M5", "RESPON": "Akresi", "TSS__BATAS": 30.4, "PROKSI_NER": "Surplus/Deposisi" }, "geometry": { "type": "MultiLineString", "coordinates": [ [ [ 109.16530209209634, -6.845149577812365 ], [ 109.165120376396871, -6.845019818068854 ], [ 109.164798710250025, -6.844790122968417 ], [ 109.16463995770394, -6.844676759782578 ], [ 109.164552329342811, -6.844614185536403 ], [ 109.164547356598817, -6.844610634951406 ], [ 109.164478124336966, -6.844561197668437 ], [ 109.164442560035582, -6.844535801814663 ], [ 109.164435911779151, -6.844530158058729 ], [ 109.16436036710688, -6.844466028671008 ], [ 109.164116269959038, -6.844258814482085 ], [ 109.164088177434166, -6.844234967011371 ], [ 109.163867320976905, -6.844047481386081 ], [ 109.163867081120301, -6.84404727884525 ] ] ] } },
{ "type": "Feature", "properties": { "OBJECTID_1": 1122, "OBJECTID": 17, "ID": 0, "TAHUN": 2005, "DATE": "2005-01-01", "NAMA_TITIK": "T44", "ZONA": "SEL BARAT", "SHAPE_LENG": 101.53611399, "TRANSECTID": 5, "TRANSORDER": 5, "SHORELINEI": "2005-01-01", "BASELINEID": 1, "DISTANCE": 320.03, "INTERSECTX": 290221.86487400002, "INTERSECTY": 9243611.4834700003, "UNCERTAINT": 10, "NAMA_TITI2": "T44", "D_TAHUN": 0.0, "LRR": -2.33, "SKOR_SHORE": 5, "RASTERVALU": 0.013365, "SKOR_SLOPE": 5, "RASTERVA_1": -2.91714, "SKOR_ELEV": 5, "GEOM_LAP": "Aluvial", "SKOR_GEOM": 4, "KATEGORI": "Abrasi Tinggi", "GELOMBANG": 0.242030970313969, "PASUT": 0.944, "SLR": 4.69, "SKOR_GEL": 1, "SKOR_PASUT": 1, "SKOR_SLR": 5, "CVI": 35.355339059329999, "KELAS_CVI": 2, "KELAS_CV_1": "Rendah", "LAHAN": "Muara", "JENIS": "Natural", "SKOR_LAHAN": 4, "DELTA_D": -0.91000000000002501, "D_MEAN": -3.85, "D_MEDIAN": 0.285, "TSS_MIN_MG": 14.9, "TSS_RATA_R": 37.3, "TSS_MEDIAN": 32.2, "TSS_MAKS_M": 126.7, "TSS_STDDEV": 16.4, "HS": 0.24203097, "MWP_MEAN_S": 3.6021, "MWD_CIRCUL": 28.17, "JARAK_MUAR": 61.827697463302599, "NAMA_SUNGA": "KaliGangsa", "MUARA_ID": "M1", "RESPON": "Stabil", "TSS__BATAS": 30.4, "PROKSI_NER": "Relatif Seimbang" }, "geometry": { "type": "MultiLineString", "coordinates": [ [ [ 109.101695859807236, -6.839213801850056 ], [ 109.101616483190114, -6.839177166722285 ], [ 109.101545555402453, -6.839144430920093 ], [ 109.101519712344427, -6.839132503116906 ], [ 109.101506018350619, -6.839126182657713 ], [ 109.101298632857663, -6.839030465631188 ], [ 109.101251872306563, -6.839008884305469 ], [ 109.101008855144769, -6.838896721752466 ], [ 109.100987790472374, -6.838886999841763 ], [ 109.10096020568038, -6.838874267711947 ], [ 109.100861999313722, -6.838828941049235 ] ] ] } },
{ "type": "Feature", "properties": { "OBJECTID_1": 1123, "OBJECTID": 17, "ID": 0, "TAHUN": 2005, "DATE": "2005-01-01", "NAMA_TITIK": "T05", "ZONA": "SEL BARAT", "SHAPE_LENG": 201.447758437, "TRANSECTID": 6, "TRANSORDER": 6, "SHORELINEI": "2005-01-01", "BASELINEID": 1, "DISTANCE": 295.92, "INTERSECTX": 290405.08640099998, "INTERSECTY": 9243527.7512400001, "UNCERTAINT": 10, "NAMA_TITI2": "T05", "D_TAHUN": 0.0, "LRR": -1.47, "SKOR_SHORE": 4, "RASTERVALU": 6.15341, "SKOR_SLOPE": 3, "RASTERVA_1": -2.46219, "SKOR_ELEV": 5, "GEOM_LAP": "Pasir_Halus", "SKOR_GEOM": 3, "KATEGORI": "Abrasi Sedang", "GELOMBANG": 0.242030970313969, "PASUT": 0.944, "SLR": 4.69, "SKOR_GEL": 1, "SKOR_PASUT": 1, "SKOR_SLR": 5, "CVI": 21.213203435600001, "KELAS_CVI": 1, "KELAS_CV_1": "Sangat Rendah", "LAHAN": "Muara", "JENIS": "Natural", "SKOR_LAHAN": 4, "DELTA_D": -9.5, "D_MEAN": -3.85, "D_MEDIAN": 0.285, "TSS_MIN_MG": 14.9, "TSS_RATA_R": 37.3, "TSS_MEDIAN": 32.2, "TSS_MAKS_M": 126.7, "TSS_STDDEV": 16.4, "HS": 0.24203097, "MWP_MEAN_S": 3.6021, "MWD_CIRCUL": 28.17, "JARAK_MUAR": 4.2768385923696401, "NAMA_SUNGA": "KaliGangsa", "MUARA_ID": "M1", "RESPON": "Stabil", "TSS__BATAS": 30.4, "PROKSI_NER": "Relatif Seimbang" }, "geometry": { "type": "MultiLineString", "coordinates": [ [ [ 109.103350244741236, -6.839977363010267 ], [ 109.101695859807236, -6.839213801850056 ] ] ] } },
{ "type": "Feature", "properties": { "OBJECTID_1": 1124, "OBJECTID": 17, "ID": 0, "TAHUN": 2005, "DATE": "2005-01-01", "NAMA_TITIK": "T03", "ZONA": "SEL BARAT", "SHAPE_LENG": 200.11524946500001, "TRANSECTID": 3, "TRANSORDER": 3, "SHORELINEI": "2005-01-01", "BASELINEID": 1, "DISTANCE": 330.67, "INTERSECTX": 289959.518148, "INTERSECTY": 9243759.4383400008, "UNCERTAINT": 10, "NAMA_TITI2": "T03", "D_TAHUN": 0.0, "LRR": -3.26, "SKOR_SHORE": 5, "RASTERVALU": 6.99672, "SKOR_SLOPE": 3, "RASTERVA_1": -1.58426, "SKOR_ELEV": 5, "GEOM_LAP": "Pasir_Halus", "SKOR_GEOM": 3, "KATEGORI": "Abrasi Tinggi", "GELOMBANG": 0.242030970313969, "PASUT": 0.944, "SLR": 4.69, "SKOR_GEL": 1, "SKOR_PASUT": 1, "SKOR_SLR": 5, "CVI": 16.770509831249999, "KELAS_CVI": 1, "KELAS_CV_1": "Sangat Rendah", "LAHAN": "Pantai", "JENIS": "Natural", "SKOR_LAHAN": 2, "DELTA_D": 3.33, "D_MEAN": -3.85, "D_MEDIAN": 0.285, "TSS_MIN_MG": 14.9, "TSS_RATA_R": 37.3, "TSS_MEDIAN": 32.2, "TSS_MAKS_M": 126.7, "TSS_STDDEV": 16.4, "HS": 0.24203097, "MWP_MEAN_S": 3.6021, "MWD_CIRCUL": 28.17, "JARAK_MUAR": 387.64661320961198, "NAMA_SUNGA": "KaliGangsa", "MUARA_ID": "M1", "RESPON": "Stabil", "TSS__BATAS": 30.4, "PROKSI_NER": "Relatif Seimbang" }, "geometry": { "type": "MultiLineString", "coordinates": [ [ [ 109.099328034036375, -6.837866771758068 ], [ 109.098923448459189, -6.837597297090626 ], [ 109.098873746826797, -6.837564193688028 ], [ 109.098709196222387, -6.837454594190738 ], [ 109.098559002490816, -6.837354557240665 ], [ 109.098558580261653, -6.837354275296958 ], [ 109.098513967122827, -6.837324560705478 ], [ 109.09845000079477, -6.837281955629991 ], [ 109.098351593718476, -6.837216411793969 ], [ 109.098251880284991, -6.837149996641324 ], [ 109.098199279073526, -6.837114961397172 ], [ 109.098165965189722, -6.837092772076631 ], [ 109.098115235160591, -6.837058983761497 ], [ 109.098085180285594, -6.837035016261878 ], [ 109.098003882443706, -6.836970186423591 ], [ 109.097951832431676, -6.836928679876338 ], [ 109.097896600203939, -6.836884635558151 ], [ 109.097839478850787, -6.836839084748651 ] ] ] } },
{ "type": "Feature", "properties": { "OBJECTID_1": 1125, "OBJECTID": 17, "ID": 0, "TAHUN": 2005, "DATE": "2005-01-01", "NAMA_TITIK": "T04", "ZONA": "SEL BARAT", "SHAPE_LENG": 200.55685699599999, "TRANSECTID": 4, "TRANSORDER": 4, "SHORELINEI": "2005-01-01", "BASELINEID": 1, "DISTANCE": 339.74, "INTERSECTX": 290129.51530700002, "INTERSECTY": 9243653.6872300003, "UNCERTAINT": 10, "NAMA_TITI2": "T04", "D_TAHUN": 0.0, "LRR": -3.32, "SKOR_SHORE": 5, "RASTERVALU": 6.89058, "SKOR_SLOPE": 3, "RASTERVA_1": -2.22393, "SKOR_ELEV": 5, "GEOM_LAP": "Pasir_Halus", "SKOR_GEOM": 3, "KATEGORI": "Abrasi Tinggi", "GELOMBANG": 0.242030970313969, "PASUT": 0.944, "SLR": 4.69, "SKOR_GEL": 1, "SKOR_PASUT": 1, "SKOR_SLR": 5, "CVI": 16.770509831249999, "KELAS_CVI": 1, "KELAS_CV_1": "Sangat Rendah", "LAHAN": "Pantai", "JENIS": "Natural", "SKOR_LAHAN": 2, "DELTA_D": 1.11, "D_MEAN": -3.85, "D_MEDIAN": 0.285, "TSS_MIN_MG": 14.9, "TSS_RATA_R": 37.3, "TSS_MEDIAN": 32.2, "TSS_MAKS_M": 126.7, "TSS_STDDEV": 16.4, "HS": 0.24203097, "MWP_MEAN_S": 3.6021, "MWD_CIRCUL": 28.17, "JARAK_MUAR": 191.803552089433, "NAMA_SUNGA": "KaliGangsa", "MUARA_ID": "M1", "RESPON": "Stabil", "TSS__BATAS": 30.4, "PROKSI_NER": "Relatif Seimbang" }, "geometry": { "type": "MultiLineString", "coordinates": [ [ [ 109.100861999313722, -6.838828941049235 ], [ 109.100777221474317, -6.838789812647256 ], [ 109.100734106148025, -6.838769912860352 ], [ 109.100570918962987, -6.838694595114047 ], [ 109.100553940260255, -6.838683286317654 ], [ 109.100410588033938, -6.838587807271157 ], [ 109.10039071053869, -6.838574567590118 ], [ 109.100015508584548, -6.838324665177149 ], [ 109.099759426532728, -6.838154101652198 ], [ 109.099675658290693, -6.838098307912485 ], [ 109.099401539576291, -6.837915730580447 ], [ 109.099328034036375, -6.837866771758068 ] ] ] } },
{ "type": "Feature", "properties": { "OBJECTID_1": 1126, "OBJECTID": 17, "ID": 0, "TAHUN": 2005, "DATE": "2005-01-01", "NAMA_TITIK": "T02", "ZONA": "SEL BARAT", "SHAPE_LENG": 200.45834789200001, "TRANSECTID": 2, "TRANSORDER": 2, "SHORELINEI": "2005-01-01", "BASELINEID": 1, "DISTANCE": 330.41, "INTERSECTX": 289794.5116, "INTERSECTY": 9243872.4556200001, "UNCERTAINT": 10, "NAMA_TITI2": "T02", "D_TAHUN": 0.0, "LRR": -2.19, "SKOR_SHORE": 5, "RASTERVALU": 6.56471, "SKOR_SLOPE": 3, "RASTERVA_1": -1.78074, "SKOR_ELEV": 5, "GEOM_LAP": "Pasir_Halus", "SKOR_GEOM": 3, "KATEGORI": "Abrasi Tinggi", "GELOMBANG": 0.242030970313969, "PASUT": 0.944, "SLR": 4.69, "SKOR_GEL": 1, "SKOR_PASUT": 1, "SKOR_SLR": 5, "CVI": 16.770509831249999, "KELAS_CVI": 1, "KELAS_CV_1": "Sangat Rendah", "LAHAN": "Pantai", "JENIS": "Natural", "SKOR_LAHAN": 2, "DELTA_D": 6.76, "D_MEAN": -3.85, "D_MEDIAN": 0.285, "TSS_MIN_MG": 14.9, "TSS_RATA_R": 37.3, "TSS_MEDIAN": 32.2, "TSS_MAKS_M": 126.7, "TSS_STDDEV": 16.4, "HS": 0.24203097, "MWP_MEAN_S": 3.6021, "MWD_CIRCUL": 28.17, "JARAK_MUAR": 579.82548354246296, "NAMA_SUNGA": "KaliGangsa", "MUARA_ID": "M1", "RESPON": "Stabil", "TSS__BATAS": 30.4, "PROKSI_NER": "Relatif Seimbang" }, "geometry": { "type": "MultiLineString", "coordinates": [ [ [ 109.097839478850787, -6.836839084748651 ], [ 109.096422052209263, -6.835708771578162 ] ] ] } },
{ "type": "Feature", "properties": { "OBJECTID_1": 1128, "OBJECTID": 17, "ID": 0, "TAHUN": 2005, "DATE": "2005-01-01", "NAMA_TITIK": "T01", "ZONA": "SEL BARAT", "SHAPE_LENG": 97.580031702400007, "TRANSECTID": 1, "TRANSORDER": 1, "SHORELINEI": "2005-01-01", "BASELINEID": 1, "DISTANCE": 343.96, "INTERSECTX": 289637.32244700001, "INTERSECTY": 9243996.8547799997, "UNCERTAINT": 10, "NAMA_TITI2": "T01", "D_TAHUN": 0.0, "LRR": -0.96, "SKOR_SHORE": 3, "RASTERVALU": 0.111227, "SKOR_SLOPE": 5, "RASTERVA_1": -2.91494, "SKOR_ELEV": 5, "GEOM_LAP": "Pasir_Halus", "SKOR_GEOM": 3, "KATEGORI": "Stabil", "GELOMBANG": 0.242030970313969, "PASUT": 0.944, "SLR": 4.69, "SKOR_GEL": 1, "SKOR_PASUT": 1, "SKOR_SLR": 5, "CVI": 16.770509831249999, "KELAS_CVI": 1, "KELAS_CV_1": "Rendah", "LAHAN": "Pantai", "JENIS": "Natural", "SKOR_LAHAN": 2, "DELTA_D": 4.4, "D_MEAN": -3.85, "D_MEDIAN": 0.285, "TSS_MIN_MG": 14.9, "TSS_RATA_R": 37.3, "TSS_MEDIAN": 32.2, "TSS_MAKS_M": 126.7, "TSS_STDDEV": 16.4, "HS": 0.24203097, "MWP_MEAN_S": 3.6021, "MWD_CIRCUL": 28.17, "JARAK_MUAR": 778.10088489128304, "NAMA_SUNGA": "KaliGangsa", "MUARA_ID": "M1", "RESPON": "Stabil", "TSS__BATAS": 30.4, "PROKSI_NER": "Relatif Seimbang" }, "geometry": { "type": "MultiLineString", "coordinates": [ [ [ 109.096422052209263, -6.835708771578162 ], [ 109.096196242587837, -6.835528700449174 ], [ 109.096101112746879, -6.835452839783876 ], [ 109.096062435741629, -6.835421996684252 ], [ 109.096041891625887, -6.835405614265512 ], [ 109.09573207361457, -6.835158551366681 ] ] ] } },
{ "type": "Feature", "properties": { "OBJECTID_1": 1129, "OBJECTID": 18, "ID": 0, "TAHUN": 2006, "DATE": "2006-01-01", "NAMA_TITIK": "T42", "ZONA": "SEL TIMUR", "SHAPE_LENG": 212.065277872, "TRANSECTID": 46, "TRANSORDER": 46, "SHORELINEI": "2006", "BASELINEID": 1, "DISTANCE": 294.02, "INTERSECTX": 298025.78247699997, "INTERSECTY": 9242365.6032200009, "UNCERTAINT": 10, "NAMA_TITI2": "T42", "D_TAHUN": 0.0, "LRR": -1.48, "SKOR_SHORE": 4, "RASTERVALU": 10.6361, "SKOR_SLOPE": 2, "RASTERVA_1": -1.41562, "SKOR_ELEV": 5, "GEOM_LAP": "Tambak", "SKOR_GEOM": 5, "KATEGORI": "Abrasi Sedang", "GELOMBANG": 0.29514835336628997, "PASUT": 0.816, "SLR": 4.69, "SKOR_GEL": 5, "SKOR_PASUT": 5, "SKOR_SLR": 5, "CVI": 96.824583655189997, "KELAS_CVI": 5, "KELAS_CV_1": "Sangat Tinggi", "LAHAN": "Tambak", "JENIS": "Natural", "SKOR_LAHAN": 3, "DELTA_D": 8.48, "D_MEAN": 1.732777777777774, "D_MEDIAN": -3.56, "TSS_MIN_MG": 15.6, "TSS_RATA_R": 70.4, "TSS_MEDIAN": 61.0, "TSS_MAKS_M": 452.8, "TSS_STDDEV": 36.9, "HS": 0.267843346, "MWP_MEAN_S": 3.6988, "MWD_CIRCUL": 34.74, "JARAK_MUAR": 1130.0451134499999, "NAMA_SUNGA": "Kali Ketiwon", "MUARA_ID": "M5", "RESPON": "Abrasi", "TSS__BATAS": 30.4, "PROKSI_NER": "Bypass/Export" }, "geometry": { "type": "MultiLineString", "coordinates": [ [ [ 109.172253819064665, -6.850736201437878 ], [ 109.172142465740663, -6.850648275778577 ], [ 109.171846414272409, -6.850414507467052 ], [ 109.17178496307919, -6.850365984700326 ], [ 109.17168053675725, -6.850283528328788 ], [ 109.171406127542113, -6.850066849304092 ], [ 109.171291509572768, -6.84997634421566 ], [ 109.170892643791262, -6.849661391967867 ], [ 109.170748505968263, -6.849547577522973 ] ] ] } },
{ "type": "Feature", "properties": { "OBJECTID_1": 1142, "OBJECTID": 18, "ID": 0, "TAHUN": 2006, "DATE": "2006-01-01", "NAMA_TITIK": "T41", "ZONA": "SEL TIMUR", "SHAPE_LENG": 201.38482697800001, "TRANSECTID": 45, "TRANSORDER": 45, "SHORELINEI": "2006-01-01", "BASELINEID": 1, "DISTANCE": 317.94, "INTERSECTX": 297859.68195100006, "INTERSECTY": 9242498.1384399999, "UNCERTAINT": 10, "NAMA_TITI2": "T41", "D_TAHUN": 0.0, "LRR": -2.12, "SKOR_SHORE": 5, "RASTERVALU": 9.05717, "SKOR_SLOPE": 2, "RASTERVA_1": -1.62402, "SKOR_ELEV": 5, "GEOM_LAP": "Tambak", "SKOR_GEOM": 5, "KATEGORI": "Abrasi Tinggi", "GELOMBANG": 0.26784334638539398, "PASUT": 0.921, "SLR": 4.69, "SKOR_GEL": 3, "SKOR_PASUT": 2, "SKOR_SLR": 5, "CVI": 53.03300858899, "KELAS_CVI": 4, "KELAS_CV_1": "Tinggi", "LAHAN": "Tambak", "JENIS": "Natural", "SKOR_LAHAN": 3, "DELTA_D": 32.4, "D_MEAN": 1.732777777777774, "D_MEDIAN": -3.56, "TSS_MIN_MG": 15.6, "TSS_RATA_R": 70.4, "TSS_MEDIAN": 61.0, "TSS_MAKS_M": 452.8, "TSS_STDDEV": 36.9, "HS": 0.267843346, "MWP_MEAN_S": 3.6988, "MWD_CIRCUL": 34.74, "JARAK_MUAR": 936.29342666807304, "NAMA_SUNGA": "Kali Ketiwon", "MUARA_ID": "M5", "RESPON": "Abrasi", "TSS__BATAS": 30.4, "PROKSI_NER": "Bypass/Export" }, "geometry": { "type": "MultiLineString", "coordinates": [ [ [ 109.170748505968263, -6.849547577522973 ], [ 109.170472341594845, -6.849329512666347 ], [ 109.170436089597942, -6.849300886647735 ], [ 109.170372836660491, -6.84925094101216 ], [ 109.170340968933075, -6.849225777402173 ], [ 109.170312683654615, -6.849203442957893 ], [ 109.170085106372227, -6.849023742553915 ], [ 109.169992637479965, -6.848950727432918 ], [ 109.16964516599127, -6.848676354180102 ], [ 109.169319013654658, -6.848418814993504 ] ] ] } },
{ "type": "Feature", "properties": { "OBJECTID_1": 1154, "OBJECTID": 18, "ID": 0, "TAHUN": 2006, "DATE": "2006-01-01", "NAMA_TITIK": "T51", "ZONA": "SEL BARAT", "SHAPE_LENG": 225.95123217899999, "TRANSECTID": 20, "TRANSORDER": 20, "SHORELINEI": "2006-01-01", "BASELINEID": 1, "DISTANCE": 253.23, "INTERSECTX": 292991.009135, "INTERSECTY": 9242623.7889099997, "UNCERTAINT": 10, "NAMA_TITI2": "T51", "D_TAHUN": 0.0, "LRR": 0.72, "SKOR_SHORE": 3, "RASTERVALU": 2.59289, "SKOR_SLOPE": 4, "RASTERVA_1": -2.65623, "SKOR_ELEV": 5, "GEOM_LAP": "Aluvial", "SKOR_GEOM": 4, "KATEGORI": "Stabil", "GELOMBANG": 0.26784334638539398, "PASUT": 0.921, "SLR": 4.69, "SKOR_GEL": 3, "SKOR_PASUT": 2, "SKOR_SLR": 5, "CVI": 60.0, "KELAS_CVI": 4, "KELAS_CV_1": "Sedang", "LAHAN": "Muara", "JENIS": "Natural", "SKOR_LAHAN": 4, "DELTA_D": -7.91, "D_MEAN": 0.4035, "D_MEDIAN": 0.905, "TSS_MIN_MG": 13.6, "TSS_RATA_R": 42.5, "TSS_MEDIAN": 35.5, "TSS_MAKS_M": 148.3, "TSS_STDDEV": 21.7, "HS": 0.267843346, "MWP_MEAN_S": 3.6988, "MWD_CIRCUL": 34.74, "JARAK_MUAR": 19.716633507029201, "NAMA_SUNGA": "Kali Sibelis", "MUARA_ID": "M3", "RESPON": "Stabil", "TSS__BATAS": 30.4, "PROKSI_NER": "Relatif Seimbang" }, "geometry": { "type": "MultiLineString", "coordinates": [ [ [ 109.126710136881741, -6.84824186778769 ], [ 109.126710076276908, -6.848241866647316 ], [ 109.126697709017307, -6.848241699096014 ], [ 109.126696223716465, -6.848241678840389 ], [ 109.126694535791728, -6.848241655986678 ], [ 109.126671267580548, -6.84824134016052 ], [ 109.12657713458043, -6.848240063670691 ], [ 109.126319062168349, -6.848236563103073 ], [ 109.126259340768755, -6.848235753429795 ], [ 109.126218862251093, -6.848235204122012 ], [ 109.12614361665824, -6.848234183821503 ], [ 109.126062363835459, -6.848233081317422 ], [ 109.126006014882734, -6.848291821655908 ], [ 109.126004955793178, -6.848292925084122 ], [ 109.125996835480919, -6.848301390423985 ], [ 109.125987905864321, -6.848310698872536 ], [ 109.125984026464934, -6.848314742380028 ], [ 109.125965843871967, -6.848333696159392 ], [ 109.125964629459943, -6.848334961724994 ], [ 109.125959912593345, -6.848339878971581 ], [ 109.125947679440202, -6.848352631925906 ], [ 109.125947406039614, -6.848352916564525 ], [ 109.125940847117917, -6.848359753326439 ], [ 109.125940219471801, -6.848360408180656 ], [ 109.125939733526025, -6.848360914406146 ], [ 109.125936924116814, -6.848363842773884 ], [ 109.125911956423337, -6.848389870215641 ], [ 109.12590883909354, -6.848393120156379 ], [ 109.125908603841495, -6.848393365162035 ], [ 109.125905611862095, -6.848396483588743 ], [ 109.125903855185584, -6.84839831483244 ], [ 109.125901355508915, -6.848400920729536 ], [ 109.125841691173974, -6.848463117251397 ], [ 109.125727043907958, -6.848582629043905 ], [ 109.125683024319926, -6.848628516394013 ], [ 109.125608490018564, -6.848614444956467 ], [ 109.125505069095865, -6.848594921050386 ], [ 109.124849736396428, -6.848471204890568 ] ] ] } },
{ "type": "Feature", "properties": { "OBJECTID_1": 1170, "OBJECTID": 18, "ID": 0, "TAHUN": 2006, "DATE": "2006-01-01", "NAMA_TITIK": "T40", "ZONA": "SEL TIMUR", "SHAPE_LENG": 201.38474827900001, "TRANSECTID": 44, "TRANSORDER": 44, "SHORELINEI": "2006-01-01", "BASELINEID": 1, "DISTANCE": 341.52, "INTERSECTX": 297701.18843799998, "INTERSECTY": 9242622.3785999995, "UNCERTAINT": 10, "NAMA_TITI2": "T40", "D_TAHUN": 0.0, "LRR": -2.39, "SKOR_SHORE": 5, "RASTERVALU": 1.31742, "SKOR_SLOPE": 5, "RASTERVA_1": -2.87668, "SKOR_ELEV": 5, "GEOM_LAP": "Tambak", "SKOR_GEOM": 5, "KATEGORI": "Abrasi Tinggi", "GELOMBANG": 0.26784334638539398, "PASUT": 0.921, "SLR": 4.69, "SKOR_GEL": 3, "SKOR_PASUT": 2, "SKOR_SLR": 5, "CVI": 83.852549156240002, "KELAS_CVI": 5, "KELAS_CV_1": "Sangat Tinggi", "LAHAN": "Tambak", "JENIS": "Natural", "SKOR_LAHAN": 3, "DELTA_D": 44.1, "D_MEAN": 1.732777777777774, "D_MEDIAN": -3.56, "TSS_MIN_MG": 15.6, "TSS_RATA_R": 70.4, "TSS_MEDIAN": 61.0, "TSS_MAKS_M": 452.8, "TSS_STDDEV": 36.9, "HS": 0.267843346, "MWP_MEAN_S": 3.6988, "MWD_CIRCUL": 34.74, "JARAK_MUAR": 727.664323427044, "NAMA_SUNGA": "Kali Ketiwon", "MUARA_ID": "M5", "RESPON": "Abrasi", "TSS__BATAS": 30.4, "PROKSI_NER": "Bypass/Export" }, "geometry": { "type": "MultiLineString", "coordinates": [ [ [ 109.169319013654658, -6.848418814993504 ], [ 109.169287396778813, -6.848393849402064 ], [ 109.169286283806045, -6.848392970848787 ], [ 109.168934444271358, -6.848115147589297 ], [ 109.168801258553401, -6.848009980224473 ], [ 109.16875484483262, -6.847973329956677 ], [ 109.168675824000488, -6.847910932728356 ], [ 109.168240084220628, -6.847566858834494 ], [ 109.168059411028381, -6.847424194286344 ], [ 109.167929167773792, -6.847321349903163 ], [ 109.167889529397513, -6.847290049948899 ] ] ] } },
{ "type": "Feature", "properties": { "OBJECTID_1": 1171, "OBJECTID": 18, "ID": 0, "TAHUN": 2006, "DATE": "2006-01-01", "NAMA_TITIK": "T39", "ZONA": "SEL TIMUR", "SHAPE_LENG": 201.38474827600001, "TRANSECTID": 43, "TRANSORDER": 43, "SHORELINEI": "2006-01-01", "BASELINEID": 1, "DISTANCE": 365.09, "INTERSECTX": 297542.69492400001, "INTERSECTY": 9242746.6187699996, "UNCERTAINT": 10, "NAMA_TITI2": "T39", "D_TAHUN": 0.0, "LRR": -3.6, "SKOR_SHORE": 5, "RASTERVALU": 0.000339, "SKOR_SLOPE": 5, "RASTERVA_1": -2.9425, "SKOR_ELEV": 5, "GEOM_LAP": "Pasir_Halus", "SKOR_GEOM": 3, "KATEGORI": "Abrasi Tinggi", "GELOMBANG": 0.26784334638539398, "PASUT": 0.921, "SLR": 4.69, "SKOR_GEL": 3, "SKOR_PASUT": 2, "SKOR_SLR": 5, "CVI": 53.03300858899, "KELAS_CVI": 4, "KELAS_CV_1": "Tinggi", "LAHAN": "Pantai", "JENIS": "Natural", "SKOR_LAHAN": 2, "DELTA_D": -0.58000000000004104, "D_MEAN": 1.732777777777774, "D_MEDIAN": -3.56, "TSS_MIN_MG": 15.6, "TSS_RATA_R": 70.4, "TSS_MEDIAN": 61.0, "TSS_MAKS_M": 452.8, "TSS_STDDEV": 36.9, "HS": 0.267843346, "MWP_MEAN_S": 3.6988, "MWD_CIRCUL": 34.74, "JARAK_MUAR": 535.47677602736997, "NAMA_SUNGA": "Kali Ketiwon", "MUARA_ID": "M5", "RESPON": "Abrasi", "TSS__BATAS": 30.4, "PROKSI_NER": "Bypass/Export" }, "geometry": { "type": "MultiLineString", "coordinates": [ [ [ 109.167889529397513, -6.847290049948899 ], [ 109.167867951019815, -6.847273011272467 ], [ 109.167692676945492, -6.847134607684462 ], [ 109.167524604775096, -6.847001892395079 ], [ 109.167464447859544, -6.84695439049591 ], [ 109.167387882398543, -6.846893931957037 ], [ 109.166460052291427, -6.846161282387844 ] ] ] } },
{ "type": "Feature", "properties": { "OBJECTID_1": 1177, "OBJECTID": 18, "ID": 0, "TAHUN": 2006, "DATE": "2006-01-01", "NAMA_TITIK": "T38", "ZONA": "SEL TIMUR", "SHAPE_LENG": 169.47296414100001, "TRANSECTID": 42, "TRANSORDER": 42, "SHORELINEI": "2006-01-01", "BASELINEID": 1, "DISTANCE": 388.67, "INTERSECTX": 297384.20141099999, "INTERSECTY": 9242870.8589299992, "UNCERTAINT": 10, "NAMA_TITI2": "T38", "D_TAHUN": 0.0, "LRR": -4.04, "SKOR_SHORE": 5, "RASTERVALU": 0.000344, "SKOR_SLOPE": 5, "RASTERVA_1": -2.94192, "SKOR_ELEV": 5, "GEOM_LAP": "Pasir_Halus", "SKOR_GEOM": 3, "KATEGORI": "Abrasi Tinggi", "GELOMBANG": 0.26784334638539398, "PASUT": 0.921, "SLR": 4.69, "SKOR_GEL": 3, "SKOR_PASUT": 2, "SKOR_SLR": 5, "CVI": 53.03300858899, "KELAS_CVI": 4, "KELAS_CV_1": "Tinggi", "LAHAN": "Pantai", "JENIS": "Natural", "SKOR_LAHAN": 2, "DELTA_D": -16.67, "D_MEAN": 1.732777777777774, "D_MEDIAN": -3.56, "TSS_MIN_MG": 15.6, "TSS_RATA_R": 70.4, "TSS_MEDIAN": 61.0, "TSS_MAKS_M": 452.8, "TSS_STDDEV": 36.9, "HS": 0.267843346, "MWP_MEAN_S": 3.6988, "MWD_CIRCUL": 34.74, "JARAK_MUAR": 355.43647958132902, "NAMA_SUNGA": "Kali Ketiwon", "MUARA_ID": "M5", "RESPON": "Abrasi", "TSS__BATAS": 30.4, "PROKSI_NER": "Bypass/Export" }, "geometry": { "type": "MultiLineString", "coordinates": [ [ [ 109.166460052291427, -6.846161282387844 ], [ 109.166430499307054, -6.846137946599344 ], [ 109.166398439010834, -6.846112630201383 ], [ 109.165986744053612, -6.845787539896315 ], [ 109.165683115696098, -6.845547782065914 ], [ 109.165486102416338, -6.845392212066704 ], [ 109.165450906283581, -6.845364419860436 ], [ 109.165311857974828, -6.845254621101441 ], [ 109.165257097647824, -6.845211380087249 ] ] ] } },
{ "type": "Feature", "properties": { "OBJECTID_1": 1188, "OBJECTID": 18, "ID": 0, "TAHUN": 2006, "DATE": "2006-01-01", "NAMA_TITIK": "T37", "ZONA": "SEL TIMUR", "SHAPE_LENG": 200.243899449, "TRANSECTID": 41, "TRANSORDER": 41, "SHORELINEI": "2006-01-01", "BASELINEID": 1, "DISTANCE": 406.55, "INTERSECTX": 297250.82318900002, "INTERSECTY": 9242975.4116799999, "UNCERTAINT": 10, "NAMA_TITI2": "T37", "D_TAHUN": 0.0, "LRR": -4.54, "SKOR_SHORE": 5, "RASTERVALU": 0.000345, "SKOR_SLOPE": 5, "RASTERVA_1": -2.94128, "SKOR_ELEV": 5, "GEOM_LAP": "Pasir_Halus", "SKOR_GEOM": 3, "KATEGORI": "Abrasi Tinggi", "GELOMBANG": 0.26784334638539398, "PASUT": 0.921, "SLR": 4.69, "SKOR_GEL": 3, "SKOR_PASUT": 2, "SKOR_SLR": 5, "CVI": 53.03300858899, "KELAS_CVI": 4, "KELAS_CV_1": "Tinggi", "LAHAN": "Pantai", "JENIS": "Natural", "SKOR_LAHAN": 2, "DELTA_D": -8.46, "D_MEAN": 1.732777777777774, "D_MEDIAN": -3.56, "TSS_MIN_MG": 15.6, "TSS_RATA_R": 70.4, "TSS_MEDIAN": 61.0, "TSS_MAKS_M": 452.8, "TSS_STDDEV": 36.9, "HS": 0.267843346, "MWP_MEAN_S": 3.6988, "MWD_CIRCUL": 34.74, "JARAK_MUAR": 155.29372815372599, "NAMA_SUNGA": "Kali Ketiwon", "MUARA_ID": "M5", "RESPON": "Abrasi", "TSS__BATAS": 30.4, "PROKSI_NER": "Bypass/Export" }, "geometry": { "type": "MultiLineString", "coordinates": [ [ [ 109.165257097647824, -6.845211380087249 ], [ 109.16525696957909, -6.845211278333892 ], [ 109.165238158457328, -6.845196424624222 ], [ 109.164722045004083, -6.844788878287177 ], [ 109.164660798269992, -6.844740515790038 ], [ 109.164660179562418, -6.844740026996621 ], [ 109.164601617824786, -6.844693783217542 ], [ 109.164486538100377, -6.844602911023805 ], [ 109.164394650949177, -6.844530352265907 ], [ 109.164326772571982, -6.84447675201292 ], [ 109.164273844205297, -6.844434957329337 ], [ 109.16421092430123, -6.844382493523245 ], [ 109.164203751747493, -6.844376513228899 ], [ 109.164197018348673, -6.844370898982798 ], [ 109.164146116133921, -6.844328456518773 ], [ 109.164130807959964, -6.844315692080984 ], [ 109.163845102709502, -6.84407746670681 ] ] ] } },
{ "type": "Feature", "properties": { "OBJECTID_1": 1195, "OBJECTID": 18, "ID": 0, "TAHUN": 2006, "DATE": "2006-01-01", "NAMA_TITIK": "T05", "ZONA": "SEL BARAT", "SHAPE_LENG": 219.45103324300001, "TRANSECTID": 6, "TRANSORDER": 6, "SHORELINEI": "2006-01-01", "BASELINEID": 1, "DISTANCE": 301.0, "INTERSECTX": 290406.62868999998, "INTERSECTY": 9243532.5876499992, "UNCERTAINT": 10, "NAMA_TITI2": "T05", "D_TAHUN": 0.0, "LRR": -1.47, "SKOR_SHORE": 4, "RASTERVALU": 6.15341, "SKOR_SLOPE": 3, "RASTERVA_1": -2.46219, "SKOR_ELEV": 5, "GEOM_LAP": "Pasir_Halus", "SKOR_GEOM": 3, "KATEGORI": "Abrasi Sedang", "GELOMBANG": 0.26784334638539398, "PASUT": 0.921, "SLR": 4.69, "SKOR_GEL": 3, "SKOR_PASUT": 2, "SKOR_SLR": 5, "CVI": 51.961524227070001, "KELAS_CVI": 4, "KELAS_CV_1": "Tinggi", "LAHAN": "Muara", "JENIS": "Natural", "SKOR_LAHAN": 4, "DELTA_D": 5.08, "D_MEAN": 0.4035, "D_MEDIAN": 0.905, "TSS_MIN_MG": 13.6, "TSS_RATA_R": 42.5, "TSS_MEDIAN": 35.5, "TSS_MAKS_M": 148.3, "TSS_STDDEV": 21.7, "HS": 0.267843346, "MWP_MEAN_S": 3.6988, "MWD_CIRCUL": 34.74, "JARAK_MUAR": 4.2768385923696401, "NAMA_SUNGA": "KaliGangsa", "MUARA_ID": "M1", "RESPON": "Stabil", "TSS__BATAS": 30.4, "PROKSI_NER": "Relatif Seimbang" }, "geometry": { "type": "MultiLineString", "coordinates": [ [ [ 109.10336436853666, -6.839933691932989 ], [ 109.103337321228096, -6.83992890469973 ], [ 109.103305637521814, -6.839923297236419 ], [ 109.103265706108289, -6.839916230561157 ], [ 109.103236377212568, -6.839911040133433 ], [ 109.103187988379887, -6.839902476346155 ], [ 109.103148354377623, -6.839895461465112 ], [ 109.103034505499792, -6.839875311911725 ], [ 109.1029105395518, -6.839853372074 ], [ 109.102794107198875, -6.83983276564918 ], [ 109.102701739996803, -6.839816418455683 ], [ 109.102630880645805, -6.839803877404482 ], [ 109.102258603391576, -6.839737990929017 ], [ 109.102146684588533, -6.839718183320866 ], [ 109.102105194395165, -6.839655274849371 ], [ 109.10206803657556, -6.839598935601945 ], [ 109.102041333814995, -6.839558446983595 ], [ 109.102036016819667, -6.839550385698305 ], [ 109.102035785722279, -6.839550035797572 ], [ 109.102016688423745, -6.839521081163249 ], [ 109.101996567838185, -6.839490573739987 ], [ 109.101987834769218, -6.839477332855331 ], [ 109.101981759750544, -6.839468121255408 ], [ 109.101980238298282, -6.839465814276259 ], [ 109.101890770246783, -6.839330160257686 ], [ 109.101867560016885, -6.839294967265206 ], [ 109.101865740025303, -6.839292208858114 ], [ 109.101863272614864, -6.839288466930273 ], [ 109.101849905059808, -6.839268199049059 ], [ 109.101847500591262, -6.839264553205886 ], [ 109.101846877445965, -6.839263607753816 ], [ 109.101844212204355, -6.839259567591101 ], [ 109.101843035151774, -6.839257781837653 ], [ 109.101837832364723, -6.839249892784617 ], [ 109.101831106328376, -6.839239694032885 ], [ 109.101826920537007, -6.83923334779859 ], [ 109.101810387792952, -6.839208280132259 ], [ 109.101772427943274, -6.839150725295308 ], [ 109.101734740562591, -6.839093582905719 ] ] ] } },
{ "type": "Feature", "properties": { "OBJECTID_1": 1196, "OBJECTID": 18, "ID": 0, "TAHUN": 2006, "DATE": "2006-01-01", "NAMA_TITIK": "T03", "ZONA": "SEL BARAT", "SHAPE_LENG": 204.79644586200001, "TRANSECTID": 3, "TRANSORDER": 3, "SHORELINEI": "2006-01-01", "BASELINEID": 1, "DISTANCE": 323.72, "INTERSECTX": 289955.58545900002, "INTERSECTY": 9243753.7124700006, "UNCERTAINT": 10, "NAMA_TITI2": "T03", "D_TAHUN": 0.0, "LRR": -3.26, "SKOR_SHORE": 5, "RASTERVALU": 6.99672, "SKOR_SLOPE": 3, "RASTERVA_1": -1.58426, "SKOR_ELEV": 5, "GEOM_LAP": "Pasir_Halus", "SKOR_GEOM": 3, "KATEGORI": "Abrasi Tinggi", "GELOMBANG": 0.26784334638539398, "PASUT": 0.921, "SLR": 4.69, "SKOR_GEL": 3, "SKOR_PASUT": 2, "SKOR_SLR": 5, "CVI": 41.079191812890002, "KELAS_CVI": 3, "KELAS_CV_1": "Sedang", "LAHAN": "Pantai", "JENIS": "Natural", "SKOR_LAHAN": 2, "DELTA_D": -6.95, "D_MEAN": 0.4035, "D_MEDIAN": 0.905, "TSS_MIN_MG": 13.6, "TSS_RATA_R": 42.5, "TSS_MEDIAN": 35.5, "TSS_MAKS_M": 148.3, "TSS_STDDEV": 21.7, "HS": 0.267843346, "MWP_MEAN_S": 3.6988, "MWD_CIRCUL": 34.74, "JARAK_MUAR": 387.64661320961198, "NAMA_SUNGA": "KaliGangsa", "MUARA_ID": "M1", "RESPON": "Stabil", "TSS__BATAS": 30.4, "PROKSI_NER": "Relatif Seimbang" }, "geometry": { "type": "MultiLineString", "coordinates": [ [ [ 109.099292255417552, -6.837918399229237 ], [ 109.099291967389107, -6.837918264282657 ], [ 109.099223446616875, -6.837886110944642 ], [ 109.099219923899113, -6.837884349376879 ], [ 109.099116152676501, -6.837832463722283 ], [ 109.099009374258344, -6.837779075287334 ], [ 109.098987356827905, -6.837768066609792 ], [ 109.098852966387284, -6.837700871739263 ], [ 109.09875719855728, -6.837652987611794 ], [ 109.098684457488957, -6.837616617025846 ], [ 109.098654197451424, -6.837580235229932 ], [ 109.098643279497878, -6.837567107742773 ], [ 109.098562123636569, -6.837469533265339 ], [ 109.098506652488595, -6.837402839952643 ], [ 109.098481391848367, -6.837372468570937 ], [ 109.098462322580332, -6.837349540818343 ], [ 109.098434460074373, -6.837316041767327 ], [ 109.09842741342176, -6.83730756949198 ], [ 109.09836342816898, -6.837230639596201 ], [ 109.098351593718476, -6.837216411793969 ], [ 109.098302012390775, -6.837156799265167 ], [ 109.098300731263578, -6.837155259016048 ], [ 109.098297925030124, -6.837151884620554 ], [ 109.098288583518396, -6.83714065295943 ], [ 109.098282538905053, -6.837133385307186 ], [ 109.09826518832395, -6.83711252482047 ], [ 109.098236556991367, -6.837078100530179 ], [ 109.098197512794727, -6.837031157405191 ], [ 109.098177914173931, -6.837007593772235 ], [ 109.098143801831256, -6.836966579427937 ], [ 109.098135241785428, -6.836956287516576 ], [ 109.098119286682518, -6.836937104250385 ], [ 109.098051711131419, -6.83685585746984 ], [ 109.097902043912455, -6.836748806547858 ] ] ] } },
{ "type": "Feature", "properties": { "OBJECTID_1": 1199, "OBJECTID": 18, "ID": 0, "TAHUN": 2006, "DATE": "2006-01-01", "NAMA_TITIK": "T04", "ZONA": "SEL BARAT", "SHAPE_LENG": 202.816444168, "TRANSECTID": 4, "TRANSORDER": 4, "SHORELINEI": "2006-01-01", "BASELINEID": 1, "DISTANCE": 357.41, "INTERSECTX": 290139.51466400002, "INTERSECTY": 9243668.2459600009, "UNCERTAINT": 10, "NAMA_TITI2": "T04", "D_TAHUN": 0.0, "LRR": -3.32, "SKOR_SHORE": 5, "RASTERVALU": 6.89058, "SKOR_SLOPE": 3, "RASTERVA_1": -2.22393, "SKOR_ELEV": 5, "GEOM_LAP": "Pasir_Halus", "SKOR_GEOM": 3, "KATEGORI": "Abrasi Tinggi", "GELOMBANG": 0.26784334638539398, "PASUT": 0.921, "SLR": 4.69, "SKOR_GEL": 3, "SKOR_PASUT": 2, "SKOR_SLR": 5, "CVI": 41.079191812890002, "KELAS_CVI": 3, "KELAS_CV_1": "Sedang", "LAHAN": "Pantai", "JENIS": "Natural", "SKOR_LAHAN": 2, "DELTA_D": 17.67, "D_MEAN": 0.4035, "D_MEDIAN": 0.905, "TSS_MIN_MG": 13.6, "TSS_RATA_R": 42.5, "TSS_MEDIAN": 35.5, "TSS_MAKS_M": 148.3, "TSS_STDDEV": 21.7, "HS": 0.267843346, "MWP_MEAN_S": 3.6988, "MWD_CIRCUL": 34.74, "JARAK_MUAR": 191.803552089433, "NAMA_SUNGA": "KaliGangsa", "MUARA_ID": "M1", "RESPON": "Stabil", "TSS__BATAS": 30.4, "PROKSI_NER": "Relatif Seimbang" }, "geometry": { "type": "MultiLineString", "coordinates": [ [ [ 109.100952970970269, -6.838697671527451 ], [ 109.100526144138556, -6.838497388835457 ], [ 109.10047632243689, -6.838474010649759 ], [ 109.100474503074707, -6.83847315631179 ], [ 109.100185383105554, -6.838337490724218 ], [ 109.100154014213558, -6.838322770843027 ], [ 109.100120312202634, -6.83830695681065 ], [ 109.10001921973334, -6.838259520181152 ], [ 109.099915138658631, -6.838210681206266 ], [ 109.099747683328218, -6.838132105159207 ], [ 109.099703387520876, -6.838111320037163 ], [ 109.099675658290693, -6.838098307912485 ], [ 109.099567972891137, -6.838047777514828 ], [ 109.099352959727142, -6.837946884434909 ], [ 109.099292255417552, -6.837918399229237 ] ] ] } },
{ "type": "Feature", "properties": { "OBJECTID_1": 1200, "OBJECTID": 18, "ID": 0, "TAHUN": 2006, "DATE": "2006-01-01", "NAMA_TITIK": "T44", "ZONA": "SEL BARAT", "SHAPE_LENG": 97.660744201200004, "TRANSECTID": 5, "TRANSORDER": 5, "SHORELINEI": "2006-01-01", "BASELINEID": 1, "DISTANCE": 334.0, "INTERSECTX": 290226.11051099998, "INTERSECTY": 9243624.7972299997, "UNCERTAINT": 10, "NAMA_TITI2": "T44", "D_TAHUN": 0.0, "LRR": -2.33, "SKOR_SHORE": 5, "RASTERVALU": 0.013365, "SKOR_SLOPE": 5, "RASTERVA_1": -2.91714, "SKOR_ELEV": 5, "GEOM_LAP": "Aluvial", "SKOR_GEOM": 4, "KATEGORI": "Abrasi Tinggi", "GELOMBANG": 0.26784334638539398, "PASUT": 0.921, "SLR": 4.69, "SKOR_GEL": 3, "SKOR_PASUT": 2, "SKOR_SLR": 5, "CVI": 86.602540378439997, "KELAS_CVI": 5, "KELAS_CV_1": "Sangat Tinggi", "LAHAN": "Muara", "JENIS": "Natural", "SKOR_LAHAN": 4, "DELTA_D": 13.97, "D_MEAN": 0.4035, "D_MEDIAN": 0.905, "TSS_MIN_MG": 13.6, "TSS_RATA_R": 42.5, "TSS_MEDIAN": 35.5, "TSS_MAKS_M": 148.3, "TSS_STDDEV": 21.7, "HS": 0.267843346, "MWP_MEAN_S": 3.6988, "MWD_CIRCUL": 34.74, "JARAK_MUAR": 61.827697463302599, "NAMA_SUNGA": "KaliGangsa", "MUARA_ID": "M1", "RESPON": "Stabil", "TSS__BATAS": 30.4, "PROKSI_NER": "Relatif Seimbang" }, "geometry": { "type": "MultiLineString", "coordinates": [ [ [ 109.101734740562591, -6.839093582905719 ], [ 109.101733111202776, -6.839091113663793 ], [ 109.101729381311358, -6.839085458164815 ], [ 109.101706968695183, -6.839051474409025 ], [ 109.101403461766594, -6.838909058535539 ], [ 109.101353686911992, -6.838885702301613 ], [ 109.101352740659891, -6.838885258263428 ], [ 109.101299341520772, -6.838860201548319 ], [ 109.100952970970269, -6.838697671527451 ] ] ] } },
{ "type": "Feature", "properties": { "OBJECTID_1": 1201, "OBJECTID": 18, "ID": 0, "TAHUN": 2006, "DATE": "2006-01-01", "NAMA_TITIK": "T02", "ZONA": "SEL BARAT", "SHAPE_LENG": 200.02448301800001, "TRANSECTID": 2, "TRANSORDER": 2, "SHORELINEI": "2006-01-01", "BASELINEID": 1, "DISTANCE": 342.56, "INTERSECTX": 289801.38857000001, "INTERSECTY": 9243882.4682700001, "UNCERTAINT": 10, "NAMA_TITI2": "T02", "D_TAHUN": 0.0, "LRR": -2.19, "SKOR_SHORE": 5, "RASTERVALU": 6.56471, "SKOR_SLOPE": 3, "RASTERVA_1": -1.78074, "SKOR_ELEV": 5, "GEOM_LAP": "Pasir_Halus", "SKOR_GEOM": 3, "KATEGORI": "Abrasi Tinggi", "GELOMBANG": 0.26784334638539398, "PASUT": 0.921, "SLR": 4.69, "SKOR_GEL": 3, "SKOR_PASUT": 2, "SKOR_SLR": 5, "CVI": 41.079191812890002, "KELAS_CVI": 3, "KELAS_CV_1": "Sedang", "LAHAN": "Pantai", "JENIS": "Natural", "SKOR_LAHAN": 2, "DELTA_D": 12.15, "D_MEAN": 0.4035, "D_MEDIAN": 0.905, "TSS_MIN_MG": 13.6, "TSS_RATA_R": 42.5, "TSS_MEDIAN": 35.5, "TSS_MAKS_M": 148.3, "TSS_STDDEV": 21.7, "HS": 0.267843346, "MWP_MEAN_S": 3.6988, "MWD_CIRCUL": 34.74, "JARAK_MUAR": 579.82548354246296, "NAMA_SUNGA": "KaliGangsa", "MUARA_ID": "M1", "RESPON": "Stabil", "TSS__BATAS": 30.4, "PROKSI_NER": "Relatif Seimbang" }, "geometry": { "type": "MultiLineString", "coordinates": [ [ [ 109.097902043912455, -6.836748806547858 ], [ 109.097750299399394, -6.836640269160355 ], [ 109.097628884719825, -6.836553425591901 ], [ 109.097609174522091, -6.836539328494633 ], [ 109.097604167372097, -6.836535746494374 ], [ 109.097371841376471, -6.836369570601122 ], [ 109.097126756402545, -6.836194268703474 ], [ 109.097065791199114, -6.836150662770345 ], [ 109.097026843545208, -6.836122804937785 ], [ 109.096534657415461, -6.83577075895053 ], [ 109.096525589368071, -6.835764273146611 ], [ 109.096510739348119, -6.835753651666197 ], [ 109.096509570326177, -6.835752815259025 ], [ 109.096430643253484, -6.835696360411758 ] ] ] } },
{ "type": "Feature", "properties": { "OBJECTID_1": 1202, "OBJECTID": 18, "ID": 0, "TAHUN": 2006, "DATE": "2006-01-01", "NAMA_TITIK": "T01", "ZONA": "SEL BARAT", "SHAPE_LENG": 78.82320874, "TRANSECTID": 1, "TRANSORDER": 1, "SHORELINEI": "2006-01-01", "BASELINEID": 1, "DISTANCE": 345.63, "INTERSECTX": 289638.26746, "INTERSECTY": 9243998.2306900006, "UNCERTAINT": 10, "NAMA_TITI2": "T01", "D_TAHUN": 0.0, "LRR": -0.96, "SKOR_SHORE": 3, "RASTERVALU": 0.111227, "SKOR_SLOPE": 5, "RASTERVA_1": -2.91494, "SKOR_ELEV": 5, "GEOM_LAP": "Pasir_Halus", "SKOR_GEOM": 3, "KATEGORI": "Stabil", "GELOMBANG": 0.26784334638539398, "PASUT": 0.921, "SLR": 4.69, "SKOR_GEL": 3, "SKOR_PASUT": 1, "SKOR_SLR": 5, "CVI": 29.04737509656, "KELAS_CVI": 2, "KELAS_CV_1": "Sangat Rendah", "LAHAN": "Pantai", "JENIS": "Natural", "SKOR_LAHAN": 2, "DELTA_D": 1.67, "D_MEAN": 0.4035, "D_MEDIAN": 0.905, "TSS_MIN_MG": 13.6, "TSS_RATA_R": 42.5, "TSS_MEDIAN": 35.5, "TSS_MAKS_M": 148.3, "TSS_STDDEV": 21.7, "HS": 0.267843346, "MWP_MEAN_S": 3.6988, "MWD_CIRCUL": 34.74, "JARAK_MUAR": 778.10088489128304, "NAMA_SUNGA": "KaliGangsa", "MUARA_ID": "M1", "RESPON": "Stabil", "TSS__BATAS": 30.4, "PROKSI_NER": "Relatif Seimbang" }, "geometry": { "type": "MultiLineString", "coordinates": [ [ [ 109.096430643253484, -6.835696360411758 ], [ 109.096196242587837, -6.835528700449174 ], [ 109.095905677693551, -6.835320867312435 ], [ 109.09589957190353, -6.835316500705939 ], [ 109.095850813104889, -6.835281625157545 ] ] ] } },
{ "type": "Feature", "properties": { "OBJECTID_1": 1204, "OBJECTID": 19, "ID": 0, "TAHUN": 2007, "DATE": "2007-01-01", "NAMA_TITIK": "T42", "ZONA": "SEL TIMUR", "SHAPE_LENG": 207.12643125299999, "TRANSECTID": 46, "TRANSORDER": 46, "SHORELINEI": "2007", "BASELINEID": 1, "DISTANCE": 287.92, "INTERSECTX": 298022.41522700002, "INTERSECTY": 9242360.5132, "UNCERTAINT": 10, "NAMA_TITI2": "T42", "D_TAHUN": 0.0, "LRR": -1.48, "SKOR_SHORE": 4, "RASTERVALU": 10.6361, "SKOR_SLOPE": 2, "RASTERVA_1": -1.41562, "SKOR_ELEV": 5, "GEOM_LAP": "Tambak", "SKOR_GEOM": 5, "KATEGORI": "Abrasi Sedang", "GELOMBANG": 0.26819040670114402, "PASUT": 0.879, "SLR": 4.69, "SKOR_GEL": 4, "SKOR_PASUT": 3, "SKOR_SLR": 5, "CVI": 67.082039324990006, "KELAS_CVI": 4, "KELAS_CV_1": "Tinggi", "LAHAN": "Tambak", "JENIS": "Natural", "SKOR_LAHAN": 3, "DELTA_D": -6.1, "D_MEAN": -7.7216666666666658, "D_MEDIAN": -7.705, "TSS_MIN_MG": 21.3, "TSS_RATA_R": 55.9, "TSS_MEDIAN": 53.6, "TSS_MAKS_M": 152.2, "TSS_STDDEV": 23.5, "HS": 0.259567294, "MWP_MEAN_S": 3.621, "MWD_CIRCUL": 26.37, "JARAK_MUAR": 1130.0451134499999, "NAMA_SUNGA": "Kali Ketiwon", "MUARA_ID": "M5", "RESPON": "Abrasi", "TSS__BATAS": 30.4, "PROKSI_NER": "Bypass/Export" }, "geometry": { "type": "MultiLineString", "coordinates": [ [ [ 109.172176069985483, -6.850751740959404 ], [ 109.170767380614322, -6.849516897383376 ] ] ] } },
{ "type": "Feature", "properties": { "OBJECTID_1": 1217, "OBJECTID": 19, "ID": 0, "TAHUN": 2007, "DATE": "2007-01-01", "NAMA_TITIK": "T40", "ZONA": "SEL TIMUR", "SHAPE_LENG": 203.901489879, "TRANSECTID": 44, "TRANSORDER": 44, "SHORELINEI": "2007-01-01", "BASELINEID": 1, "DISTANCE": 297.19, "INTERSECTX": 297678.11077899998, "INTERSECTY": 9242584.5258000009, "UNCERTAINT": 10, "NAMA_TITI2": "T40", "D_TAHUN": 0.0, "LRR": -2.39, "SKOR_SHORE": 5, "RASTERVALU": 1.31742, "SKOR_SLOPE": 5, "RASTERVA_1": -2.87668, "SKOR_ELEV": 5, "GEOM_LAP": "Tambak", "SKOR_GEOM": 5, "KATEGORI": "Abrasi Tinggi", "GELOMBANG": 0.25956729405066498, "PASUT": 0.875, "SLR": 4.69, "SKOR_GEL": 3, "SKOR_PASUT": 3, "SKOR_SLR": 5, "CVI": 102.69797953222, "KELAS_CVI": 5, "KELAS_CV_1": "Sangat Tinggi", "LAHAN": "Tambak", "JENIS": "Natural", "SKOR_LAHAN": 3, "DELTA_D": -44.33, "D_MEAN": -7.7216666666666658, "D_MEDIAN": -7.705, "TSS_MIN_MG": 21.3, "TSS_RATA_R": 55.9, "TSS_MEDIAN": 53.6, "TSS_MAKS_M": 152.2, "TSS_STDDEV": 23.5, "HS": 0.259567294, "MWP_MEAN_S": 3.621, "MWD_CIRCUL": 26.37, "JARAK_MUAR": 727.664323427044, "NAMA_SUNGA": "Kali Ketiwon", "MUARA_ID": "M5", "RESPON": "Abrasi", "TSS__BATAS": 30.4, "PROKSI_NER": "Bypass/Export" }, "geometry": { "type": "MultiLineString", "coordinates": [ [ [ 109.16910894181872, -6.848760260100629 ], [ 109.169108614625983, -6.848759947826306 ], [ 109.168995927840399, -6.848652165093868 ], [ 109.16874171035731, -6.84840900983994 ], [ 109.168709879220316, -6.848378564251256 ], [ 109.168684000594155, -6.848353812174348 ], [ 109.168669688076022, -6.848340123049575 ], [ 109.16862615113817, -6.848298480158631 ], [ 109.1685042960641, -6.848181926529911 ], [ 109.168465634542898, -6.848144947734511 ], [ 109.168415908083261, -6.848097385282869 ], [ 109.168407593153248, -6.848089431431299 ], [ 109.168393861121089, -6.848076296950234 ], [ 109.168381547333581, -6.848065355917261 ], [ 109.168352439801353, -6.84803949479158 ], [ 109.168338462597688, -6.848027076366371 ], [ 109.168330238380051, -6.848019769327138 ], [ 109.168023103446558, -6.847746883559518 ], [ 109.167874978496627, -6.847615275979444 ], [ 109.167820604273473, -6.847566966129578 ], [ 109.167775605582634, -6.847526984878257 ], [ 109.167755013530169, -6.847508688665967 ] ] ] } },
{ "type": "Feature", "properties": { "OBJECTID_1": 1219, "OBJECTID": 19, "ID": 0, "TAHUN": 2007, "DATE": "2007-01-01", "NAMA_TITIK": "T41", "ZONA": "SEL TIMUR", "SHAPE_LENG": 211.633654573, "TRANSECTID": 45, "TRANSORDER": 45, "SHORELINEI": "2007-01-01", "BASELINEID": 1, "DISTANCE": 321.93, "INTERSECTX": 297861.75554899999, "INTERSECTY": 9242501.5396299995, "UNCERTAINT": 10, "NAMA_TITI2": "T41", "D_TAHUN": 0.0, "LRR": -2.12, "SKOR_SHORE": 5, "RASTERVALU": 9.05717, "SKOR_SLOPE": 2, "RASTERVA_1": -1.62402, "SKOR_ELEV": 5, "GEOM_LAP": "Tambak", "SKOR_GEOM": 5, "KATEGORI": "Abrasi Tinggi", "GELOMBANG": 0.25956729405066498, "PASUT": 0.875, "SLR": 4.69, "SKOR_GEL": 3, "SKOR_PASUT": 3, "SKOR_SLR": 5, "CVI": 64.951905283830001, "KELAS_CVI": 4, "KELAS_CV_1": "Tinggi", "LAHAN": "Tambak", "JENIS": "Natural", "SKOR_LAHAN": 3, "DELTA_D": 3.99, "D_MEAN": -7.7216666666666658, "D_MEDIAN": -7.705, "TSS_MIN_MG": 21.3, "TSS_RATA_R": 55.9, "TSS_MEDIAN": 53.6, "TSS_MAKS_M": 152.2, "TSS_STDDEV": 23.5, "HS": 0.259567294, "MWP_MEAN_S": 3.621, "MWD_CIRCUL": 26.37, "JARAK_MUAR": 936.29342666807304, "NAMA_SUNGA": "Kali Ketiwon", "MUARA_ID": "M5", "RESPON": "Abrasi", "TSS__BATAS": 30.4, "PROKSI_NER": "Bypass/Export" }, "geometry": { "type": "MultiLineString", "coordinates": [ [ [ 109.170767380614322, -6.849516897383376 ], [ 109.170767279637147, -6.849516807487997 ], [ 109.170742115181881, -6.849494748952187 ], [ 109.170222226762974, -6.849039017719313 ], [ 109.170202571865943, -6.849036828069545 ], [ 109.170192680214967, -6.849035726218781 ], [ 109.170085106372227, -6.849023742553915 ], [ 109.170061319936408, -6.849021092323561 ], [ 109.169997711906674, -6.849014005675316 ], [ 109.169918645639584, -6.849005196511776 ], [ 109.169916094737133, -6.849004911935236 ], [ 109.169898601917907, -6.849002963778555 ], [ 109.169890696015415, -6.84900208286397 ], [ 109.169886457770119, -6.849001611031068 ], [ 109.16981989645285, -6.848994195756389 ], [ 109.169774299388877, -6.848989116174473 ], [ 109.169728465414991, -6.848984009465794 ], [ 109.169725631478869, -6.848983693973332 ], [ 109.169562034574341, -6.848965468845834 ], [ 109.16955751149051, -6.848964965184107 ], [ 109.169519937894677, -6.848960778700947 ], [ 109.169399085146864, -6.848947314847734 ], [ 109.169397540680478, -6.848947142600565 ], [ 109.169292038573445, -6.848935389081277 ], [ 109.169290494559718, -6.848933912146255 ], [ 109.169199698792113, -6.848847067970968 ], [ 109.169193367706114, -6.848841012263057 ], [ 109.16910917706727, -6.848760486130369 ], [ 109.16910894181872, -6.848760260100629 ] ] ] } },
{ "type": "Feature", "properties": { "OBJECTID_1": 1227, "OBJECTID": 19, "ID": 0, "TAHUN": 2007, "DATE": "2007-01-01", "NAMA_TITIK": "T51", "ZONA": "SEL BARAT", "SHAPE_LENG": 214.74172939900001, "TRANSECTID": 20, "TRANSORDER": 20, "SHORELINEI": "2007-01-01", "BASELINEID": 1, "DISTANCE": 250.53, "INTERSECTX": 292990.63770999998, "INTERSECTY": 9242621.1158300005, "UNCERTAINT": 10, "NAMA_TITI2": "T51", "D_TAHUN": 0.0, "LRR": 0.72, "SKOR_SHORE": 3, "RASTERVALU": 2.59289, "SKOR_SLOPE": 4, "RASTERVA_1": -2.65623, "SKOR_ELEV": 5, "GEOM_LAP": "Aluvial", "SKOR_GEOM": 4, "KATEGORI": "Stabil", "GELOMBANG": 0.25956729405066498, "PASUT": 0.875, "SLR": 4.69, "SKOR_GEL": 3, "SKOR_PASUT": 3, "SKOR_SLR": 5, "CVI": 73.484692283499996, "KELAS_CVI": 4, "KELAS_CV_1": "Tinggi", "LAHAN": "Muara", "JENIS": "Natural", "SKOR_LAHAN": 4, "DELTA_D": -2.7, "D_MEAN": -5.0625, "D_MEDIAN": -4.095, "TSS_MIN_MG": 22.8, "TSS_RATA_R": 46.5, "TSS_MEDIAN": 42.8, "TSS_MAKS_M": 116.1, "TSS_STDDEV": 13.7, "HS": 0.259567294, "MWP_MEAN_S": 3.621, "MWD_CIRCUL": 26.37, "JARAK_MUAR": 19.716633507029201, "NAMA_SUNGA": "Kali Sibelis", "MUARA_ID": "M3", "RESPON": "Abrasi", "TSS__BATAS": 30.4, "PROKSI_NER": "Bypass/Export" }, "geometry": { "type": "MultiLineString", "coordinates": [ [ [ 109.12670668288267, -6.848266022605559 ], [ 109.126598177614213, -6.848309182298361 ], [ 109.126583590650199, -6.848314984193636 ], [ 109.126521876006564, -6.848339532125976 ], [ 109.126516756070387, -6.848341569060772 ], [ 109.12651433155385, -6.848342533356379 ], [ 109.126489661458976, -6.848352346439504 ], [ 109.126483459733478, -6.848354813138665 ], [ 109.126433726329751, -6.848374595085038 ], [ 109.126426429220885, -6.848377497823827 ], [ 109.126418778762968, -6.848380541133203 ], [ 109.126396203391678, -6.848389520632638 ], [ 109.126368640362898, -6.848400484235747 ], [ 109.126343166621524, -6.84841061695067 ], [ 109.126342460831594, -6.848410897191392 ], [ 109.126318678632629, -6.848420357498632 ], [ 109.126302059453607, -6.848426967888905 ], [ 109.126297448703824, -6.848428801568787 ], [ 109.126291647439402, -6.84843110889127 ], [ 109.126035745636258, -6.848499784182822 ], [ 109.125727043907958, -6.848582629043905 ], [ 109.125608490018564, -6.848614444956467 ], [ 109.125416777303371, -6.848665894321959 ], [ 109.125379500057363, -6.848658202147309 ], [ 109.124838944479194, -6.848546664734413 ] ] ] } },
{ "type": "Feature", "properties": { "OBJECTID_1": 1242, "OBJECTID": 19, "ID": 0, "TAHUN": 2007, "DATE": "2007-01-01", "NAMA_TITIK": "T39", "ZONA": "SEL TIMUR", "SHAPE_LENG": 203.11553251800001, "TRANSECTID": 43, "TRANSORDER": 43, "SHORELINEI": "2007-01-01", "BASELINEID": 1, "DISTANCE": 336.71, "INTERSECTX": 297527.91751100001, "INTERSECTY": 9242722.3803199995, "UNCERTAINT": 10, "NAMA_TITI2": "T39", "D_TAHUN": 0.0, "LRR": -3.6, "SKOR_SHORE": 5, "RASTERVALU": 0.000339, "SKOR_SLOPE": 5, "RASTERVA_1": -2.9425, "SKOR_ELEV": 5, "GEOM_LAP": "Pasir_Halus", "SKOR_GEOM": 3, "KATEGORI": "Abrasi Tinggi", "GELOMBANG": 0.25956729405066498, "PASUT": 0.875, "SLR": 4.69, "SKOR_GEL": 3, "SKOR_PASUT": 3, "SKOR_SLR": 5, "CVI": 64.951905283830001, "KELAS_CVI": 4, "KELAS_CV_1": "Tinggi", "LAHAN": "Pantai", "JENIS": "Natural", "SKOR_LAHAN": 2, "DELTA_D": -28.38, "D_MEAN": -7.7216666666666658, "D_MEDIAN": -7.705, "TSS_MIN_MG": 21.3, "TSS_RATA_R": 55.9, "TSS_MEDIAN": 53.6, "TSS_MAKS_M": 152.2, "TSS_STDDEV": 23.5, "HS": 0.259567294, "MWP_MEAN_S": 3.621, "MWD_CIRCUL": 26.37, "JARAK_MUAR": 535.47677602736997, "NAMA_SUNGA": "Kali Ketiwon", "MUARA_ID": "M5", "RESPON": "Abrasi", "TSS__BATAS": 30.4, "PROKSI_NER": "Bypass/Export" }, "geometry": { "type": "MultiLineString", "coordinates": [ [ [ 109.167755013530169, -6.847508688665967 ], [ 109.166381748065575, -6.84628855466489 ] ] ] } },
{ "type": "Feature", "properties": { "OBJECTID_1": 1255, "OBJECTID": 19, "ID": 0, "TAHUN": 2007, "DATE": "2007-01-01", "NAMA_TITIK": "T38", "ZONA": "SEL TIMUR", "SHAPE_LENG": 176.88244105499999, "TRANSECTID": 42, "TRANSORDER": 42, "SHORELINEI": "2007-01-01", "BASELINEID": 1, "DISTANCE": 372.14, "INTERSECTX": 297375.59926599992, "INTERSECTY": 9242856.7493799999, "UNCERTAINT": 10, "NAMA_TITI2": "T38", "D_TAHUN": 0.0, "LRR": -4.04, "SKOR_SHORE": 5, "RASTERVALU": 0.000344, "SKOR_SLOPE": 5, "RASTERVA_1": -2.94192, "SKOR_ELEV": 5, "GEOM_LAP": "Pasir_Halus", "SKOR_GEOM": 3, "KATEGORI": "Abrasi Tinggi", "GELOMBANG": 0.25956729405066498, "PASUT": 0.875, "SLR": 4.69, "SKOR_GEL": 3, "SKOR_PASUT": 3, "SKOR_SLR": 5, "CVI": 64.951905283830001, "KELAS_CVI": 4, "KELAS_CV_1": "Tinggi", "LAHAN": "Pantai", "JENIS": "Natural", "SKOR_LAHAN": 2, "DELTA_D": -16.53, "D_MEAN": -7.7216666666666658, "D_MEDIAN": -7.705, "TSS_MIN_MG": 21.3, "TSS_RATA_R": 55.9, "TSS_MEDIAN": 53.6, "TSS_MAKS_M": 152.2, "TSS_STDDEV": 23.5, "HS": 0.259567294, "MWP_MEAN_S": 3.621, "MWD_CIRCUL": 26.37, "JARAK_MUAR": 355.43647958132902, "NAMA_SUNGA": "Kali Ketiwon", "MUARA_ID": "M5", "RESPON": "Abrasi", "TSS__BATAS": 30.4, "PROKSI_NER": "Bypass/Export" }, "geometry": { "type": "MultiLineString", "coordinates": [ [ [ 109.166381748065575, -6.84628855466489 ], [ 109.166327598643193, -6.846240444492536 ], [ 109.166112137432279, -6.845954153812725 ], [ 109.165986744053612, -6.845787539896315 ], [ 109.165833680106502, -6.845584158070615 ], [ 109.165812159591823, -6.845555562728705 ], [ 109.165751944463466, -6.845475552711622 ], [ 109.165744225522175, -6.845465296434727 ], [ 109.165714394737449, -6.845425658661328 ], [ 109.165706827006744, -6.845415603682191 ], [ 109.165649144688587, -6.845338958620401 ], [ 109.165634737386597, -6.845319815262196 ], [ 109.165566573865007, -6.845229243386227 ], [ 109.165458194437093, -6.845163463530229 ], [ 109.165342920561002, -6.845093499170114 ] ] ] } },
{ "type": "Feature", "properties": { "OBJECTID_1": 1264, "OBJECTID": 19, "ID": 0, "TAHUN": 2007, "DATE": "2007-01-01", "NAMA_TITIK": "T37", "ZONA": "SEL TIMUR", "SHAPE_LENG": 202.48383627199999, "TRANSECTID": 41, "TRANSORDER": 41, "SHORELINEI": "2007-01-01", "BASELINEID": 1, "DISTANCE": 422.68, "INTERSECTX": 297260.26043800003, "INTERSECTY": 9242988.4857700001, "UNCERTAINT": 10, "NAMA_TITI2": "T37", "D_TAHUN": 0.0, "LRR": -4.54, "SKOR_SHORE": 5, "RASTERVALU": 0.000345, "SKOR_SLOPE": 5, "RASTERVA_1": -2.94128, "SKOR_ELEV": 5, "GEOM_LAP": "Pasir_Halus", "SKOR_GEOM": 3, "KATEGORI": "Abrasi Tinggi", "GELOMBANG": 0.25956729405066498, "PASUT": 0.875, "SLR": 4.69, "SKOR_GEL": 3, "SKOR_PASUT": 3, "SKOR_SLR": 5, "CVI": 64.951905283830001, "KELAS_CVI": 4, "KELAS_CV_1": "Tinggi", "LAHAN": "Pantai", "JENIS": "Natural", "SKOR_LAHAN": 2, "DELTA_D": 16.13, "D_MEAN": -7.7216666666666658, "D_MEDIAN": -7.705, "TSS_MIN_MG": 21.3, "TSS_RATA_R": 55.9, "TSS_MEDIAN": 53.6, "TSS_MAKS_M": 152.2, "TSS_STDDEV": 23.5, "HS": 0.259567294, "MWP_MEAN_S": 3.621, "MWD_CIRCUL": 26.37, "JARAK_MUAR": 155.29372815372599, "NAMA_SUNGA": "Kali Ketiwon", "MUARA_ID": "M5", "RESPON": "Abrasi", "TSS__BATAS": 30.4, "PROKSI_NER": "Bypass/Export" }, "geometry": { "type": "MultiLineString", "coordinates": [ [ [ 109.165342920561002, -6.845093499170114 ], [ 109.165270714885182, -6.845049674421871 ], [ 109.164908482747734, -6.844829819943219 ], [ 109.164650910786264, -6.844673486981726 ], [ 109.164635912453662, -6.84466438372919 ], [ 109.164551801584722, -6.844613332718284 ], [ 109.164547356598817, -6.844610634951406 ], [ 109.164479828928549, -6.844569648920661 ], [ 109.164384517639903, -6.844511800242808 ], [ 109.164326772571982, -6.84447675201292 ], [ 109.164245146453055, -6.844427209528376 ], [ 109.164203751747493, -6.844376513228899 ], [ 109.164201735721136, -6.844374044440926 ], [ 109.164088177434166, -6.844234967011371 ], [ 109.163902250385803, -6.844007258103913 ], [ 109.16389927452289, -6.844003613874794 ], [ 109.16389906112471, -6.844003352665376 ] ] ] } },
{ "type": "Feature", "properties": { "OBJECTID_1": 1276, "OBJECTID": 19, "ID": 0, "TAHUN": 2007, "DATE": "2007-01-01", "NAMA_TITIK": "T44", "ZONA": "SEL BARAT", "SHAPE_LENG": 104.847333198, "TRANSECTID": 5, "TRANSORDER": 5, "SHORELINEI": "2007-01-01", "BASELINEID": 1, "DISTANCE": 305.25, "INTERSECTX": 290217.37404800003, "INTERSECTY": 9243597.4008300006, "UNCERTAINT": 10, "NAMA_TITI2": "T44", "D_TAHUN": 0.0, "LRR": -2.33, "SKOR_SHORE": 5, "RASTERVALU": 0.013365, "SKOR_SLOPE": 5, "RASTERVA_1": -2.91714, "SKOR_ELEV": 5, "GEOM_LAP": "Aluvial", "SKOR_GEOM": 4, "KATEGORI": "Abrasi Tinggi", "GELOMBANG": 0.25956729405066498, "PASUT": 0.875, "SLR": 4.69, "SKOR_GEL": 3, "SKOR_PASUT": 3, "SKOR_SLR": 5, "CVI": 106.06601717798, "KELAS_CVI": 5, "KELAS_CV_1": "Sangat Tinggi", "LAHAN": "Muara", "JENIS": "Natural", "SKOR_LAHAN": 4, "DELTA_D": -28.75, "D_MEAN": -5.0625, "D_MEDIAN": -4.095, "TSS_MIN_MG": 22.8, "TSS_RATA_R": 46.5, "TSS_MEDIAN": 42.8, "TSS_MAKS_M": 116.1, "TSS_STDDEV": 13.7, "HS": 0.259567294, "MWP_MEAN_S": 3.621, "MWD_CIRCUL": 26.37, "JARAK_MUAR": 61.827697463302599, "NAMA_SUNGA": "KaliGangsa", "MUARA_ID": "M1", "RESPON": "Abrasi", "TSS__BATAS": 30.4, "PROKSI_NER": "Bypass/Export" }, "geometry": { "type": "MultiLineString", "coordinates": [ [ [ 109.101654734468227, -6.839340962781227 ], [ 109.101164880828279, -6.839071905170099 ], [ 109.101125794345464, -6.839050436388121 ], [ 109.101124026099825, -6.83904946471826 ], [ 109.101062893849473, -6.839015886901782 ], [ 109.101029873932106, -6.838997751120094 ], [ 109.1009600466884, -6.838959397795416 ], [ 109.100823548729267, -6.838884424115414 ] ] ] } },
{ "type": "Feature", "properties": { "OBJECTID_1": 1277, "OBJECTID": 19, "ID": 0, "TAHUN": 2007, "DATE": "2007-01-01", "NAMA_TITIK": "T05", "ZONA": "SEL BARAT", "SHAPE_LENG": 201.361047028, "TRANSECTID": 6, "TRANSORDER": 6, "SHORELINEI": "2007-01-01", "BASELINEID": 1, "DISTANCE": 298.81, "INTERSECTX": 290405.96338600002, "INTERSECTY": 9243530.50134, "UNCERTAINT": 10, "NAMA_TITI2": "T05", "D_TAHUN": 0.0, "LRR": -1.47, "SKOR_SHORE": 4, "RASTERVALU": 6.15341, "SKOR_SLOPE": 3, "RASTERVA_1": -2.46219, "SKOR_ELEV": 5, "GEOM_LAP": "Pasir_Halus", "SKOR_GEOM": 3, "KATEGORI": "Abrasi Sedang", "GELOMBANG": 0.25956729405066498, "PASUT": 0.875, "SLR": 4.69, "SKOR_GEL": 3, "SKOR_PASUT": 3, "SKOR_SLR": 5, "CVI": 63.639610306789997, "KELAS_CVI": 4, "KELAS_CV_1": "Tinggi", "LAHAN": "Muara", "JENIS": "Natural", "SKOR_LAHAN": 4, "DELTA_D": -2.19, "D_MEAN": -5.0625, "D_MEDIAN": -4.095, "TSS_MIN_MG": 22.8, "TSS_RATA_R": 46.5, "TSS_MEDIAN": 42.8, "TSS_MAKS_M": 116.1, "TSS_STDDEV": 13.7, "HS": 0.259567294, "MWP_MEAN_S": 3.621, "MWD_CIRCUL": 26.37, "JARAK_MUAR": 4.2768385923696401, "NAMA_SUNGA": "KaliGangsa", "MUARA_ID": "M1", "RESPON": "Abrasi", "TSS__BATAS": 30.4, "PROKSI_NER": "Bypass/Export" }, "geometry": { "type": "MultiLineString", "coordinates": [ [ [ 109.103358275972326, -6.83995253052591 ], [ 109.103322863129307, -6.839942903122117 ], [ 109.10324315306265, -6.839921233647565 ], [ 109.103207814323042, -6.839911626419224 ], [ 109.103148354377623, -6.839895461465112 ], [ 109.102968173661992, -6.839846477570269 ], [ 109.102580305345185, -6.83974103258332 ], [ 109.102430806244385, -6.839700389737945 ], [ 109.102371059929368, -6.839684146722371 ], [ 109.102189854745504, -6.839634883686438 ], [ 109.10205344298862, -6.839559957607532 ], [ 109.102036016819667, -6.839550385698305 ], [ 109.102034290087246, -6.839549437701593 ], [ 109.101949334585427, -6.839502774738905 ], [ 109.101867943582405, -6.839458070581955 ], [ 109.101853299325327, -6.839450026750008 ], [ 109.101771041820641, -6.839404846310197 ], [ 109.101679216471879, -6.839354409552811 ], [ 109.101655183977812, -6.839341209570234 ], [ 109.101654734468227, -6.839340962781227 ] ] ] } },
{ "type": "Feature", "properties": { "OBJECTID_1": 1279, "OBJECTID": 19, "ID": 0, "TAHUN": 2007, "DATE": "2007-01-01", "NAMA_TITIK": "T03", "ZONA": "SEL BARAT", "SHAPE_LENG": 204.49862794500001, "TRANSECTID": 3, "TRANSORDER": 3, "SHORELINEI": "2007-01-01", "BASELINEID": 1, "DISTANCE": 316.18, "INTERSECTX": 289951.31145699997, "INTERSECTY": 9243747.4896699991, "UNCERTAINT": 10, "NAMA_TITI2": "T03", "D_TAHUN": 0.0, "LRR": -3.26, "SKOR_SHORE": 5, "RASTERVALU": 6.99672, "SKOR_SLOPE": 3, "RASTERVA_1": -1.58426, "SKOR_ELEV": 5, "GEOM_LAP": "Pasir_Halus", "SKOR_GEOM": 3, "KATEGORI": "Abrasi Tinggi", "GELOMBANG": 0.25956729405066498, "PASUT": 0.875, "SLR": 4.69, "SKOR_GEL": 3, "SKOR_PASUT": 3, "SKOR_SLR": 5, "CVI": 50.311529493750001, "KELAS_CVI": 4, "KELAS_CV_1": "Tinggi", "LAHAN": "Pantai", "JENIS": "Natural", "SKOR_LAHAN": 2, "DELTA_D": -7.54, "D_MEAN": -5.0625, "D_MEDIAN": -4.095, "TSS_MIN_MG": 22.8, "TSS_RATA_R": 46.5, "TSS_MEDIAN": 42.8, "TSS_MAKS_M": 116.1, "TSS_STDDEV": 13.7, "HS": 0.259567294, "MWP_MEAN_S": 3.621, "MWD_CIRCUL": 26.37, "JARAK_MUAR": 387.64661320961198, "NAMA_SUNGA": "KaliGangsa", "MUARA_ID": "M1", "RESPON": "Abrasi", "TSS__BATAS": 30.4, "PROKSI_NER": "Bypass/Export" }, "geometry": { "type": "MultiLineString", "coordinates": [ [ [ 109.099253371736765, -6.837974506983927 ], [ 109.099253187769449, -6.83797436340712 ], [ 109.099220001837111, -6.837948609707997 ], [ 109.099121542474677, -6.837872201001254 ], [ 109.098987356827905, -6.837768066609792 ], [ 109.098936976018308, -6.837728968047492 ], [ 109.098917417448646, -6.837713790257611 ], [ 109.098606514139306, -6.837472514997182 ], [ 109.098591769888984, -6.837454563405055 ], [ 109.098575029791661, -6.837434181803381 ], [ 109.098535869943419, -6.837386503186969 ], [ 109.098528716577547, -6.83737779451669 ], [ 109.098459345355593, -6.837293332864313 ], [ 109.09845000079477, -6.837281955629991 ], [ 109.098431165831713, -6.837259024282522 ], [ 109.098415031610458, -6.837239381022227 ], [ 109.098392204064112, -6.837211586939055 ], [ 109.098377442724384, -6.837193614482378 ], [ 109.098375887098356, -6.837191720543974 ], [ 109.098357941588475, -6.837169871318881 ], [ 109.098347976764046, -6.837157738505369 ], [ 109.098306110813681, -6.837106766348705 ], [ 109.098282130958225, -6.837077570853132 ], [ 109.098243441993404, -6.837030465489233 ], [ 109.09822432977623, -6.837007195808466 ], [ 109.098203366657813, -6.83698167208846 ], [ 109.098038690192283, -6.836781174030934 ], [ 109.097952411637522, -6.836676127560773 ] ] ] } },
{ "type": "Feature", "properties": { "OBJECTID_1": 1282, "OBJECTID": 19, "ID": 0, "TAHUN": 2007, "DATE": "2007-01-01", "NAMA_TITIK": "T04", "ZONA": "SEL BARAT", "SHAPE_LENG": 200.958234495, "TRANSECTID": 4, "TRANSORDER": 4, "SHORELINEI": "2007-01-01", "BASELINEID": 1, "DISTANCE": 332.28, "INTERSECTX": 290125.28888800001, "INTERSECTY": 9243647.5337000005, "UNCERTAINT": 10, "NAMA_TITI2": "T04", "D_TAHUN": 0.0, "LRR": -3.32, "SKOR_SHORE": 5, "RASTERVALU": 6.89058, "SKOR_SLOPE": 3, "RASTERVA_1": -2.22393, "SKOR_ELEV": 5, "GEOM_LAP": "Pasir_Halus", "SKOR_GEOM": 3, "KATEGORI": "Abrasi Tinggi", "GELOMBANG": 0.25956729405066498, "PASUT": 0.875, "SLR": 4.69, "SKOR_GEL": 3, "SKOR_PASUT": 3, "SKOR_SLR": 5, "CVI": 50.311529493750001, "KELAS_CVI": 4, "KELAS_CV_1": "Tinggi", "LAHAN": "Pantai", "JENIS": "Natural", "SKOR_LAHAN": 2, "DELTA_D": -25.13, "D_MEAN": -5.0625, "D_MEDIAN": -4.095, "TSS_MIN_MG": 22.8, "TSS_RATA_R": 46.5, "TSS_MEDIAN": 42.8, "TSS_MAKS_M": 116.1, "TSS_STDDEV": 13.7, "HS": 0.259567294, "MWP_MEAN_S": 3.621, "MWD_CIRCUL": 26.37, "JARAK_MUAR": 191.803552089433, "NAMA_SUNGA": "KaliGangsa", "MUARA_ID": "M1", "RESPON": "Abrasi", "TSS__BATAS": 30.4, "PROKSI_NER": "Bypass/Export" }, "geometry": { "type": "MultiLineString", "coordinates": [ [ [ 109.100823548729267, -6.838884424115414 ], [ 109.100823248153503, -6.83888425928412 ], [ 109.100801035408665, -6.838872059172856 ], [ 109.100799362841954, -6.838871140318501 ], [ 109.100584475453076, -6.838753110592822 ], [ 109.100566249624862, -6.838743099705623 ], [ 109.100554873825999, -6.838736851663556 ], [ 109.100535173109634, -6.838726030290658 ], [ 109.099994299174554, -6.838428946276614 ], [ 109.099950869381971, -6.838405092399896 ], [ 109.099887961862336, -6.838370539160645 ], [ 109.099771726405905, -6.83830669447036 ], [ 109.099517616098751, -6.838167119965108 ], [ 109.099501970921864, -6.838158526948229 ], [ 109.099486331162353, -6.838149936664724 ], [ 109.099462708601592, -6.838136961540007 ], [ 109.099253371736765, -6.837974506983927 ] ] ] } },
{ "type": "Feature", "properties": { "OBJECTID_1": 1283, "OBJECTID": 19, "ID": 0, "TAHUN": 2007, "DATE": "2007-01-01", "NAMA_TITIK": "T02", "ZONA": "SEL BARAT", "SHAPE_LENG": 200.04524021, "TRANSECTID": 2, "TRANSORDER": 2, "SHORELINEI": "2007-01-01", "BASELINEID": 1, "DISTANCE": 352.34, "INTERSECTX": 289806.92489099997, "INTERSECTY": 9243890.5289699994, "UNCERTAINT": 10, "NAMA_TITI2": "T02", "D_TAHUN": 0.0, "LRR": -2.19, "SKOR_SHORE": 5, "RASTERVALU": 6.56471, "SKOR_SLOPE": 3, "RASTERVA_1": -1.78074, "SKOR_ELEV": 5, "GEOM_LAP": "Pasir_Halus", "SKOR_GEOM": 3, "KATEGORI": "Abrasi Tinggi", "GELOMBANG": 0.25956729405066498, "PASUT": 0.875, "SLR": 4.69, "SKOR_GEL": 3, "SKOR_PASUT": 3, "SKOR_SLR": 5, "CVI": 50.311529493750001, "KELAS_CVI": 4, "KELAS_CV_1": "Tinggi", "LAHAN": "Pantai", "JENIS": "Natural", "SKOR_LAHAN": 2, "DELTA_D": 9.78, "D_MEAN": -5.0625, "D_MEDIAN": -4.095, "TSS_MIN_MG": 22.8, "TSS_RATA_R": 46.5, "TSS_MEDIAN": 42.8, "TSS_MAKS_M": 116.1, "TSS_STDDEV": 13.7, "HS": 0.259567294, "MWP_MEAN_S": 3.621, "MWD_CIRCUL": 26.37, "JARAK_MUAR": 579.82548354246296, "NAMA_SUNGA": "KaliGangsa", "MUARA_ID": "M1", "RESPON": "Abrasi", "TSS__BATAS": 30.4, "PROKSI_NER": "Bypass/Export" }, "geometry": { "type": "MultiLineString", "coordinates": [ [ [ 109.097952411637522, -6.836676127560773 ], [ 109.097951538403422, -6.83667506358344 ], [ 109.097747433576387, -6.836539678659698 ], [ 109.096989380417085, -6.836036853661978 ], [ 109.09688886430132, -6.835970180208441 ], [ 109.096639842756531, -6.835805000437766 ], [ 109.09662236786734, -6.835793409317128 ], [ 109.09644498007583, -6.835675745426148 ], [ 109.096444953010504, -6.835675727236847 ] ] ] } },
{ "type": "Feature", "properties": { "OBJECTID_1": 1286, "OBJECTID": 19, "ID": 0, "TAHUN": 2007, "DATE": "2007-01-01", "NAMA_TITIK": "T01", "ZONA": "SEL BARAT", "SHAPE_LENG": 78.830439653200003, "TRANSECTID": 1, "TRANSORDER": 1, "SHORELINEI": "2007-01-01", "BASELINEID": 1, "DISTANCE": 348.41, "INTERSECTX": 289639.83960599999, "INTERSECTY": 9244000.5196800008, "UNCERTAINT": 10, "NAMA_TITI2": "T01", "D_TAHUN": 0.0, "LRR": -0.96, "SKOR_SHORE": 3, "RASTERVALU": 0.111227, "SKOR_SLOPE": 5, "RASTERVA_1": -2.91494, "SKOR_ELEV": 5, "GEOM_LAP": "Pasir_Halus", "SKOR_GEOM": 3, "KATEGORI": "Stabil", "GELOMBANG": 0.25956729405066498, "PASUT": 0.875, "SLR": 4.69, "SKOR_GEL": 3, "SKOR_PASUT": 2, "SKOR_SLR": 5, "CVI": 41.079191812890002, "KELAS_CVI": 3, "KELAS_CV_1": "Sedang", "LAHAN": "Pantai", "JENIS": "Natural", "SKOR_LAHAN": 2, "DELTA_D": 2.78, "D_MEAN": -5.0625, "D_MEDIAN": -4.095, "TSS_MIN_MG": 22.8, "TSS_RATA_R": 46.5, "TSS_MEDIAN": 42.8, "TSS_MAKS_M": 116.1, "TSS_STDDEV": 13.7, "HS": 0.259567294, "MWP_MEAN_S": 3.621, "MWD_CIRCUL": 26.37, "JARAK_MUAR": 778.10088489128304, "NAMA_SUNGA": "KaliGangsa", "MUARA_ID": "M1", "RESPON": "Abrasi", "TSS__BATAS": 30.4, "PROKSI_NER": "Bypass/Export" }, "geometry": { "type": "MultiLineString", "coordinates": [ [ [ 109.096444953010504, -6.835675727236847 ], [ 109.095850813104889, -6.835281625157545 ] ] ] } },
{ "type": "Feature", "properties": { "OBJECTID_1": 1287, "OBJECTID": 20, "ID": 0, "TAHUN": 2008, "DATE": "2008-01-01", "NAMA_TITIK": "T42", "ZONA": "SEL TIMUR", "SHAPE_LENG": 211.15736387199999, "TRANSECTID": 46, "TRANSORDER": 46, "SHORELINEI": "2008-01-01", "BASELINEID": 1, "DISTANCE": 321.1, "INTERSECTX": 297861.32372100005, "INTERSECTY": 9242500.8313299995, "UNCERTAINT": 10, "NAMA_TITI2": "T42", "D_TAHUN": 0.0, "LRR": -1.48, "SKOR_SHORE": 4, "RASTERVALU": 10.6361, "SKOR_SLOPE": 2, "RASTERVA_1": -1.41562, "SKOR_ELEV": 5, "GEOM_LAP": "Tambak", "SKOR_GEOM": 5, "KATEGORI": "Abrasi Sedang", "GELOMBANG": 0.28566327340462599, "PASUT": 0.926, "SLR": 4.69, "SKOR_GEL": 5, "SKOR_PASUT": 1, "SKOR_SLR": 5, "CVI": 43.301270189219998, "KELAS_CVI": 3, "KELAS_CV_1": "Sedang", "LAHAN": "Tambak", "JENIS": "Natural", "SKOR_LAHAN": 3, "DELTA_D": 33.18, "D_MEAN": 10.080555555555563, "D_MEDIAN": 7.885, "TSS_MIN_MG": 17.6, "TSS_RATA_R": 47.7, "TSS_MEDIAN": 47.2, "TSS_MAKS_M": 152.0, "TSS_STDDEV": 16.7, "HS": 0.285663273, "MWP_MEAN_S": 3.8346, "MWD_CIRCUL": 30.86, "JARAK_MUAR": 1130.0451134499999, "NAMA_SUNGA": "Kali Ketiwon", "MUARA_ID": "M5", "RESPON": "Akresi", "TSS__BATAS": 30.4, "PROKSI_NER": "Surplus/Deposisi" }, "geometry": { "type": "MultiLineString", "coordinates": [ [ [ 109.172256226697414, -6.850714487442432 ], [ 109.172179695757876, -6.850653417382184 ], [ 109.171713724643354, -6.850281584111814 ], [ 109.171363367009349, -6.85000200627478 ], [ 109.171091541742854, -6.849785096476956 ], [ 109.171049459141031, -6.84975151524345 ], [ 109.170888554118591, -6.84962311723656 ], [ 109.17087497333452, -6.849612279918103 ], [ 109.170763450027152, -6.849523286523689 ] ] ] } },
{ "type": "Feature", "properties": { "OBJECTID_1": 1296, "OBJECTID": 20, "ID": 0, "TAHUN": 2008, "DATE": "2008-01-01", "NAMA_TITIK": "T40", "ZONA": "SEL TIMUR", "SHAPE_LENG": 210.705078601, "TRANSECTID": 44, "TRANSORDER": 44, "SHORELINEI": "2008-01-01", "BASELINEID": 1, "DISTANCE": 314.79, "INTERSECTX": 297687.27509200003, "INTERSECTY": 9242599.5574299991, "UNCERTAINT": 10, "NAMA_TITI2": "T40", "D_TAHUN": 0.0, "LRR": -2.39, "SKOR_SHORE": 5, "RASTERVALU": 1.31742, "SKOR_SLOPE": 5, "RASTERVA_1": -2.87668, "SKOR_ELEV": 5, "GEOM_LAP": "Tambak", "SKOR_GEOM": 5, "KATEGORI": "Abrasi Tinggi", "GELOMBANG": 0.28566327340462599, "PASUT": 0.926, "SLR": 4.69, "SKOR_GEL": 5, "SKOR_PASUT": 1, "SKOR_SLR": 5, "CVI": 76.546554461970004, "KELAS_CVI": 5, "KELAS_CV_1": "Sangat Tinggi", "LAHAN": "Tambak", "JENIS": "Natural", "SKOR_LAHAN": 3, "DELTA_D": 17.6, "D_MEAN": 10.080555555555563, "D_MEDIAN": 7.885, "TSS_MIN_MG": 17.6, "TSS_RATA_R": 47.7, "TSS_MEDIAN": 47.2, "TSS_MAKS_M": 152.0, "TSS_STDDEV": 16.7, "HS": 0.285663273, "MWP_MEAN_S": 3.8346, "MWD_CIRCUL": 30.86, "JARAK_MUAR": 727.664323427044, "NAMA_SUNGA": "Kali Ketiwon", "MUARA_ID": "M5", "RESPON": "Akresi", "TSS__BATAS": 30.4, "PROKSI_NER": "Surplus/Deposisi" }, "geometry": { "type": "MultiLineString", "coordinates": [ [ [ 109.169192363614798, -6.848624669630524 ], [ 109.169192003912968, -6.848624104974414 ], [ 109.169190301636689, -6.848621429437032 ], [ 109.169178253509486, -6.848602494025349 ], [ 109.169164490521652, -6.848580862232795 ], [ 109.169088592204204, -6.8484615760274 ], [ 109.169074799546692, -6.848439898009579 ], [ 109.169072277157341, -6.848435933645684 ], [ 109.169058591510066, -6.848414424207433 ], [ 109.169046662092057, -6.848395675502277 ], [ 109.168801258553401, -6.848009980224473 ], [ 109.168755134427983, -6.847937487828572 ], [ 109.168684155164158, -6.847825931849601 ], [ 109.16867966073616, -6.847818867777261 ], [ 109.168671710085562, -6.847814309498496 ], [ 109.16856182087416, -6.847751310019353 ], [ 109.168240084220628, -6.847566858834494 ], [ 109.168106597769821, -6.847490331872855 ], [ 109.168099154425704, -6.847486064848901 ], [ 109.167950993475358, -6.847401123965076 ], [ 109.167866475557346, -6.84735267029734 ], [ 109.167855037045015, -6.847346112297002 ] ] ] } },
{ "type": "Feature", "properties": { "OBJECTID_1": 1299, "OBJECTID": 20, "ID": 0, "TAHUN": 2008, "DATE": "2008-01-01", "NAMA_TITIK": "T41", "ZONA": "SEL TIMUR", "SHAPE_LENG": 217.90562546300001, "TRANSECTID": 45, "TRANSORDER": 45, "SHORELINEI": "2008-01-01", "BASELINEID": 1, "DISTANCE": 321.1, "INTERSECTX": 297861.32372100005, "INTERSECTY": 9242500.8313299995, "UNCERTAINT": 10, "NAMA_TITI2": "T41", "D_TAHUN": 0.0, "LRR": -2.12, "SKOR_SHORE": 5, "RASTERVALU": 9.05717, "SKOR_SLOPE": 2, "RASTERVA_1": -1.62402, "SKOR_ELEV": 5, "GEOM_LAP": "Tambak", "SKOR_GEOM": 5, "KATEGORI": "Abrasi Tinggi", "GELOMBANG": 0.28566327340462599, "PASUT": 0.926, "SLR": 4.69, "SKOR_GEL": 5, "SKOR_PASUT": 1, "SKOR_SLR": 5, "CVI": 48.412291827590003, "KELAS_CVI": 3, "KELAS_CV_1": "Sedang", "LAHAN": "Tambak", "JENIS": "Natural", "SKOR_LAHAN": 3, "DELTA_D": -0.82999999999998397, "D_MEAN": 10.080555555555563, "D_MEDIAN": 7.885, "TSS_MIN_MG": 17.6, "TSS_RATA_R": 47.7, "TSS_MEDIAN": 47.2, "TSS_MAKS_M": 152.0, "TSS_STDDEV": 16.7, "HS": 0.285663273, "MWP_MEAN_S": 3.8346, "MWD_CIRCUL": 30.86, "JARAK_MUAR": 936.29342666807304, "NAMA_SUNGA": "Kali Ketiwon", "MUARA_ID": "M5", "RESPON": "Akresi", "TSS__BATAS": 30.4, "PROKSI_NER": "Surplus/Deposisi" }, "geometry": { "type": "MultiLineString", "coordinates": [ [ [ 109.170763450027152, -6.849523286523689 ], [ 109.170492509199718, -6.849307080608376 ], [ 109.170449705066019, -6.849302381512367 ], [ 109.170436089597942, -6.849300886647735 ], [ 109.170411906021343, -6.849298232206147 ], [ 109.17040312563995, -6.849297268403658 ], [ 109.170342767077273, -6.849290642621505 ], [ 109.170286628705739, -6.849284480456235 ], [ 109.17027638432738, -6.849283355563117 ], [ 109.170223031991213, -6.849277498752523 ], [ 109.170166984955813, -6.849271346867509 ], [ 109.17016555441532, -6.849271189522717 ], [ 109.170160257252135, -6.849270607873562 ], [ 109.170147551473704, -6.84926921320942 ], [ 109.170133153821268, -6.849267633080396 ], [ 109.170103456068347, -6.849264372640344 ], [ 109.170093690947581, -6.849263301105197 ], [ 109.170059479122784, -6.849259545176672 ], [ 109.169908298383689, -6.849242949686093 ], [ 109.169886655796745, -6.84924057342965 ], [ 109.169775078105317, -6.849228324890996 ], [ 109.169760452585479, -6.849226719471457 ], [ 109.169713267336718, -6.849221539797459 ], [ 109.169654274250078, -6.849215063798667 ], [ 109.169647232768611, -6.84921429105334 ], [ 109.16961170254487, -6.849210390833708 ], [ 109.169611268500034, -6.849210343068706 ], [ 109.16956153324297, -6.849204883326397 ], [ 109.169523996748481, -6.849145889174796 ], [ 109.169513702137934, -6.849129709062546 ], [ 109.169495495026794, -6.849101093862517 ], [ 109.169454257237859, -6.849036281867444 ], [ 109.16944412719532, -6.849020360064701 ], [ 109.169439050032508, -6.84901238058197 ], [ 109.169399521727428, -6.848950255904472 ], [ 109.169397540680478, -6.848947142600565 ], [ 109.169396349174761, -6.848945270086508 ], [ 109.16939064883492, -6.848936310842927 ], [ 109.169364858372475, -6.848895776269184 ], [ 109.16928621816389, -6.848772179485458 ], [ 109.16925925509203, -6.848729803209429 ], [ 109.169222426371789, -6.848671921141634 ], [ 109.169202456766854, -6.848640535236567 ], [ 109.169193493963206, -6.848626447880043 ], [ 109.169192610903977, -6.848625059357324 ], [ 109.169192363614798, -6.848624669630524 ] ] ] } },
{ "type": "Feature", "properties": { "OBJECTID_1": 1309, "OBJECTID": 20, "ID": 0, "TAHUN": 2008, "DATE": "2008-01-01", "NAMA_TITIK": "T51", "ZONA": "SEL BARAT", "SHAPE_LENG": 204.69940808499999, "TRANSECTID": 20, "TRANSORDER": 20, "SHORELINEI": "2008-01-01", "BASELINEID": 1, "DISTANCE": 248.57, "INTERSECTX": 292990.36878700001, "INTERSECTY": 9242619.1804399993, "UNCERTAINT": 10, "NAMA_TITI2": "T51", "D_TAHUN": 0.0, "LRR": 0.72, "SKOR_SHORE": 3, "RASTERVALU": 2.59289, "SKOR_SLOPE": 4, "RASTERVA_1": -2.65623, "SKOR_ELEV": 5, "GEOM_LAP": "Aluvial", "SKOR_GEOM": 4, "KATEGORI": "Stabil", "GELOMBANG": 0.28566327340462599, "PASUT": 0.926, "SLR": 4.69, "SKOR_GEL": 5, "SKOR_PASUT": 1, "SKOR_SLR": 5, "CVI": 54.772255750520003, "KELAS_CVI": 4, "KELAS_CV_1": "Sedang", "LAHAN": "Muara", "JENIS": "Natural", "SKOR_LAHAN": 4, "DELTA_D": -1.96, "D_MEAN": 3.515, "D_MEDIAN": 4.615, "TSS_MIN_MG": 20.3, "TSS_RATA_R": 42.8, "TSS_MEDIAN": 42.7, "TSS_MAKS_M": 108.8, "TSS_STDDEV": 10.6, "HS": 0.285663273, "MWP_MEAN_S": 3.8346, "MWD_CIRCUL": 30.86, "JARAK_MUAR": 19.716633507029201, "NAMA_SUNGA": "Kali Sibelis", "MUARA_ID": "M3", "RESPON": "Akresi", "TSS__BATAS": 30.4, "PROKSI_NER": "Surplus/Deposisi" }, "geometry": { "type": "MultiLineString", "coordinates": [ [ [ 109.126704182126346, -6.8482835113769 ], [ 109.126702948216035, -6.848283978522739 ], [ 109.126630323340478, -6.848311453104917 ], [ 109.126622432482122, -6.848314438520926 ], [ 109.126544052075531, -6.848344090398236 ], [ 109.126539260484023, -6.848345903485094 ], [ 109.126536257248958, -6.84834703911761 ], [ 109.126528210565283, -6.848350083596828 ], [ 109.126515239115719, -6.848354991274527 ], [ 109.126453475705432, -6.848378357308747 ], [ 109.126452573376866, -6.848378698264259 ], [ 109.126441493559327, -6.8483828900107 ], [ 109.12641904130318, -6.848391383569759 ], [ 109.126388899304288, -6.848402787376152 ], [ 109.126368640362898, -6.848400484235747 ], [ 109.126265421486835, -6.848388751261581 ], [ 109.126229687811261, -6.848384688922605 ], [ 109.126214351418938, -6.848382945638057 ], [ 109.126132840050843, -6.848373679654094 ], [ 109.126102764053002, -6.848370260503017 ], [ 109.126002634908005, -6.848358878571654 ], [ 109.125978826027108, -6.848356171893484 ], [ 109.12595724422583, -6.848353718917672 ], [ 109.125947679440202, -6.848352631925906 ], [ 109.125747414867519, -6.848329866149967 ], [ 109.125607422561018, -6.848313951788181 ], [ 109.125371047358286, -6.8482870804195 ], [ 109.125298230079466, -6.848278802975099 ], [ 109.125018865000442, -6.848247045097752 ], [ 109.124883986127998, -6.848231711951012 ] ] ] } },
{ "type": "Feature", "properties": { "OBJECTID_1": 1326, "OBJECTID": 20, "ID": 0, "TAHUN": 2008, "DATE": "2008-01-01", "NAMA_TITIK": "T39", "ZONA": "SEL TIMUR", "SHAPE_LENG": 202.14102107, "TRANSECTID": 43, "TRANSORDER": 43, "SHORELINEI": "2008-01-01", "BASELINEID": 1, "DISTANCE": 357.82, "INTERSECTX": 297538.90578600002, "INTERSECTY": 9242740.4036899991, "UNCERTAINT": 10, "NAMA_TITI2": "T39", "D_TAHUN": 0.0, "LRR": -3.6, "SKOR_SHORE": 5, "RASTERVALU": 0.000339, "SKOR_SLOPE": 5, "RASTERVA_1": -2.9425, "SKOR_ELEV": 5, "GEOM_LAP": "Pasir_Halus", "SKOR_GEOM": 3, "KATEGORI": "Abrasi Tinggi", "GELOMBANG": 0.28566327340462599, "PASUT": 0.926, "SLR": 4.69, "SKOR_GEL": 5, "SKOR_PASUT": 1, "SKOR_SLR": 5, "CVI": 48.412291827590003, "KELAS_CVI": 3, "KELAS_CV_1": "Sedang", "LAHAN": "Pantai", "JENIS": "Natural", "SKOR_LAHAN": 2, "DELTA_D": 21.11, "D_MEAN": 10.080555555555563, "D_MEDIAN": 7.885, "TSS_MIN_MG": 17.6, "TSS_RATA_R": 47.7, "TSS_MEDIAN": 47.2, "TSS_MAKS_M": 152.0, "TSS_STDDEV": 16.7, "HS": 0.285663273, "MWP_MEAN_S": 3.8346, "MWD_CIRCUL": 30.86, "JARAK_MUAR": 535.47677602736997, "NAMA_SUNGA": "Kali Ketiwon", "MUARA_ID": "M5", "RESPON": "Akresi", "TSS__BATAS": 30.4, "PROKSI_NER": "Surplus/Deposisi" }, "geometry": { "type": "MultiLineString", "coordinates": [ [ [ 109.167855037045015, -6.847346112297002 ], [ 109.16785499552212, -6.847346088630821 ], [ 109.167852025767402, -6.847344386550638 ], [ 109.16776871924597, -6.847296626450479 ], [ 109.167498168606343, -6.847141518914635 ], [ 109.167447874222475, -6.847112685517756 ], [ 109.167075095020209, -6.846898970770225 ], [ 109.167057271123639, -6.846888752823092 ], [ 109.166866587282314, -6.84677943281563 ], [ 109.166668013946321, -6.846580859400146 ], [ 109.166597092814882, -6.846509937786704 ], [ 109.166570599567606, -6.846483444625883 ], [ 109.16637960279084, -6.846292447886228 ], [ 109.166379447786682, -6.846292292685486 ] ] ] } },
{ "type": "Feature", "properties": { "OBJECTID_1": 1337, "OBJECTID": 20, "ID": 0, "TAHUN": 2008, "DATE": "2008-01-01", "NAMA_TITIK": "T38", "ZONA": "SEL TIMUR", "SHAPE_LENG": 171.35868865800001, "TRANSECTID": 42, "TRANSORDER": 42, "SHORELINEI": "2008-01-01", "BASELINEID": 1, "DISTANCE": 371.66, "INTERSECTX": 297375.34659099998, "INTERSECTY": 9242856.3349399995, "UNCERTAINT": 10, "NAMA_TITI2": "T38", "D_TAHUN": 0.0, "LRR": -4.04, "SKOR_SHORE": 5, "RASTERVALU": 0.000344, "SKOR_SLOPE": 5, "RASTERVA_1": -2.94192, "SKOR_ELEV": 5, "GEOM_LAP": "Pasir_Halus", "SKOR_GEOM": 3, "KATEGORI": "Abrasi Tinggi", "GELOMBANG": 0.28566327340462599, "PASUT": 0.926, "SLR": 4.69, "SKOR_GEL": 5, "SKOR_PASUT": 1, "SKOR_SLR": 5, "CVI": 48.412291827590003, "KELAS_CVI": 3, "KELAS_CV_1": "Sedang", "LAHAN": "Pantai", "JENIS": "Natural", "SKOR_LAHAN": 2, "DELTA_D": -0.47999999999996101, "D_MEAN": 10.080555555555563, "D_MEDIAN": 7.885, "TSS_MIN_MG": 17.6, "TSS_RATA_R": 47.7, "TSS_MEDIAN": 47.2, "TSS_MAKS_M": 152.0, "TSS_STDDEV": 16.7, "HS": 0.285663273, "MWP_MEAN_S": 3.8346, "MWD_CIRCUL": 30.86, "JARAK_MUAR": 355.43647958132902, "NAMA_SUNGA": "Kali Ketiwon", "MUARA_ID": "M5", "RESPON": "Akresi", "TSS__BATAS": 30.4, "PROKSI_NER": "Surplus/Deposisi" }, "geometry": { "type": "MultiLineString", "coordinates": [ [ [ 109.166379447786682, -6.846292292685486 ], [ 109.166378726832392, -6.846291572041147 ], [ 109.166327598643193, -6.846240444492536 ], [ 109.166058103879877, -6.845970948409033 ], [ 109.165785074369353, -6.845790210820494 ], [ 109.165662274616324, -6.845694445010625 ], [ 109.1652258294788, -6.845354080093147 ], [ 109.165179507494699, -6.845317955275311 ] ] ] } },
{ "type": "Feature", "properties": { "OBJECTID_1": 1343, "OBJECTID": 20, "ID": 0, "TAHUN": 2008, "DATE": "2008-01-01", "NAMA_TITIK": "T37", "ZONA": "SEL TIMUR", "SHAPE_LENG": 203.95355083499999, "TRANSECTID": 41, "TRANSORDER": 41, "SHORELINEI": "2008-01-01", "BASELINEID": 1, "DISTANCE": 391.98, "INTERSECTX": 297242.29114599997, "INTERSECTY": 9242963.5916300006, "UNCERTAINT": 10, "NAMA_TITI2": "T37", "D_TAHUN": 0.0, "LRR": -4.54, "SKOR_SHORE": 5, "RASTERVALU": 0.000345, "SKOR_SLOPE": 5, "RASTERVA_1": -2.94128, "SKOR_ELEV": 5, "GEOM_LAP": "Pasir_Halus", "SKOR_GEOM": 3, "KATEGORI": "Abrasi Tinggi", "GELOMBANG": 0.28566327340462599, "PASUT": 0.926, "SLR": 4.69, "SKOR_GEL": 5, "SKOR_PASUT": 1, "SKOR_SLR": 5, "CVI": 48.412291827590003, "KELAS_CVI": 3, "KELAS_CV_1": "Sedang", "LAHAN": "Pantai", "JENIS": "Natural", "SKOR_LAHAN": 2, "DELTA_D": -30.7, "D_MEAN": 10.080555555555563, "D_MEDIAN": 7.885, "TSS_MIN_MG": 17.6, "TSS_RATA_R": 47.7, "TSS_MEDIAN": 47.2, "TSS_MAKS_M": 152.0, "TSS_STDDEV": 16.7, "HS": 0.285663273, "MWP_MEAN_S": 3.8346, "MWD_CIRCUL": 30.86, "JARAK_MUAR": 155.29372815372599, "NAMA_SUNGA": "Kali Ketiwon", "MUARA_ID": "M5", "RESPON": "Akresi", "TSS__BATAS": 30.4, "PROKSI_NER": "Surplus/Deposisi" }, "geometry": { "type": "MultiLineString", "coordinates": [ [ [ 109.165179507494699, -6.845317955275311 ], [ 109.165166029762517, -6.845307444650168 ], [ 109.164980124978854, -6.84516246470002 ], [ 109.164710630706054, -6.844892970016664 ], [ 109.164245146453055, -6.844427209528376 ], [ 109.16421092430123, -6.844382493523245 ], [ 109.164207293164722, -6.844377749157311 ], [ 109.164116269959038, -6.844258814482085 ], [ 109.16394957991244, -6.844041011638134 ], [ 109.163909639276426, -6.843988823611961 ] ] ] } },
{ "type": "Feature", "properties": { "OBJECTID_1": 1353, "OBJECTID": 20, "ID": 0, "TAHUN": 2008, "DATE": "2008-01-01", "NAMA_TITIK": "T44", "ZONA": "SEL BARAT", "SHAPE_LENG": 102.008056576, "TRANSECTID": 5, "TRANSORDER": 5, "SHORELINEI": "2008-01-01", "BASELINEID": 1, "DISTANCE": 316.06, "INTERSECTX": 290220.65965799999, "INTERSECTY": 9243607.7040800005, "UNCERTAINT": 10, "NAMA_TITI2": "T44", "D_TAHUN": 0.0, "LRR": -2.33, "SKOR_SHORE": 5, "RASTERVALU": 0.013365, "SKOR_SLOPE": 5, "RASTERVA_1": -2.91714, "SKOR_ELEV": 5, "GEOM_LAP": "Aluvial", "SKOR_GEOM": 4, "KATEGORI": "Abrasi Tinggi", "GELOMBANG": 0.28566327340462599, "PASUT": 0.926, "SLR": 4.69, "SKOR_GEL": 5, "SKOR_PASUT": 1, "SKOR_SLR": 5, "CVI": 79.056941504210002, "KELAS_CVI": 5, "KELAS_CV_1": "Sangat Tinggi", "LAHAN": "Muara", "JENIS": "Natural", "SKOR_LAHAN": 4, "DELTA_D": 10.81, "D_MEAN": 3.515, "D_MEDIAN": 4.615, "TSS_MIN_MG": 20.3, "TSS_RATA_R": 42.8, "TSS_MEDIAN": 42.7, "TSS_MAKS_M": 108.8, "TSS_STDDEV": 10.6, "HS": 0.285663273, "MWP_MEAN_S": 3.8346, "MWD_CIRCUL": 30.86, "JARAK_MUAR": 61.827697463302599, "NAMA_SUNGA": "KaliGangsa", "MUARA_ID": "M1", "RESPON": "Akresi", "TSS__BATAS": 30.4, "PROKSI_NER": "Surplus/Deposisi" }, "geometry": { "type": "MultiLineString", "coordinates": [ [ [ 109.101684822964856, -6.839247928505914 ], [ 109.101684679362776, -6.839247870980049 ], [ 109.101666395742569, -6.839240570437952 ], [ 109.101648897872877, -6.839233584011277 ], [ 109.101619334656547, -6.839218802608583 ], [ 109.101560044824268, -6.839189157784038 ], [ 109.101531832208849, -6.839175051656288 ], [ 109.101501107995844, -6.839159689745482 ], [ 109.101496482030043, -6.839157376846457 ], [ 109.101481152426715, -6.839149711840691 ], [ 109.101423781074288, -6.83912102570363 ], [ 109.101349844190239, -6.839084057589338 ], [ 109.10134182458907, -6.839080047834214 ], [ 109.101109908959373, -6.838964089334257 ], [ 109.100980445750409, -6.838886412114308 ], [ 109.10096020568038, -6.838874267711947 ], [ 109.100868654293691, -6.838819337567261 ] ] ] } },
{ "type": "Feature", "properties": { "OBJECTID_1": 1354, "OBJECTID": 20, "ID": 0, "TAHUN": 2008, "DATE": "2008-01-01", "NAMA_TITIK": "T05", "ZONA": "SEL BARAT", "SHAPE_LENG": 200.45545830699999, "TRANSECTID": 6, "TRANSORDER": 6, "SHORELINEI": "2008-01-01", "BASELINEID": 1, "DISTANCE": 302.56, "INTERSECTX": 290407.10255900002, "INTERSECTY": 9243534.0736400001, "UNCERTAINT": 10, "NAMA_TITI2": "T05", "D_TAHUN": 0.0, "LRR": -1.47, "SKOR_SHORE": 4, "RASTERVALU": 6.15341, "SKOR_SLOPE": 3, "RASTERVA_1": -2.46219, "SKOR_ELEV": 5, "GEOM_LAP": "Pasir_Halus", "SKOR_GEOM": 3, "KATEGORI": "Abrasi Sedang", "GELOMBANG": 0.28566327340462599, "PASUT": 0.926, "SLR": 4.69, "SKOR_GEL": 5, "SKOR_PASUT": 1, "SKOR_SLR": 5, "CVI": 47.43416490253, "KELAS_CVI": 3, "KELAS_CV_1": "Sedang", "LAHAN": "Muara", "JENIS": "Natural", "SKOR_LAHAN": 4, "DELTA_D": 3.75, "D_MEAN": 3.515, "D_MEDIAN": 4.615, "TSS_MIN_MG": 20.3, "TSS_RATA_R": 42.8, "TSS_MEDIAN": 42.7, "TSS_MAKS_M": 108.8, "TSS_STDDEV": 10.6, "HS": 0.285663273, "MWP_MEAN_S": 3.8346, "MWD_CIRCUL": 30.86, "JARAK_MUAR": 4.2768385923696401, "NAMA_SUNGA": "KaliGangsa", "MUARA_ID": "M1", "RESPON": "Akresi", "TSS__BATAS": 30.4, "PROKSI_NER": "Surplus/Deposisi" }, "geometry": { "type": "MultiLineString", "coordinates": [ [ [ 109.103368708328887, -6.839920273849708 ], [ 109.103214380811465, -6.839858653830853 ], [ 109.103196919914154, -6.839851682060137 ], [ 109.103119825719119, -6.839820900335783 ], [ 109.103092364981563, -6.839809935433816 ], [ 109.102715369522556, -6.839659408918707 ], [ 109.10265386492955, -6.839634851069419 ], [ 109.102585879238248, -6.839607705388904 ], [ 109.102325761690082, -6.839503845320922 ], [ 109.10231481534781, -6.839499474142377 ], [ 109.10197886386041, -6.839365334325877 ], [ 109.101890770246783, -6.839330160257686 ], [ 109.101684822964856, -6.839247928505914 ] ] ] } },
{ "type": "Feature", "properties": { "OBJECTID_1": 1355, "OBJECTID": 20, "ID": 0, "TAHUN": 2008, "DATE": "2008-01-01", "NAMA_TITIK": "T03", "ZONA": "SEL BARAT", "SHAPE_LENG": 200.81196763099999, "TRANSECTID": 3, "TRANSORDER": 3, "SHORELINEI": "2008-01-01", "BASELINEID": 1, "DISTANCE": 333.94, "INTERSECTX": 289961.37103099999, "INTERSECTY": 9243762.1360800005, "UNCERTAINT": 10, "NAMA_TITI2": "T03", "D_TAHUN": 0.0, "LRR": -3.26, "SKOR_SHORE": 5, "RASTERVALU": 6.99672, "SKOR_SLOPE": 3, "RASTERVA_1": -1.58426, "SKOR_ELEV": 5, "GEOM_LAP": "Pasir_Halus", "SKOR_GEOM": 3, "KATEGORI": "Abrasi Tinggi", "GELOMBANG": 0.28566327340462599, "PASUT": 0.926, "SLR": 4.69, "SKOR_GEL": 5, "SKOR_PASUT": 1, "SKOR_SLR": 5, "CVI": 37.5, "KELAS_CVI": 3, "KELAS_CV_1": "Sedang", "LAHAN": "Pantai", "JENIS": "Natural", "SKOR_LAHAN": 2, "DELTA_D": 17.76, "D_MEAN": 3.515, "D_MEDIAN": 4.615, "TSS_MIN_MG": 20.3, "TSS_RATA_R": 42.8, "TSS_MEDIAN": 42.7, "TSS_MAKS_M": 108.8, "TSS_STDDEV": 10.6, "HS": 0.285663273, "MWP_MEAN_S": 3.8346, "MWD_CIRCUL": 30.86, "JARAK_MUAR": 387.64661320961198, "NAMA_SUNGA": "KaliGangsa", "MUARA_ID": "M1", "RESPON": "Akresi", "TSS__BATAS": 30.4, "PROKSI_NER": "Surplus/Deposisi" }, "geometry": { "type": "MultiLineString", "coordinates": [ [ [ 109.099344891203572, -6.837842447996072 ], [ 109.099133365718458, -6.837683803773665 ], [ 109.099044086748492, -6.837616844976494 ], [ 109.098983235937112, -6.837571206288195 ], [ 109.098921858422031, -6.837525173128813 ], [ 109.098693940180468, -6.837354234072688 ], [ 109.098684457533466, -6.83734712191233 ], [ 109.098566944132202, -6.837288365777247 ], [ 109.098508308420591, -6.83725904785138 ], [ 109.098477737939305, -6.837243762358784 ], [ 109.09847625374141, -6.837243020545654 ], [ 109.098377442724384, -6.837193614482378 ], [ 109.098362586315702, -6.83718618634652 ], [ 109.098325127512823, -6.837167456981804 ], [ 109.098300731263578, -6.837155259016048 ], [ 109.098298925673461, -6.837154355904378 ], [ 109.09824839710555, -6.837129091489238 ], [ 109.098205076461852, -6.837107431323843 ], [ 109.098145468491325, -6.837077627630843 ], [ 109.097971511855675, -6.836941187410516 ], [ 109.097958557746821, -6.836931027313788 ], [ 109.097909873215983, -6.836892841315113 ], [ 109.097840186179326, -6.836838183428656 ], [ 109.097840132069891, -6.836838141625552 ] ] ] } },
{ "type": "Feature", "properties": { "OBJECTID_1": 1356, "OBJECTID": 20, "ID": 0, "TAHUN": 2008, "DATE": "2008-01-01", "NAMA_TITIK": "T04", "ZONA": "SEL BARAT", "SHAPE_LENG": 200.34403826499999, "TRANSECTID": 4, "TRANSORDER": 4, "SHORELINEI": "2008-01-01", "BASELINEID": 1, "DISTANCE": 341.04, "INTERSECTX": 290130.24683000002, "INTERSECTY": 9243654.7522999998, "UNCERTAINT": 10, "NAMA_TITI2": "T04", "D_TAHUN": 0.0, "LRR": -3.32, "SKOR_SHORE": 5, "RASTERVALU": 6.89058, "SKOR_SLOPE": 3, "RASTERVA_1": -2.22393, "SKOR_ELEV": 5, "GEOM_LAP": "Pasir_Halus", "SKOR_GEOM": 3, "KATEGORI": "Abrasi Tinggi", "GELOMBANG": 0.28566327340462599, "PASUT": 0.926, "SLR": 4.69, "SKOR_GEL": 5, "SKOR_PASUT": 1, "SKOR_SLR": 5, "CVI": 37.5, "KELAS_CVI": 3, "KELAS_CV_1": "Sedang", "LAHAN": "Pantai", "JENIS": "Natural", "SKOR_LAHAN": 2, "DELTA_D": 8.76, "D_MEAN": 3.515, "D_MEDIAN": 4.615, "TSS_MIN_MG": 20.3, "TSS_RATA_R": 42.8, "TSS_MEDIAN": 42.7, "TSS_MAKS_M": 108.8, "TSS_STDDEV": 10.6, "HS": 0.285663273, "MWP_MEAN_S": 3.8346, "MWD_CIRCUL": 30.86, "JARAK_MUAR": 191.803552089433, "NAMA_SUNGA": "KaliGangsa", "MUARA_ID": "M1", "RESPON": "Akresi", "TSS__BATAS": 30.4, "PROKSI_NER": "Surplus/Deposisi" }, "geometry": { "type": "MultiLineString", "coordinates": [ [ [ 109.100868654293691, -6.838819337567261 ], [ 109.100839075714504, -6.83880159056704 ], [ 109.100805209617576, -6.838781270707734 ], [ 109.100705693287537, -6.838721560688739 ], [ 109.100397905230821, -6.838536888011294 ], [ 109.100310562092901, -6.838484482423524 ], [ 109.10007777200812, -6.838344807863328 ], [ 109.099762440075082, -6.838155608958331 ], [ 109.099703387520876, -6.838111320037163 ], [ 109.099494055223047, -6.837954321019692 ], [ 109.099344891203572, -6.837842447996072 ] ] ] } },
{ "type": "Feature", "properties": { "OBJECTID_1": 1357, "OBJECTID": 20, "ID": 0, "TAHUN": 2008, "DATE": "2008-01-01", "NAMA_TITIK": "T02", "ZONA": "SEL BARAT", "SHAPE_LENG": 200.35538453800001, "TRANSECTID": 2, "TRANSORDER": 2, "SHORELINEI": "2008-01-01", "BASELINEID": 1, "DISTANCE": 330.54, "INTERSECTX": 289794.58345799998, "INTERSECTY": 9243872.5602499992, "UNCERTAINT": 10, "NAMA_TITI2": "T02", "D_TAHUN": 0.0, "LRR": -2.19, "SKOR_SHORE": 5, "RASTERVALU": 6.56471, "SKOR_SLOPE": 3, "RASTERVA_1": -1.78074, "SKOR_ELEV": 5, "GEOM_LAP": "Pasir_Halus", "SKOR_GEOM": 3, "KATEGORI": "Abrasi Tinggi", "GELOMBANG": 0.28566327340462599, "PASUT": 0.926, "SLR": 4.69, "SKOR_GEL": 5, "SKOR_PASUT": 1, "SKOR_SLR": 5, "CVI": 37.5, "KELAS_CVI": 3, "KELAS_CV_1": "Sedang", "LAHAN": "Pantai", "JENIS": "Natural", "SKOR_LAHAN": 2, "DELTA_D": -21.8, "D_MEAN": 3.515, "D_MEDIAN": 4.615, "TSS_MIN_MG": 20.3, "TSS_RATA_R": 42.8, "TSS_MEDIAN": 42.7, "TSS_MAKS_M": 108.8, "TSS_STDDEV": 10.6, "HS": 0.285663273, "MWP_MEAN_S": 3.8346, "MWD_CIRCUL": 30.86, "JARAK_MUAR": 579.82548354246296, "NAMA_SUNGA": "KaliGangsa", "MUARA_ID": "M1", "RESPON": "Akresi", "TSS__BATAS": 30.4, "PROKSI_NER": "Surplus/Deposisi" }, "geometry": { "type": "MultiLineString", "coordinates": [ [ [ 109.097840132069891, -6.836838141625552 ], [ 109.097728311996249, -6.836750436383231 ], [ 109.09761400936209, -6.836660783796622 ], [ 109.09756068521834, -6.836618960269971 ], [ 109.097458671217112, -6.836538947077015 ], [ 109.097319486759076, -6.836429778437872 ], [ 109.097028527391231, -6.836201567211284 ], [ 109.096805680580985, -6.836026778945778 ], [ 109.096761635893429, -6.835992233104313 ], [ 109.096731649946236, -6.835968713364851 ], [ 109.096454206117613, -6.835751102766507 ], [ 109.09641437008321, -6.835719857289967 ] ] ] } },
{ "type": "Feature", "properties": { "OBJECTID_1": 1359, "OBJECTID": 20, "ID": 0, "TAHUN": 2008, "DATE": "2008-01-01", "NAMA_TITIK": "T01", "ZONA": "SEL BARAT", "SHAPE_LENG": 92.843193168200003, "TRANSECTID": 1, "TRANSORDER": 1, "SHORELINEI": "2008-01-01", "BASELINEID": 1, "DISTANCE": 342.47, "INTERSECTX": 289636.47797800001, "INTERSECTY": 9243995.6252599992, "UNCERTAINT": 10, "NAMA_TITI2": "T01", "D_TAHUN": 0.0, "LRR": -0.96, "SKOR_SHORE": 3, "RASTERVALU": 0.111227, "SKOR_SLOPE": 5, "RASTERVA_1": -2.91494, "SKOR_ELEV": 5, "GEOM_LAP": "Pasir_Halus", "SKOR_GEOM": 3, "KATEGORI": "Stabil", "GELOMBANG": 0.28566327340462599, "PASUT": 0.926, "SLR": 4.69, "SKOR_GEL": 5, "SKOR_PASUT": 3, "SKOR_SLR": 5, "CVI": 64.951905283830001, "KELAS_CVI": 4, "KELAS_CV_1": "Tinggi", "LAHAN": "Pantai", "JENIS": "Natural", "SKOR_LAHAN": 2, "DELTA_D": -5.94, "D_MEAN": 3.515, "D_MEDIAN": 4.615, "TSS_MIN_MG": 20.3, "TSS_RATA_R": 42.8, "TSS_MEDIAN": 42.7, "TSS_MAKS_M": 108.8, "TSS_STDDEV": 10.6, "HS": 0.285663273, "MWP_MEAN_S": 3.8346, "MWD_CIRCUL": 30.86, "JARAK_MUAR": 778.10088489128304, "NAMA_SUNGA": "KaliGangsa", "MUARA_ID": "M1", "RESPON": "Akresi", "TSS__BATAS": 30.4, "PROKSI_NER": "Surplus/Deposisi" }, "geometry": { "type": "MultiLineString", "coordinates": [ [ [ 109.09641437008321, -6.835719857289967 ], [ 109.095905677693551, -6.835320867312435 ], [ 109.095893169153641, -6.83531105702924 ], [ 109.095882127809048, -6.835302396252533 ], [ 109.095856343326204, -6.835282172318609 ], [ 109.095753684258426, -6.835201652771945 ] ] ] } },
{ "type": "Feature", "properties": { "OBJECTID_1": 1360, "OBJECTID": 21, "ID": 0, "TAHUN": 2009, "DATE": "2009-01-01", "NAMA_TITIK": "T42", "ZONA": "SEL TIMUR", "SHAPE_LENG": 209.72580915200001, "TRANSECTID": 46, "TRANSORDER": 46, "SHORELINEI": "2009-01-01", "BASELINEID": 1, "DISTANCE": 282.24, "INTERSECTX": 297841.09771300008, "INTERSECTY": 9242467.6558999997, "UNCERTAINT": 10, "NAMA_TITI2": "T42", "D_TAHUN": 0.0, "LRR": -1.48, "SKOR_SHORE": 4, "RASTERVALU": 10.6361, "SKOR_SLOPE": 2, "RASTERVA_1": -1.41562, "SKOR_ELEV": 5, "GEOM_LAP": "Tambak", "SKOR_GEOM": 5, "KATEGORI": "Abrasi Sedang", "GELOMBANG": 0.25708306011031601, "PASUT": 0.922, "SLR": 4.69, "SKOR_GEL": 2, "SKOR_PASUT": 1, "SKOR_SLR": 5, "CVI": 27.386127875260001, "KELAS_CVI": 2, "KELAS_CV_1": "Rendah", "LAHAN": "Tambak", "JENIS": "Natural", "SKOR_LAHAN": 3, "DELTA_D": -38.86, "D_MEAN": -12.128823529411768, "D_MEDIAN": -9.64, "TSS_MIN_MG": 16.1, "TSS_RATA_R": 31.1, "TSS_MEDIAN": 27.2, "TSS_MAKS_M": 151.2, "TSS_STDDEV": 12.2, "HS": 0.25708306, "MWP_MEAN_S": 3.6043, "MWD_CIRCUL": 30.26, "JARAK_MUAR": 1130.0451134499999, "NAMA_SUNGA": "Kali Ketiwon", "MUARA_ID": "M5", "RESPON": "Abrasi", "TSS__BATAS": 30.4, "PROKSI_NER": "Defisit/Erosi" }, "geometry": { "type": "MultiLineString", "coordinates": [ [ [ 109.171986984102816, -6.851091346085393 ], [ 109.171719858026506, -6.850824220533964 ], [ 109.17171748964779, -6.850821851685019 ], [ 109.171644916101215, -6.850749277720976 ], [ 109.171634800016491, -6.850739162452075 ], [ 109.171513134906021, -6.85061749699045 ], [ 109.171470892522791, -6.8505752533879 ], [ 109.171447995499065, -6.850552356306677 ], [ 109.171441336929504, -6.85054676229474 ], [ 109.17142212140638, -6.850530617866258 ], [ 109.171410562695229, -6.850520906684961 ], [ 109.171041199100358, -6.850210581136718 ], [ 109.170782094357705, -6.849992891390684 ], [ 109.170733776573385, -6.84995229639975 ], [ 109.170653380712196, -6.849884750398009 ], [ 109.170579336824801, -6.849822541365313 ] ] ] } },
{ "type": "Feature", "properties": { "OBJECTID_1": 1361, "OBJECTID": 21, "ID": 0, "TAHUN": 2009, "DATE": "2009-01-01", "NAMA_TITIK": "T51", "ZONA": "SEL BARAT", "SHAPE_LENG": 201.47463498499999, "TRANSECTID": 20, "TRANSORDER": 20, "SHORELINEI": "2009-01-01", "BASELINEID": 1, "DISTANCE": 243.13, "INTERSECTX": 292989.61975299998, "INTERSECTY": 9242613.7897699997, "UNCERTAINT": 10, "NAMA_TITI2": "T51", "D_TAHUN": 0.0, "LRR": 0.72, "SKOR_SHORE": 3, "RASTERVALU": 2.59289, "SKOR_SLOPE": 4, "RASTERVA_1": -2.65623, "SKOR_ELEV": 5, "GEOM_LAP": "Aluvial", "SKOR_GEOM": 4, "KATEGORI": "Stabil", "GELOMBANG": 0.25708306011031601, "PASUT": 0.922, "SLR": 4.69, "SKOR_GEL": 2, "SKOR_PASUT": 1, "SKOR_SLR": 5, "CVI": 34.641016151380001, "KELAS_CVI": 2, "KELAS_CV_1": "Rendah", "LAHAN": "Muara", "JENIS": "Natural", "SKOR_LAHAN": 4, "DELTA_D": -5.44, "D_MEAN": -0.061000000000004002, "D_MEDIAN": -0.635000000000005, "TSS_MIN_MG": 16.9, "TSS_RATA_R": 28.3, "TSS_MEDIAN": 26.1, "TSS_MAKS_M": 67.3, "TSS_STDDEV": 8.5, "HS": 0.25708306, "MWP_MEAN_S": 3.6043, "MWD_CIRCUL": 30.26, "JARAK_MUAR": 19.716633507029201, "NAMA_SUNGA": "Kali Sibelis", "MUARA_ID": "M3", "RESPON": "Stabil", "TSS__BATAS": 30.4, "PROKSI_NER": "Relatif Seimbang" }, "geometry": { "type": "MultiLineString", "coordinates": [ [ [ 109.126697216473374, -6.848332222220741 ], [ 109.126633158588589, -6.848338993085629 ], [ 109.12662974768412, -6.848339353194997 ], [ 109.126571373138773, -6.848345522356147 ], [ 109.126556975658929, -6.848347043936857 ], [ 109.12654564156793, -6.848348242027118 ], [ 109.126541940159044, -6.848348633552008 ], [ 109.126528210565283, -6.848350083596828 ], [ 109.126498324189271, -6.848353241845357 ], [ 109.126483459733478, -6.848354813138665 ], [ 109.126384679210844, -6.848365253179693 ], [ 109.126365817417906, -6.848367246483528 ], [ 109.126328435916605, -6.848371197353231 ], [ 109.1263165561177, -6.848372452982717 ], [ 109.126285030805036, -6.848375784749074 ], [ 109.126265598977838, -6.848373638531476 ], [ 109.126253676751773, -6.848372321746648 ], [ 109.126224274020032, -6.848369074300116 ], [ 109.126176831969261, -6.84836383524162 ], [ 109.126079421470777, -6.848353076925756 ], [ 109.126001944646077, -6.848344521024337 ], [ 109.125959912593345, -6.848339878971581 ], [ 109.12563811661721, -6.848304339458323 ], [ 109.125505009143552, -6.848289639042362 ], [ 109.125466901449968, -6.848285430867183 ], [ 109.125418413249236, -6.848280075545652 ], [ 109.1251893557165, -6.848254778697613 ], [ 109.12499085653522, -6.848232855832042 ], [ 109.124885475411773, -6.848221216310203 ] ] ] } },
{ "type": "Feature", "properties": { "OBJECTID_1": 1374, "OBJECTID": 21, "ID": 0, "TAHUN": 2009, "DATE": "2009-01-01", "NAMA_TITIK": "T40", "ZONA": "SEL TIMUR", "SHAPE_LENG": 201.682764706, "TRANSECTID": 44, "TRANSORDER": 44, "SHORELINEI": "2009-01-01", "BASELINEID": 1, "DISTANCE": 310.21, "INTERSECTX": 297684.89068100002, "INTERSECTY": 9242595.6464399993, "UNCERTAINT": 10, "NAMA_TITI2": "T40", "D_TAHUN": 0.0, "LRR": -2.39, "SKOR_SHORE": 5, "RASTERVALU": 1.31742, "SKOR_SLOPE": 5, "RASTERVA_1": -2.87668, "SKOR_ELEV": 5, "GEOM_LAP": "Tambak", "SKOR_GEOM": 5, "KATEGORI": "Abrasi Tinggi", "GELOMBANG": 0.25708306011031601, "PASUT": 0.922, "SLR": 4.69, "SKOR_GEL": 2, "SKOR_PASUT": 1, "SKOR_SLR": 5, "CVI": 48.412291827590003, "KELAS_CVI": 3, "KELAS_CV_1": "Sedang", "LAHAN": "Tambak", "JENIS": "Natural", "SKOR_LAHAN": 3, "DELTA_D": -4.58, "D_MEAN": -12.128823529411768, "D_MEDIAN": -9.64, "TSS_MIN_MG": 16.1, "TSS_RATA_R": 31.1, "TSS_MEDIAN": 27.2, "TSS_MAKS_M": 151.2, "TSS_STDDEV": 12.2, "HS": 0.25708306, "MWP_MEAN_S": 3.6043, "MWD_CIRCUL": 30.26, "JARAK_MUAR": 727.664323427044, "NAMA_SUNGA": "Kali Ketiwon", "MUARA_ID": "M5", "RESPON": "Abrasi", "TSS__BATAS": 30.4, "PROKSI_NER": "Defisit/Erosi" }, "geometry": { "type": "MultiLineString", "coordinates": [ [ [ 109.169170658872929, -6.848659949173658 ], [ 109.169088953398187, -6.848595527296373 ], [ 109.169046892087906, -6.848562363748314 ], [ 109.16899997301347, -6.848525369791871 ], [ 109.168911476086805, -6.848455593862709 ], [ 109.168836140980588, -6.848396195279025 ], [ 109.168753220707572, -6.848330815764366 ], [ 109.16870802706093, -6.848295182782564 ], [ 109.168706990748305, -6.848294366002622 ], [ 109.168645863712442, -6.848246169713347 ], [ 109.168611538273794, -6.848219105181162 ], [ 109.16855507240281, -6.848174583934633 ], [ 109.168524109344531, -6.848150171426275 ], [ 109.168513748041192, -6.848142001823066 ], [ 109.168464874584586, -6.848103466948849 ], [ 109.168445974766783, -6.848088565956957 ], [ 109.168441537984535, -6.848084888144789 ], [ 109.168377945002078, -6.84803217705742 ], [ 109.168339251216352, -6.848000104052952 ], [ 109.16829037989244, -6.847959595416673 ], [ 109.168193966500681, -6.847879679935738 ], [ 109.168015499823383, -6.847731751656477 ], [ 109.167874978496627, -6.847615275979444 ], [ 109.167826185708762, -6.847574832714023 ], [ 109.167780558189406, -6.847537012696444 ], [ 109.167752100625052, -6.84751342434864 ] ] ] } },
{ "type": "Feature", "properties": { "OBJECTID_1": 1375, "OBJECTID": 21, "ID": 0, "TAHUN": 2009, "DATE": "2009-01-01", "NAMA_TITIK": "T41", "ZONA": "SEL TIMUR", "SHAPE_LENG": 201.96580808900001, "TRANSECTID": 45, "TRANSORDER": 45, "SHORELINEI": "2009-01-01", "BASELINEID": 1, "DISTANCE": 282.24, "INTERSECTX": 297841.09771300008, "INTERSECTY": 9242467.6558999997, "UNCERTAINT": 10, "NAMA_TITI2": "T41", "D_TAHUN": 0.0, "LRR": -2.12, "SKOR_SHORE": 5, "RASTERVALU": 9.05717, "SKOR_SLOPE": 2, "RASTERVA_1": -1.62402, "SKOR_ELEV": 5, "GEOM_LAP": "Tambak", "SKOR_GEOM": 5, "KATEGORI": "Abrasi Tinggi", "GELOMBANG": 0.25708306011031601, "PASUT": 0.922, "SLR": 4.69, "SKOR_GEL": 2, "SKOR_PASUT": 1, "SKOR_SLR": 5, "CVI": 30.618621784790001, "KELAS_CVI": 2, "KELAS_CV_1": "Rendah", "LAHAN": "Tambak", "JENIS": "Natural", "SKOR_LAHAN": 3, "DELTA_D": -38.86, "D_MEAN": -12.128823529411768, "D_MEDIAN": -9.64, "TSS_MIN_MG": 16.1, "TSS_RATA_R": 31.1, "TSS_MEDIAN": 27.2, "TSS_MAKS_M": 151.2, "TSS_STDDEV": 12.2, "HS": 0.25708306, "MWP_MEAN_S": 3.6043, "MWD_CIRCUL": 30.26, "JARAK_MUAR": 936.29342666807304, "NAMA_SUNGA": "Kali Ketiwon", "MUARA_ID": "M5", "RESPON": "Abrasi", "TSS__BATAS": 30.4, "PROKSI_NER": "Defisit/Erosi" }, "geometry": { "type": "MultiLineString", "coordinates": [ [ [ 109.170579336824801, -6.849822541365313 ], [ 109.170517553194173, -6.84977063298507 ], [ 109.170476766897622, -6.849736365876333 ], [ 109.17046220268638, -6.849724128794055 ], [ 109.170450614256239, -6.849714393074284 ], [ 109.170182868585186, -6.849489442457495 ], [ 109.169886655796745, -6.84924057342965 ], [ 109.169856973758883, -6.84921563511476 ], [ 109.169732563702198, -6.849111109795457 ], [ 109.169684977425078, -6.849071128736058 ], [ 109.169575469769015, -6.848979123872345 ], [ 109.169568500575792, -6.848973629023061 ], [ 109.16955751149051, -6.848964965184107 ], [ 109.169527100306738, -6.848940987000617 ], [ 109.169525258573671, -6.848939534248323 ], [ 109.16925925509203, -6.848729803209429 ], [ 109.169170658872929, -6.848659949173658 ] ] ] } },
{ "type": "Feature", "properties": { "OBJECTID_1": 1397, "OBJECTID": 21, "ID": 0, "TAHUN": 2009, "DATE": "2009-01-01", "NAMA_TITIK": "T39", "ZONA": "SEL TIMUR", "SHAPE_LENG": 203.32128582499999, "TRANSECTID": 43, "TRANSORDER": 43, "SHORELINEI": "2009-01-01", "BASELINEID": 1, "DISTANCE": 336.09, "INTERSECTX": 297527.59749399999, "INTERSECTY": 9242721.8554200009, "UNCERTAINT": 10, "NAMA_TITI2": "T39", "D_TAHUN": 0.0, "LRR": -3.6, "SKOR_SHORE": 5, "RASTERVALU": 0.000339, "SKOR_SLOPE": 5, "RASTERVA_1": -2.9425, "SKOR_ELEV": 5, "GEOM_LAP": "Pasir_Halus", "SKOR_GEOM": 3, "KATEGORI": "Abrasi Tinggi", "GELOMBANG": 0.25708306011031601, "PASUT": 0.922, "SLR": 4.69, "SKOR_GEL": 2, "SKOR_PASUT": 1, "SKOR_SLR": 5, "CVI": 30.618621784790001, "KELAS_CVI": 2, "KELAS_CV_1": "Rendah", "LAHAN": "Pantai", "JENIS": "Natural", "SKOR_LAHAN": 2, "DELTA_D": -21.73, "D_MEAN": -12.128823529411768, "D_MEDIAN": -9.64, "TSS_MIN_MG": 16.1, "TSS_RATA_R": 31.1, "TSS_MEDIAN": 27.2, "TSS_MAKS_M": 151.2, "TSS_STDDEV": 12.2, "HS": 0.25708306, "MWP_MEAN_S": 3.6043, "MWD_CIRCUL": 30.26, "JARAK_MUAR": 535.47677602736997, "NAMA_SUNGA": "Kali Ketiwon", "MUARA_ID": "M5", "RESPON": "Abrasi", "TSS__BATAS": 30.4, "PROKSI_NER": "Defisit/Erosi" }, "geometry": { "type": "MultiLineString", "coordinates": [ [ [ 109.167752100625052, -6.84751342434864 ], [ 109.167690295135088, -6.847462194690946 ], [ 109.167229199582934, -6.847079998594289 ], [ 109.166866587282314, -6.84677943281563 ], [ 109.166668013946321, -6.846580859400146 ], [ 109.166597092814882, -6.846509937786704 ], [ 109.166570599567606, -6.846483444625883 ], [ 109.16637960279084, -6.846292447886228 ] ] ] } },
{ "type": "Feature", "properties": { "OBJECTID_1": 1404, "OBJECTID": 21, "ID": 0, "TAHUN": 2009, "DATE": "2009-01-01", "NAMA_TITIK": "T38", "ZONA": "SEL TIMUR", "SHAPE_LENG": 170.83288760600001, "TRANSECTID": 42, "TRANSORDER": 42, "SHORELINEI": "2009-01-01", "BASELINEID": 1, "DISTANCE": 371.66, "INTERSECTX": 297375.34660500003, "INTERSECTY": 9242856.3349600006, "UNCERTAINT": 10, "NAMA_TITI2": "T38", "D_TAHUN": 0.0, "LRR": -4.04, "SKOR_SHORE": 5, "RASTERVALU": 0.000344, "SKOR_SLOPE": 5, "RASTERVA_1": -2.94192, "SKOR_ELEV": 5, "GEOM_LAP": "Pasir_Halus", "SKOR_GEOM": 3, "KATEGORI": "Abrasi Tinggi", "GELOMBANG": 0.25708306011031601, "PASUT": 0.922, "SLR": 4.69, "SKOR_GEL": 2, "SKOR_PASUT": 1, "SKOR_SLR": 5, "CVI": 30.618621784790001, "KELAS_CVI": 2, "KELAS_CV_1": "Rendah", "LAHAN": "Pantai", "JENIS": "Natural", "SKOR_LAHAN": 2, "DELTA_D": 0.0, "D_MEAN": -12.128823529411768, "D_MEDIAN": -9.64, "TSS_MIN_MG": 16.1, "TSS_RATA_R": 31.1, "TSS_MEDIAN": 27.2, "TSS_MAKS_M": 151.2, "TSS_STDDEV": 12.2, "HS": 0.25708306, "MWP_MEAN_S": 3.6043, "MWD_CIRCUL": 30.26, "JARAK_MUAR": 355.43647958132902, "NAMA_SUNGA": "Kali Ketiwon", "MUARA_ID": "M5", "RESPON": "Abrasi", "TSS__BATAS": 30.4, "PROKSI_NER": "Defisit/Erosi" }, "geometry": { "type": "MultiLineString", "coordinates": [ [ [ 109.166378726832392, -6.846291572041147 ], [ 109.166327598643193, -6.846240444492536 ], [ 109.165390080739371, -6.845537305129869 ], [ 109.165249619554231, -6.845431959309964 ], [ 109.165162454907858, -6.845344794950495 ], [ 109.165161167111748, -6.845343507049054 ], [ 109.16516101571294, -6.845343355478462 ] ] ] } },
{ "type": "Feature", "properties": { "OBJECTID_1": 1412, "OBJECTID": 21, "ID": 0, "TAHUN": 2009, "DATE": "2009-01-01", "NAMA_TITIK": "T37", "ZONA": "SEL TIMUR", "SHAPE_LENG": 202.43273394799999, "TRANSECTID": 41, "TRANSORDER": 41, "SHORELINEI": "2009-01-01", "BASELINEID": 1, "DISTANCE": 388.5, "INTERSECTX": 297240.25767299999, "INTERSECTY": 9242960.7745200004, "UNCERTAINT": 10, "NAMA_TITI2": "T37", "D_TAHUN": 0.0, "LRR": -4.54, "SKOR_SHORE": 5, "RASTERVALU": 0.000345, "SKOR_SLOPE": 5, "RASTERVA_1": -2.94128, "SKOR_ELEV": 5, "GEOM_LAP": "Pasir_Halus", "SKOR_GEOM": 3, "KATEGORI": "Abrasi Tinggi", "GELOMBANG": 0.25708306011031601, "PASUT": 0.922, "SLR": 4.69, "SKOR_GEL": 2, "SKOR_PASUT": 1, "SKOR_SLR": 5, "CVI": 30.618621784790001, "KELAS_CVI": 2, "KELAS_CV_1": "Rendah", "LAHAN": "Pantai", "JENIS": "Natural", "SKOR_LAHAN": 2, "DELTA_D": -3.48, "D_MEAN": -12.128823529411768, "D_MEDIAN": -9.64, "TSS_MIN_MG": 16.1, "TSS_RATA_R": 31.1, "TSS_MEDIAN": 27.2, "TSS_MAKS_M": 151.2, "TSS_STDDEV": 12.2, "HS": 0.25708306, "MWP_MEAN_S": 3.6043, "MWD_CIRCUL": 30.26, "JARAK_MUAR": 155.29372815372599, "NAMA_SUNGA": "Kali Ketiwon", "MUARA_ID": "M5", "RESPON": "Abrasi", "TSS__BATAS": 30.4, "PROKSI_NER": "Defisit/Erosi" }, "geometry": { "type": "MultiLineString", "coordinates": [ [ [ 109.16516101571294, -6.845343355478462 ], [ 109.165114873128175, -6.845297213373824 ], [ 109.164980124978854, -6.84516246470002 ], [ 109.164710630706054, -6.844892970016664 ], [ 109.164130807959964, -6.844315692080984 ], [ 109.163891362363216, -6.84407729704801 ], [ 109.163864614824305, -6.844050666312589 ] ] ] } },
{ "type": "Feature", "properties": { "OBJECTID_1": 1424, "OBJECTID": 21, "ID": 0, "TAHUN": 2009, "DATE": "2009-01-01", "NAMA_TITIK": "T44", "ZONA": "SEL BARAT", "SHAPE_LENG": 103.933267523, "TRANSECTID": 5, "TRANSORDER": 5, "SHORELINEI": "2009-01-01", "BASELINEID": 1, "DISTANCE": 309.43, "INTERSECTX": 290218.64465099998, "INTERSECTY": 9243601.38528, "UNCERTAINT": 10, "NAMA_TITI2": "T44", "D_TAHUN": 0.0, "LRR": -2.33, "SKOR_SHORE": 5, "RASTERVALU": 0.013365, "SKOR_SLOPE": 5, "RASTERVA_1": -2.91714, "SKOR_ELEV": 5, "GEOM_LAP": "Aluvial", "SKOR_GEOM": 4, "KATEGORI": "Abrasi Tinggi", "GELOMBANG": 0.25708306011031601, "PASUT": 0.922, "SLR": 4.69, "SKOR_GEL": 2, "SKOR_PASUT": 1, "SKOR_SLR": 5, "CVI": 50.0, "KELAS_CVI": 3, "KELAS_CV_1": "Sedang", "LAHAN": "Muara", "JENIS": "Natural", "SKOR_LAHAN": 4, "DELTA_D": -6.63, "D_MEAN": -0.061000000000004002, "D_MEDIAN": -0.635000000000005, "TSS_MIN_MG": 16.9, "TSS_RATA_R": 28.3, "TSS_MEDIAN": 26.1, "TSS_MAKS_M": 67.3, "TSS_STDDEV": 8.5, "HS": 0.25708306, "MWP_MEAN_S": 3.6043, "MWD_CIRCUL": 30.26, "JARAK_MUAR": 61.827697463302599, "NAMA_SUNGA": "KaliGangsa", "MUARA_ID": "M1", "RESPON": "Stabil", "TSS__BATAS": 30.4, "PROKSI_NER": "Relatif Seimbang" }, "geometry": { "type": "MultiLineString", "coordinates": [ [ [ 109.101666370226226, -6.839304985050405 ], [ 109.101465051444393, -6.839200852068937 ], [ 109.101276316080842, -6.839103228590439 ], [ 109.101236629750872, -6.839082700442374 ], [ 109.101233945900844, -6.839081311978755 ], [ 109.101164932209457, -6.839045614564577 ], [ 109.1011187371207, -6.8390217209198 ], [ 109.101058243522417, -6.838990430326501 ], [ 109.100834586734024, -6.838874742999617 ], [ 109.100831400058482, -6.838873094876789 ] ] ] } },
{ "type": "Feature", "properties": { "OBJECTID_1": 1425, "OBJECTID": 21, "ID": 0, "TAHUN": 2009, "DATE": "2009-01-01", "NAMA_TITIK": "T05", "ZONA": "SEL BARAT", "SHAPE_LENG": 202.751051878, "TRANSECTID": 6, "TRANSORDER": 6, "SHORELINEI": "2009-01-01", "BASELINEID": 1, "DISTANCE": 276.14, "INTERSECTX": 290399.07767899998, "INTERSECTY": 9243508.9086700007, "UNCERTAINT": 10, "NAMA_TITI2": "T05", "D_TAHUN": 0.0, "LRR": -1.47, "SKOR_SHORE": 4, "RASTERVALU": 6.15341, "SKOR_SLOPE": 3, "RASTERVA_1": -2.46219, "SKOR_ELEV": 5, "GEOM_LAP": "Pasir_Halus", "SKOR_GEOM": 3, "KATEGORI": "Abrasi Sedang", "GELOMBANG": 0.25708306011031601, "PASUT": 0.922, "SLR": 4.69, "SKOR_GEL": 2, "SKOR_PASUT": 1, "SKOR_SLR": 5, "CVI": 30.0, "KELAS_CVI": 2, "KELAS_CV_1": "Rendah", "LAHAN": "Muara", "JENIS": "Natural", "SKOR_LAHAN": 4, "DELTA_D": -26.42, "D_MEAN": -0.061000000000004002, "D_MEDIAN": -0.635000000000005, "TSS_MIN_MG": 16.9, "TSS_RATA_R": 28.3, "TSS_MEDIAN": 26.1, "TSS_MAKS_M": 67.3, "TSS_STDDEV": 8.5, "HS": 0.25708306, "MWP_MEAN_S": 3.6043, "MWD_CIRCUL": 30.26, "JARAK_MUAR": 4.2768385923696401, "NAMA_SUNGA": "KaliGangsa", "MUARA_ID": "M1", "RESPON": "Stabil", "TSS__BATAS": 30.4, "PROKSI_NER": "Relatif Seimbang" }, "geometry": { "type": "MultiLineString", "coordinates": [ [ [ 109.103295219312784, -6.840147505389314 ], [ 109.102630880645805, -6.839803877404482 ], [ 109.102496097243133, -6.839734161036118 ], [ 109.102468449789583, -6.839719860078627 ], [ 109.102430806244385, -6.839700389737945 ], [ 109.102192950309686, -6.839577358783312 ], [ 109.102164311662293, -6.839562545789993 ], [ 109.102158841936102, -6.839559716933171 ], [ 109.102008117151229, -6.839481754426937 ], [ 109.101981759750544, -6.839468121255408 ], [ 109.101976847925002, -6.839465580298668 ], [ 109.101666370226226, -6.839304985050405 ] ] ] } },
{ "type": "Feature", "properties": { "OBJECTID_1": 1426, "OBJECTID": 21, "ID": 0, "TAHUN": 2009, "DATE": "2009-01-01", "NAMA_TITIK": "T03", "ZONA": "SEL BARAT", "SHAPE_LENG": 200.43910939899999, "TRANSECTID": 3, "TRANSORDER": 3, "SHORELINEI": "2009-01-01", "BASELINEID": 1, "DISTANCE": 322.77, "INTERSECTX": 289955.044039, "INTERSECTY": 9243752.9241799992, "UNCERTAINT": 10, "NAMA_TITI2": "T03", "D_TAHUN": 0.0, "LRR": -3.26, "SKOR_SHORE": 5, "RASTERVALU": 6.99672, "SKOR_SLOPE": 3, "RASTERVA_1": -1.58426, "SKOR_ELEV": 5, "GEOM_LAP": "Pasir_Halus", "SKOR_GEOM": 3, "KATEGORI": "Abrasi Tinggi", "GELOMBANG": 0.25708306011031601, "PASUT": 0.922, "SLR": 4.69, "SKOR_GEL": 2, "SKOR_PASUT": 1, "SKOR_SLR": 5, "CVI": 23.717082451260001, "KELAS_CVI": 1, "KELAS_CV_1": "Sangat Rendah", "LAHAN": "Pantai", "JENIS": "Natural", "SKOR_LAHAN": 2, "DELTA_D": -11.17, "D_MEAN": -0.061000000000004002, "D_MEDIAN": -0.635000000000005, "TSS_MIN_MG": 16.9, "TSS_RATA_R": 28.3, "TSS_MEDIAN": 26.1, "TSS_MAKS_M": 67.3, "TSS_STDDEV": 8.5, "HS": 0.25708306, "MWP_MEAN_S": 3.6043, "MWD_CIRCUL": 30.26, "JARAK_MUAR": 387.64661320961198, "NAMA_SUNGA": "KaliGangsa", "MUARA_ID": "M1", "RESPON": "Stabil", "TSS__BATAS": 30.4, "PROKSI_NER": "Relatif Seimbang" }, "geometry": { "type": "MultiLineString", "coordinates": [ [ [ 109.099287329006842, -6.837925506014422 ], [ 109.099223446616875, -6.837886110944642 ], [ 109.099104132830746, -6.837791674087221 ], [ 109.099037826375323, -6.837739192299632 ], [ 109.09896399384138, -6.837680754303613 ], [ 109.098643189196025, -6.837426839303703 ], [ 109.098642278421508, -6.837426117838328 ], [ 109.098546420524372, -6.83735024734597 ], [ 109.098513967122827, -6.837324560705478 ], [ 109.098431165831713, -6.837259024282522 ], [ 109.098302012390775, -6.837156799265167 ], [ 109.098298925673461, -6.837154355904378 ], [ 109.098291937946669, -6.837148825852116 ], [ 109.09827763065357, -6.837137501338863 ], [ 109.098177852038603, -6.837058526856236 ], [ 109.098106616790005, -6.837002144154125 ], [ 109.09806484483758, -6.836968126325289 ], [ 109.09794099424218, -6.836867265719271 ], [ 109.097863618758936, -6.836804252365438 ] ] ] } },
{ "type": "Feature", "properties": { "OBJECTID_1": 1427, "OBJECTID": 21, "ID": 0, "TAHUN": 2009, "DATE": "2009-01-01", "NAMA_TITIK": "T04", "ZONA": "SEL BARAT", "SHAPE_LENG": 200.320261152, "TRANSECTID": 4, "TRANSORDER": 4, "SHORELINEI": "2009-01-01", "BASELINEID": 1, "DISTANCE": 333.8, "INTERSECTX": 290126.15189899999, "INTERSECTY": 9243648.7902099993, "UNCERTAINT": 10, "NAMA_TITI2": "T04", "D_TAHUN": 0.0, "LRR": -3.32, "SKOR_SHORE": 5, "RASTERVALU": 6.89058, "SKOR_SLOPE": 3, "RASTERVA_1": -2.22393, "SKOR_ELEV": 5, "GEOM_LAP": "Pasir_Halus", "SKOR_GEOM": 3, "KATEGORI": "Abrasi Tinggi", "GELOMBANG": 0.25708306011031601, "PASUT": 0.922, "SLR": 4.69, "SKOR_GEL": 2, "SKOR_PASUT": 1, "SKOR_SLR": 5, "CVI": 23.717082451260001, "KELAS_CVI": 1, "KELAS_CV_1": "Sangat Rendah", "LAHAN": "Pantai", "JENIS": "Natural", "SKOR_LAHAN": 2, "DELTA_D": -7.24, "D_MEAN": -0.061000000000004002, "D_MEDIAN": -0.635000000000005, "TSS_MIN_MG": 16.9, "TSS_RATA_R": 28.3, "TSS_MEDIAN": 26.1, "TSS_MAKS_M": 67.3, "TSS_STDDEV": 8.5, "HS": 0.25708306, "MWP_MEAN_S": 3.6043, "MWD_CIRCUL": 30.26, "JARAK_MUAR": 191.803552089433, "NAMA_SUNGA": "KaliGangsa", "MUARA_ID": "M1", "RESPON": "Stabil", "TSS__BATAS": 30.4, "PROKSI_NER": "Relatif Seimbang" }, "geometry": { "type": "MultiLineString", "coordinates": [ [ [ 109.100831400058482, -6.838873094876789 ], [ 109.100831217706542, -6.838873000129036 ], [ 109.100785075923568, -6.838849132890797 ], [ 109.100669468448828, -6.838777840914015 ], [ 109.10064941922559, -6.838765476650718 ], [ 109.100629522504519, -6.838753207016854 ], [ 109.100483583179496, -6.838663209374493 ], [ 109.100181592582373, -6.83847697907871 ], [ 109.099845315252651, -6.838269604342714 ], [ 109.099803529443093, -6.838243835702677 ], [ 109.099287329006842, -6.837925506014422 ] ] ] } },
{ "type": "Feature", "properties": { "OBJECTID_1": 1429, "OBJECTID": 21, "ID": 0, "TAHUN": 2009, "DATE": "2009-01-01", "NAMA_TITIK": "T02", "ZONA": "SEL BARAT", "SHAPE_LENG": 200.60850179600001, "TRANSECTID": 2, "TRANSORDER": 2, "SHORELINEI": "2009-01-01", "BASELINEID": 1, "DISTANCE": 335.1, "INTERSECTX": 289797.16493899998, "INTERSECTY": 9243876.3188000005, "UNCERTAINT": 10, "NAMA_TITI2": "T02", "D_TAHUN": 0.0, "LRR": -2.19, "SKOR_SHORE": 5, "RASTERVALU": 6.56471, "SKOR_SLOPE": 3, "RASTERVA_1": -1.78074, "SKOR_ELEV": 5, "GEOM_LAP": "Pasir_Halus", "SKOR_GEOM": 3, "KATEGORI": "Abrasi Tinggi", "GELOMBANG": 0.25708306011031601, "PASUT": 0.922, "SLR": 4.69, "SKOR_GEL": 2, "SKOR_PASUT": 1, "SKOR_SLR": 5, "CVI": 23.717082451260001, "KELAS_CVI": 1, "KELAS_CV_1": "Sangat Rendah", "LAHAN": "Pantai", "JENIS": "Natural", "SKOR_LAHAN": 2, "DELTA_D": 4.56, "D_MEAN": -0.061000000000004002, "D_MEDIAN": -0.635000000000005, "TSS_MIN_MG": 16.9, "TSS_RATA_R": 28.3, "TSS_MEDIAN": 26.1, "TSS_MAKS_M": 67.3, "TSS_STDDEV": 8.5, "HS": 0.25708306, "MWP_MEAN_S": 3.6043, "MWD_CIRCUL": 30.26, "JARAK_MUAR": 579.82548354246296, "NAMA_SUNGA": "KaliGangsa", "MUARA_ID": "M1", "RESPON": "Stabil", "TSS__BATAS": 30.4, "PROKSI_NER": "Relatif Seimbang" }, "geometry": { "type": "MultiLineString", "coordinates": [ [ [ 109.097863618758936, -6.836804252365438 ], [ 109.096456825547733, -6.835658595101092 ] ] ] } },
{ "type": "Feature", "properties": { "OBJECTID_1": 1431, "OBJECTID": 21, "ID": 0, "TAHUN": 2009, "DATE": "2009-01-01", "NAMA_TITIK": "T01", "ZONA": "SEL BARAT", "SHAPE_LENG": 105.31617162800001, "TRANSECTID": 1, "TRANSORDER": 1, "SHORELINEI": "2009-01-01", "BASELINEID": 1, "DISTANCE": 350.71, "INTERSECTX": 289641.14462600002, "INTERSECTY": 9244002.4197499994, "UNCERTAINT": 10, "NAMA_TITI2": "T01", "D_TAHUN": 0.0, "LRR": -0.96, "SKOR_SHORE": 3, "RASTERVALU": 0.111227, "SKOR_SLOPE": 5, "RASTERVA_1": -2.91494, "SKOR_ELEV": 5, "GEOM_LAP": "Pasir_Halus", "SKOR_GEOM": 3, "KATEGORI": "Stabil", "GELOMBANG": 0.25708306011031601, "PASUT": 0.922, "SLR": 4.69, "SKOR_GEL": 2, "SKOR_PASUT": 1, "SKOR_SLR": 5, "CVI": 23.717082451260001, "KELAS_CVI": 1, "KELAS_CV_1": "Rendah", "LAHAN": "Pantai", "JENIS": "Natural", "SKOR_LAHAN": 2, "DELTA_D": 8.24, "D_MEAN": -0.061000000000004002, "D_MEDIAN": -0.635000000000005, "TSS_MIN_MG": 16.9, "TSS_RATA_R": 28.3, "TSS_MEDIAN": 26.1, "TSS_MAKS_M": 67.3, "TSS_STDDEV": 8.5, "HS": 0.25708306, "MWP_MEAN_S": 3.6043, "MWD_CIRCUL": 30.26, "JARAK_MUAR": 778.10088489128304, "NAMA_SUNGA": "KaliGangsa", "MUARA_ID": "M1", "RESPON": "Stabil", "TSS__BATAS": 30.4, "PROKSI_NER": "Relatif Seimbang" }, "geometry": { "type": "MultiLineString", "coordinates": [ [ [ 109.096456825547733, -6.835658595101092 ], [ 109.095718285009994, -6.835057142941658 ] ] ] } },
{ "type": "Feature", "properties": { "OBJECTID_1": 1433, "OBJECTID": 22, "ID": 0, "TAHUN": 2010, "DATE": "2010-01-01", "NAMA_TITIK": "T42", "ZONA": "SEL TIMUR", "SHAPE_LENG": 229.59168285300001, "TRANSECTID": 46, "TRANSORDER": 46, "SHORELINEI": "2010", "BASELINEID": 1, "DISTANCE": 294.02, "INTERSECTX": 298025.78247699997, "INTERSECTY": 9242365.6032200009, "UNCERTAINT": 10, "NAMA_TITI2": "T42", "D_TAHUN": 0.0, "LRR": -1.48, "SKOR_SHORE": 4, "RASTERVALU": 10.6361, "SKOR_SLOPE": 2, "RASTERVA_1": -1.41562, "SKOR_ELEV": 5, "GEOM_LAP": "Tambak", "SKOR_GEOM": 5, "KATEGORI": "Abrasi Sedang", "GELOMBANG": 0.29514835336628997, "PASUT": 0.816, "SLR": 4.69, "SKOR_GEL": 5, "SKOR_PASUT": 5, "SKOR_SLR": 5, "CVI": 96.824583655189997, "KELAS_CVI": 5, "KELAS_CV_1": "Sangat Tinggi", "LAHAN": "Tambak", "JENIS": "Natural", "SKOR_LAHAN": 3, "DELTA_D": 11.78, "D_MEAN": 7.34625, "D_MEDIAN": 11.305, "TSS_MIN_MG": 11.4, "TSS_RATA_R": 54.7, "TSS_MEDIAN": 38.9, "TSS_MAKS_M": 476.7, "TSS_STDDEV": 47.6, "HS": 0.230361388, "MWP_MEAN_S": 3.441, "MWD_CIRCUL": 17.91, "JARAK_MUAR": 1130.0451134499999, "NAMA_SUNGA": "Kali Ketiwon", "MUARA_ID": "M5", "RESPON": "Akresi", "TSS__BATAS": 30.4, "PROKSI_NER": "Surplus/Deposisi" }, "geometry": { "type": "MultiLineString", "coordinates": [ [ [ 109.172253465493199, -6.850738301341905 ], [ 109.172234211384819, -6.85074130311185 ], [ 109.172209956151832, -6.850745084220375 ], [ 109.172203401737661, -6.850746105387837 ], [ 109.172201948015982, -6.850746332224185 ], [ 109.172200376623437, -6.850746576695874 ], [ 109.172197416680476, -6.850747038306165 ], [ 109.172174861380114, -6.850750553730465 ], [ 109.172174738274606, -6.850750573153443 ], [ 109.172173795074471, -6.850750720558332 ], [ 109.172145325315896, -6.850755159221986 ], [ 109.172069391484015, -6.850766995895748 ], [ 109.171962682400135, -6.85078362952173 ], [ 109.17195016555452, -6.850785580974151 ], [ 109.171901837027889, -6.850793114918241 ], [ 109.171892386032468, -6.850794587984836 ], [ 109.171874490600317, -6.850797377912745 ], [ 109.171861525690375, -6.850799399085678 ], [ 109.171845923082145, -6.850801831555761 ], [ 109.171790026337803, -6.85081054463507 ], [ 109.171752290240718, -6.850816427203385 ], [ 109.17171748964779, -6.850821851685019 ], [ 109.171644428379352, -6.850749071526581 ], [ 109.171633861539902, -6.850738544961542 ], [ 109.171511356512212, -6.850616511930054 ], [ 109.171468894510866, -6.850574213242466 ], [ 109.171441336929504, -6.85054676229474 ], [ 109.171427960988595, -6.850533437536743 ], [ 109.171409867149549, -6.850515413125319 ], [ 109.17126542740165, -6.85037152912926 ], [ 109.171165739685122, -6.850272224663861 ], [ 109.171147454804512, -6.850254010552681 ], [ 109.170815889416275, -6.849923721374721 ], [ 109.170707467263114, -6.849815716416179 ], [ 109.170630629293129, -6.849739173191636 ] ] ] } },
{ "type": "Feature", "properties": { "OBJECTID_1": 1441, "OBJECTID": 22, "ID": 0, "TAHUN": 2010, "DATE": "2010-01-01", "NAMA_TITIK": "T40", "ZONA": "SEL TIMUR", "SHAPE_LENG": 203.19648055900001, "TRANSECTID": 44, "TRANSORDER": 44, "SHORELINEI": "2010-01-01", "BASELINEID": 1, "DISTANCE": 327.19, "INTERSECTX": 297693.73002700001, "INTERSECTY": 9242610.1450500004, "UNCERTAINT": 10, "NAMA_TITI2": "T40", "D_TAHUN": 0.0, "LRR": -2.39, "SKOR_SHORE": 5, "RASTERVALU": 1.31742, "SKOR_SLOPE": 5, "RASTERVA_1": -2.87668, "SKOR_ELEV": 5, "GEOM_LAP": "Tambak", "SKOR_GEOM": 5, "KATEGORI": "Abrasi Tinggi", "GELOMBANG": 0.230361388010137, "PASUT": 0.881, "SLR": 4.69, "SKOR_GEL": 1, "SKOR_PASUT": 3, "SKOR_SLR": 5, "CVI": 59.292706128159999, "KELAS_CVI": 4, "KELAS_CV_1": "Tinggi", "LAHAN": "Tambak", "JENIS": "Natural", "SKOR_LAHAN": 3, "DELTA_D": 16.98, "D_MEAN": 7.34625, "D_MEDIAN": 11.305, "TSS_MIN_MG": 11.4, "TSS_RATA_R": 54.7, "TSS_MEDIAN": 38.9, "TSS_MAKS_M": 476.7, "TSS_STDDEV": 47.6, "HS": 0.230361388, "MWP_MEAN_S": 3.441, "MWD_CIRCUL": 17.91, "JARAK_MUAR": 727.664323427044, "NAMA_SUNGA": "Kali Ketiwon", "MUARA_ID": "M5", "RESPON": "Akresi", "TSS__BATAS": 30.4, "PROKSI_NER": "Surplus/Deposisi" }, "geometry": { "type": "MultiLineString", "coordinates": [ [ [ 109.16925112131959, -6.848529165628 ], [ 109.169072277157341, -6.848435933645684 ], [ 109.169066283182033, -6.848432809573835 ], [ 109.168995293566283, -6.848395802577032 ], [ 109.168753379684958, -6.848269691287922 ], [ 109.168667764992506, -6.848225059886508 ], [ 109.168608914157971, -6.848194380234592 ], [ 109.168524109344531, -6.848150171426275 ], [ 109.16849816980482, -6.848136649562344 ], [ 109.168487994783163, -6.848131345016461 ], [ 109.168438871185685, -6.848105736726281 ], [ 109.168407593153248, -6.848089431431299 ], [ 109.16839262314295, -6.848081627622319 ], [ 109.168391824130879, -6.84808121047653 ], [ 109.168388135120423, -6.848079287756735 ], [ 109.168386149992273, -6.848077246757724 ], [ 109.168343866653061, -6.848033779535203 ], [ 109.16834151748202, -6.8480313637347 ], [ 109.168330238380051, -6.848019769327138 ], [ 109.168193966500681, -6.847879679935738 ], [ 109.16778526126906, -6.847459525089593 ] ] ] } },
{ "type": "Feature", "properties": { "OBJECTID_1": 1443, "OBJECTID": 22, "ID": 0, "TAHUN": 2010, "DATE": "2010-01-01", "NAMA_TITIK": "T41", "ZONA": "SEL TIMUR", "SHAPE_LENG": 204.44593968699999, "TRANSECTID": 45, "TRANSORDER": 45, "SHORELINEI": "2010-01-01", "BASELINEID": 1, "DISTANCE": 293.07, "INTERSECTX": 297846.73245700001, "INTERSECTY": 9242476.8982100002, "UNCERTAINT": 10, "NAMA_TITI2": "T41", "D_TAHUN": 0.0, "LRR": -2.12, "SKOR_SHORE": 5, "RASTERVALU": 9.05717, "SKOR_SLOPE": 2, "RASTERVA_1": -1.62402, "SKOR_ELEV": 5, "GEOM_LAP": "Tambak", "SKOR_GEOM": 5, "KATEGORI": "Abrasi Tinggi", "GELOMBANG": 0.230361388010137, "PASUT": 0.881, "SLR": 4.69, "SKOR_GEL": 1, "SKOR_PASUT": 3, "SKOR_SLR": 5, "CVI": 37.5, "KELAS_CVI": 3, "KELAS_CV_1": "Sedang", "LAHAN": "Tambak", "JENIS": "Natural", "SKOR_LAHAN": 3, "DELTA_D": 10.83, "D_MEAN": 7.34625, "D_MEDIAN": 11.305, "TSS_MIN_MG": 11.4, "TSS_RATA_R": 54.7, "TSS_MEDIAN": 38.9, "TSS_MAKS_M": 476.7, "TSS_STDDEV": 47.6, "HS": 0.230361388, "MWP_MEAN_S": 3.441, "MWD_CIRCUL": 17.91, "JARAK_MUAR": 936.29342666807304, "NAMA_SUNGA": "Kali Ketiwon", "MUARA_ID": "M5", "RESPON": "Akresi", "TSS__BATAS": 30.4, "PROKSI_NER": "Surplus/Deposisi" }, "geometry": { "type": "MultiLineString", "coordinates": [ [ [ 109.170630629293129, -6.849739173191636 ], [ 109.170630133625863, -6.849738678542105 ], [ 109.170630096673946, -6.849738642235382 ], [ 109.170604960767491, -6.849713602813403 ], [ 109.170182806618115, -6.84929307057309 ], [ 109.170160257252135, -6.849270607873562 ], [ 109.170148492757889, -6.849258888677269 ], [ 109.17003382637327, -6.849144662814391 ], [ 109.169987293836229, -6.849098308814073 ], [ 109.169907708280377, -6.849019029957769 ], [ 109.169890696015415, -6.84900208286397 ], [ 109.169866460498497, -6.848977941056994 ], [ 109.169858876763641, -6.848970386023309 ], [ 109.169835361322896, -6.848946961237075 ], [ 109.169596913115555, -6.848709427772193 ], [ 109.169593536476938, -6.848707668091927 ], [ 109.16925112131959, -6.848529165628 ] ] ] } },
{ "type": "Feature", "properties": { "OBJECTID_1": 1453, "OBJECTID": 22, "ID": 0, "TAHUN": 2010, "DATE": "2010-01-01", "NAMA_TITIK": "T51", "ZONA": "SEL BARAT", "SHAPE_LENG": 202.010724856, "TRANSECTID": 20, "TRANSORDER": 20, "SHORELINEI": "2010-01-01", "BASELINEID": 1, "DISTANCE": 265.89, "INTERSECTX": 292992.75211100001, "INTERSECTY": 9242636.3328099996, "UNCERTAINT": 10, "NAMA_TITI2": "T51", "D_TAHUN": 0.0, "LRR": 0.72, "SKOR_SHORE": 3, "RASTERVALU": 2.59289, "SKOR_SLOPE": 4, "RASTERVA_1": -2.65623, "SKOR_ELEV": 5, "GEOM_LAP": "Aluvial", "SKOR_GEOM": 4, "KATEGORI": "Stabil", "GELOMBANG": 0.230361388010137, "PASUT": 0.881, "SLR": 4.69, "SKOR_GEL": 1, "SKOR_PASUT": 3, "SKOR_SLR": 5, "CVI": 42.426406871189997, "KELAS_CVI": 3, "KELAS_CV_1": "Rendah", "LAHAN": "Muara", "JENIS": "Natural", "SKOR_LAHAN": 4, "DELTA_D": 22.76, "D_MEAN": 9.999, "D_MEDIAN": 9.225, "TSS_MIN_MG": 13.5, "TSS_RATA_R": 30.6, "TSS_MEDIAN": 28.4, "TSS_MAKS_M": 165.3, "TSS_STDDEV": 12.6, "HS": 0.230361388, "MWP_MEAN_S": 3.441, "MWD_CIRCUL": 17.91, "JARAK_MUAR": 19.716633507029201, "NAMA_SUNGA": "Kali Sibelis", "MUARA_ID": "M3", "RESPON": "Akresi", "TSS__BATAS": 30.4, "PROKSI_NER": "Deposisi Lokal" }, "geometry": { "type": "MultiLineString", "coordinates": [ [ [ 109.126726347540412, -6.848128517893818 ], [ 109.126398913154617, -6.848124935985307 ], [ 109.126356873830275, -6.848124476444564 ], [ 109.126239529362351, -6.848123192583174 ], [ 109.126230631035696, -6.848123095505447 ], [ 109.126216775784158, -6.848123135515683 ], [ 109.126172595666901, -6.848123261625066 ], [ 109.125759987723654, -6.848124440147227 ], [ 109.125745871042298, -6.848124480028448 ], [ 109.125664459261401, -6.848124712240525 ], [ 109.125481907635503, -6.84812523348789 ], [ 109.12533003097063, -6.848125667274614 ], [ 109.125011191246273, -6.848126577108915 ], [ 109.124899445586962, -6.848126900604711 ], [ 109.124898976088261, -6.848126901485303 ] ] ] } },
{ "type": "Feature", "properties": { "OBJECTID_1": 1467, "OBJECTID": 22, "ID": 0, "TAHUN": 2010, "DATE": "2010-01-01", "NAMA_TITIK": "T39", "ZONA": "SEL TIMUR", "SHAPE_LENG": 207.69380045400001, "TRANSECTID": 43, "TRANSORDER": 43, "SHORELINEI": "2010-01-01", "BASELINEID": 1, "DISTANCE": 343.09, "INTERSECTX": 297531.24041899998, "INTERSECTY": 9242727.8306799997, "UNCERTAINT": 10, "NAMA_TITI2": "T39", "D_TAHUN": 0.0, "LRR": -3.6, "SKOR_SHORE": 5, "RASTERVALU": 0.000339, "SKOR_SLOPE": 5, "RASTERVA_1": -2.9425, "SKOR_ELEV": 5, "GEOM_LAP": "Pasir_Halus", "SKOR_GEOM": 3, "KATEGORI": "Abrasi Tinggi", "GELOMBANG": 0.230361388010137, "PASUT": 0.881, "SLR": 4.69, "SKOR_GEL": 1, "SKOR_PASUT": 3, "SKOR_SLR": 5, "CVI": 37.5, "KELAS_CVI": 3, "KELAS_CV_1": "Sedang", "LAHAN": "Pantai", "JENIS": "Natural", "SKOR_LAHAN": 2, "DELTA_D": 7.0, "D_MEAN": 7.34625, "D_MEDIAN": 11.305, "TSS_MIN_MG": 11.4, "TSS_RATA_R": 54.7, "TSS_MEDIAN": 38.9, "TSS_MAKS_M": 476.7, "TSS_STDDEV": 47.6, "HS": 0.230361388, "MWP_MEAN_S": 3.441, "MWD_CIRCUL": 17.91, "JARAK_MUAR": 535.47677602736997, "NAMA_SUNGA": "Kali Ketiwon", "MUARA_ID": "M5", "RESPON": "Akresi", "TSS__BATAS": 30.4, "PROKSI_NER": "Surplus/Deposisi" }, "geometry": { "type": "MultiLineString", "coordinates": [ [ [ 109.16778526126906, -6.847459525089593 ], [ 109.167447874222475, -6.847112685517756 ], [ 109.167349467017488, -6.847011521156628 ], [ 109.167193565283952, -6.846851251211947 ], [ 109.166894442359137, -6.846543747711183 ], [ 109.166609181869802, -6.846490628768266 ], [ 109.166585206243013, -6.846486163958204 ], [ 109.166570599567606, -6.846483444625883 ], [ 109.166563283575684, -6.846482082198858 ], [ 109.166378953502473, -6.846293096397142 ] ] ] } },
{ "type": "Feature", "properties": { "OBJECTID_1": 1476, "OBJECTID": 22, "ID": 0, "TAHUN": 2010, "DATE": "2010-01-01", "NAMA_TITIK": "T38", "ZONA": "SEL TIMUR", "SHAPE_LENG": 178.5078909, "TRANSECTID": 42, "TRANSORDER": 42, "SHORELINEI": "2010-01-01", "BASELINEID": 1, "DISTANCE": 371.56, "INTERSECTX": 297375.29231799999, "INTERSECTY": 9242856.2459200006, "UNCERTAINT": 10, "NAMA_TITI2": "T38", "D_TAHUN": 0.0, "LRR": -4.04, "SKOR_SHORE": 5, "RASTERVALU": 0.000344, "SKOR_SLOPE": 5, "RASTERVA_1": -2.94192, "SKOR_ELEV": 5, "GEOM_LAP": "Pasir_Halus", "SKOR_GEOM": 3, "KATEGORI": "Abrasi Tinggi", "GELOMBANG": 0.230361388010137, "PASUT": 0.881, "SLR": 4.69, "SKOR_GEL": 1, "SKOR_PASUT": 3, "SKOR_SLR": 5, "CVI": 37.5, "KELAS_CVI": 3, "KELAS_CV_1": "Sedang", "LAHAN": "Pantai", "JENIS": "Natural", "SKOR_LAHAN": 2, "DELTA_D": -0.100000000000023, "D_MEAN": 7.34625, "D_MEDIAN": 11.305, "TSS_MIN_MG": 11.4, "TSS_RATA_R": 54.7, "TSS_MEDIAN": 38.9, "TSS_MAKS_M": 476.7, "TSS_STDDEV": 47.6, "HS": 0.230361388, "MWP_MEAN_S": 3.441, "MWD_CIRCUL": 17.91, "JARAK_MUAR": 355.43647958132902, "NAMA_SUNGA": "Kali Ketiwon", "MUARA_ID": "M5", "RESPON": "Akresi", "TSS__BATAS": 30.4, "PROKSI_NER": "Surplus/Deposisi" }, "geometry": { "type": "MultiLineString", "coordinates": [ [ [ 109.166378953502473, -6.846293096397142 ], [ 109.166378792203943, -6.846292931226752 ], [ 109.166327598643193, -6.846240444492536 ], [ 109.166058103879877, -6.845970948409033 ], [ 109.16590158548037, -6.845832600596755 ], [ 109.165794311875203, -6.845737781012496 ], [ 109.165683115696098, -6.845547782065914 ], [ 109.165653984917256, -6.845498006929845 ], [ 109.165620034067842, -6.84543999559433 ], [ 109.165602006639176, -6.845409192985484 ], [ 109.165592360194879, -6.845392710617343 ], [ 109.165589050943083, -6.845387056102511 ], [ 109.165556308045595, -6.845331109026144 ], [ 109.165505628515703, -6.845244513391759 ], [ 109.165504448437574, -6.845242497158101 ], [ 109.165458194437093, -6.845163463530229 ], [ 109.165411410179303, -6.845083523729645 ], [ 109.165371108350513, -6.845054781674153 ] ] ] } },
{ "type": "Feature", "properties": { "OBJECTID_1": 1483, "OBJECTID": 22, "ID": 0, "TAHUN": 2010, "DATE": "2010-01-01", "NAMA_TITIK": "T37", "ZONA": "SEL TIMUR", "SHAPE_LENG": 200.00792707799999, "TRANSECTID": 41, "TRANSORDER": 41, "SHORELINEI": "2010-01-01", "BASELINEID": 1, "DISTANCE": 427.97, "INTERSECTX": 297263.35999100003, "INTERSECTY": 9242992.7797999997, "UNCERTAINT": 10, "NAMA_TITI2": "T37", "D_TAHUN": 0.0, "LRR": -4.54, "SKOR_SHORE": 5, "RASTERVALU": 0.000345, "SKOR_SLOPE": 5, "RASTERVA_1": -2.94128, "SKOR_ELEV": 5, "GEOM_LAP": "Pasir_Halus", "SKOR_GEOM": 3, "KATEGORI": "Abrasi Tinggi", "GELOMBANG": 0.230361388010137, "PASUT": 0.881, "SLR": 4.69, "SKOR_GEL": 1, "SKOR_PASUT": 3, "SKOR_SLR": 5, "CVI": 37.5, "KELAS_CVI": 3, "KELAS_CV_1": "Sedang", "LAHAN": "Pantai", "JENIS": "Natural", "SKOR_LAHAN": 2, "DELTA_D": 39.47, "D_MEAN": 7.34625, "D_MEDIAN": 11.305, "TSS_MIN_MG": 11.4, "TSS_RATA_R": 54.7, "TSS_MEDIAN": 38.9, "TSS_MAKS_M": 476.7, "TSS_STDDEV": 47.6, "HS": 0.230361388, "MWP_MEAN_S": 3.441, "MWD_CIRCUL": 17.91, "JARAK_MUAR": 155.29372815372599, "NAMA_SUNGA": "Kali Ketiwon", "MUARA_ID": "M5", "RESPON": "Akresi", "TSS__BATAS": 30.4, "PROKSI_NER": "Surplus/Deposisi" }, "geometry": { "type": "MultiLineString", "coordinates": [ [ [ 109.165371108350513, -6.845054781674153 ], [ 109.164578834524534, -6.844489768297658 ], [ 109.164444376984619, -6.844393879164175 ], [ 109.164393399910068, -6.84435752496891 ], [ 109.164259363765694, -6.844261935780087 ], [ 109.16394957991244, -6.844041011638134 ], [ 109.163902254201247, -6.844007206582043 ], [ 109.163898284455016, -6.844004430156873 ] ] ] } },
{ "type": "Feature", "properties": { "OBJECTID_1": 1492, "OBJECTID": 22, "ID": 0, "TAHUN": 2010, "DATE": "2010-01-01", "NAMA_TITIK": "T05", "ZONA": "SEL BARAT", "SHAPE_LENG": 204.35083880100001, "TRANSECTID": 6, "TRANSORDER": 6, "SHORELINEI": "2010-01-01", "BASELINEID": 1, "DISTANCE": 299.95, "INTERSECTX": 290406.310703, "INTERSECTY": 9243531.5904799998, "UNCERTAINT": 10, "NAMA_TITI2": "T05", "D_TAHUN": 0.0, "LRR": -1.47, "SKOR_SHORE": 4, "RASTERVALU": 6.15341, "SKOR_SLOPE": 3, "RASTERVA_1": -2.46219, "SKOR_ELEV": 5, "GEOM_LAP": "Pasir_Halus", "SKOR_GEOM": 3, "KATEGORI": "Abrasi Sedang", "GELOMBANG": 0.230361388010137, "PASUT": 0.881, "SLR": 4.69, "SKOR_GEL": 1, "SKOR_PASUT": 3, "SKOR_SLR": 5, "CVI": 36.742346141749998, "KELAS_CVI": 3, "KELAS_CV_1": "Sedang", "LAHAN": "Muara", "JENIS": "Natural", "SKOR_LAHAN": 4, "DELTA_D": 23.81, "D_MEAN": 9.999, "D_MEDIAN": 9.225, "TSS_MIN_MG": 13.5, "TSS_RATA_R": 30.6, "TSS_MEDIAN": 28.4, "TSS_MAKS_M": 165.3, "TSS_STDDEV": 12.6, "HS": 0.230361388, "MWP_MEAN_S": 3.441, "MWD_CIRCUL": 17.91, "JARAK_MUAR": 4.2768385923696401, "NAMA_SUNGA": "KaliGangsa", "MUARA_ID": "M1", "RESPON": "Akresi", "TSS__BATAS": 30.4, "PROKSI_NER": "Deposisi Lokal" }, "geometry": { "type": "MultiLineString", "coordinates": [ [ [ 109.103361456414035, -6.839942696316191 ], [ 109.103337321228096, -6.83992890469973 ], [ 109.103214380811465, -6.839858653830853 ], [ 109.103193698802016, -6.839846835949142 ], [ 109.103174148596821, -6.839835664452047 ], [ 109.103029204896927, -6.839752840945081 ], [ 109.102891998839709, -6.839674438309061 ], [ 109.102869870961356, -6.839661793778411 ], [ 109.102667245284792, -6.839546009197619 ], [ 109.102658075358562, -6.839540768940489 ], [ 109.102569500729501, -6.839490155274166 ], [ 109.102551643744079, -6.839479951512923 ], [ 109.102500089095159, -6.839450491885768 ], [ 109.102491772085543, -6.839445738692526 ], [ 109.102488816228387, -6.839444049898954 ], [ 109.102482824189138, -6.839440625885035 ], [ 109.102443317708861, -6.839418050698873 ], [ 109.102313883741431, -6.839344088880775 ], [ 109.101756695171048, -6.83902569890088 ] ] ] } },
{ "type": "Feature", "properties": { "OBJECTID_1": 1493, "OBJECTID": 22, "ID": 0, "TAHUN": 2010, "DATE": "2010-01-01", "NAMA_TITIK": "T03", "ZONA": "SEL BARAT", "SHAPE_LENG": 200.747026729, "TRANSECTID": 3, "TRANSORDER": 3, "SHORELINEI": "2010-01-01", "BASELINEID": 1, "DISTANCE": 352.73, "INTERSECTX": 289972.00726899999, "INTERSECTY": 9243777.6220999993, "UNCERTAINT": 10, "NAMA_TITI2": "T03", "D_TAHUN": 0.0, "LRR": -3.26, "SKOR_SHORE": 5, "RASTERVALU": 6.99672, "SKOR_SLOPE": 3, "RASTERVA_1": -1.58426, "SKOR_ELEV": 5, "GEOM_LAP": "Pasir_Halus", "SKOR_GEOM": 3, "KATEGORI": "Abrasi Tinggi", "GELOMBANG": 0.230361388010137, "PASUT": 0.881, "SLR": 4.69, "SKOR_GEL": 1, "SKOR_PASUT": 3, "SKOR_SLR": 5, "CVI": 29.04737509656, "KELAS_CVI": 2, "KELAS_CV_1": "Rendah", "LAHAN": "Pantai", "JENIS": "Natural", "SKOR_LAHAN": 2, "DELTA_D": 29.96, "D_MEAN": 9.999, "D_MEDIAN": 9.225, "TSS_MIN_MG": 13.5, "TSS_RATA_R": 30.6, "TSS_MEDIAN": 28.4, "TSS_MAKS_M": 165.3, "TSS_STDDEV": 12.6, "HS": 0.230361388, "MWP_MEAN_S": 3.441, "MWD_CIRCUL": 17.91, "JARAK_MUAR": 387.64661320961198, "NAMA_SUNGA": "KaliGangsa", "MUARA_ID": "M1", "RESPON": "Akresi", "TSS__BATAS": 30.4, "PROKSI_NER": "Deposisi Lokal" }, "geometry": { "type": "MultiLineString", "coordinates": [ [ [ 109.099441656361051, -6.837702818733682 ], [ 109.099353130354785, -6.837652231970631 ], [ 109.099292305234542, -6.837617474446791 ], [ 109.099092334139954, -6.837503203749388 ], [ 109.098629511277807, -6.837238731074755 ], [ 109.098511585175231, -6.837171344427726 ], [ 109.098298967203462, -6.837049846673851 ], [ 109.09822432977623, -6.837007195808466 ], [ 109.098135241785428, -6.836956287516576 ], [ 109.098120418457881, -6.836947817062084 ], [ 109.098013220116869, -6.836886560122964 ], [ 109.097882708295458, -6.836811981130555 ], [ 109.097875973541321, -6.836808132824318 ], [ 109.097868685216341, -6.836802218235951 ], [ 109.097866448133672, -6.836800402974371 ], [ 109.097866350751687, -6.836800323931561 ] ] ] } },
{ "type": "Feature", "properties": { "OBJECTID_1": 1495, "OBJECTID": 22, "ID": 0, "TAHUN": 2010, "DATE": "2010-01-01", "NAMA_TITIK": "T44", "ZONA": "SEL BARAT", "SHAPE_LENG": 94.050312587899995, "TRANSECTID": 5, "TRANSORDER": 5, "SHORELINEI": "2010-01-01", "BASELINEID": 1, "DISTANCE": 341.89, "INTERSECTX": 290228.50793099997, "INTERSECTY": 9243632.3152300008, "UNCERTAINT": 10, "NAMA_TITI2": "T44", "D_TAHUN": 0.0, "LRR": -2.33, "SKOR_SHORE": 5, "RASTERVALU": 0.013365, "SKOR_SLOPE": 5, "RASTERVA_1": -2.91714, "SKOR_ELEV": 5, "GEOM_LAP": "Aluvial", "SKOR_GEOM": 4, "KATEGORI": "Abrasi Tinggi", "GELOMBANG": 0.230361388010137, "PASUT": 0.881, "SLR": 4.69, "SKOR_GEL": 1, "SKOR_PASUT": 3, "SKOR_SLR": 5, "CVI": 61.237243569580002, "KELAS_CVI": 4, "KELAS_CV_1": "Tinggi", "LAHAN": "Muara", "JENIS": "Natural", "SKOR_LAHAN": 4, "DELTA_D": 32.46, "D_MEAN": 9.999, "D_MEDIAN": 9.225, "TSS_MIN_MG": 13.5, "TSS_RATA_R": 30.6, "TSS_MEDIAN": 28.4, "TSS_MAKS_M": 165.3, "TSS_STDDEV": 12.6, "HS": 0.230361388, "MWP_MEAN_S": 3.441, "MWD_CIRCUL": 17.91, "JARAK_MUAR": 61.827697463302599, "NAMA_SUNGA": "KaliGangsa", "MUARA_ID": "M1", "RESPON": "Akresi", "TSS__BATAS": 30.4, "PROKSI_NER": "Deposisi Lokal" }, "geometry": { "type": "MultiLineString", "coordinates": [ [ [ 109.101756695171048, -6.83902569890088 ], [ 109.101627093573924, -6.838951641360612 ], [ 109.101532153520253, -6.838897389599474 ], [ 109.101525421404716, -6.838893543147421 ], [ 109.101226293293394, -6.83872261326645 ], [ 109.101093057324491, -6.838646478996206 ], [ 109.101018123285513, -6.83860365909629 ] ] ] } },
{ "type": "Feature", "properties": { "OBJECTID_1": 1496, "OBJECTID": 22, "ID": 0, "TAHUN": 2010, "DATE": "2010-01-01", "NAMA_TITIK": "T04", "ZONA": "SEL BARAT", "SHAPE_LENG": 200.74911802400001, "TRANSECTID": 4, "TRANSORDER": 4, "SHORELINEI": "2010-01-01", "BASELINEID": 1, "DISTANCE": 370.06, "INTERSECTX": 290146.67606799997, "INTERSECTY": 9243678.6727399994, "UNCERTAINT": 10, "NAMA_TITI2": "T04", "D_TAHUN": 0.0, "LRR": -3.32, "SKOR_SHORE": 5, "RASTERVALU": 6.89058, "SKOR_SLOPE": 3, "RASTERVA_1": -2.22393, "SKOR_ELEV": 5, "GEOM_LAP": "Pasir_Halus", "SKOR_GEOM": 3, "KATEGORI": "Abrasi Tinggi", "GELOMBANG": 0.230361388010137, "PASUT": 0.881, "SLR": 4.69, "SKOR_GEL": 1, "SKOR_PASUT": 3, "SKOR_SLR": 5, "CVI": 29.04737509656, "KELAS_CVI": 2, "KELAS_CV_1": "Rendah", "LAHAN": "Pantai", "JENIS": "Natural", "SKOR_LAHAN": 2, "DELTA_D": 36.26, "D_MEAN": 9.999, "D_MEDIAN": 9.225, "TSS_MIN_MG": 13.5, "TSS_RATA_R": 30.6, "TSS_MEDIAN": 28.4, "TSS_MAKS_M": 165.3, "TSS_STDDEV": 12.6, "HS": 0.230361388, "MWP_MEAN_S": 3.441, "MWD_CIRCUL": 17.91, "JARAK_MUAR": 191.803552089433, "NAMA_SUNGA": "KaliGangsa", "MUARA_ID": "M1", "RESPON": "Akresi", "TSS__BATAS": 30.4, "PROKSI_NER": "Deposisi Lokal" }, "geometry": { "type": "MultiLineString", "coordinates": [ [ [ 109.101018123285513, -6.83860365909629 ], [ 109.099441656361051, -6.837702818733682 ] ] ] } },
{ "type": "Feature", "properties": { "OBJECTID_1": 1500, "OBJECTID": 22, "ID": 0, "TAHUN": 2010, "DATE": "2010-01-01", "NAMA_TITIK": "T02", "ZONA": "SEL BARAT", "SHAPE_LENG": 200.58262871, "TRANSECTID": 2, "TRANSORDER": 2, "SHORELINEI": "2010-01-01", "BASELINEID": 1, "DISTANCE": 335.63, "INTERSECTX": 289797.46459599998, "INTERSECTY": 9243876.7550900001, "UNCERTAINT": 10, "NAMA_TITI2": "T02", "D_TAHUN": 0.0, "LRR": -2.19, "SKOR_SHORE": 5, "RASTERVALU": 6.56471, "SKOR_SLOPE": 3, "RASTERVA_1": -1.78074, "SKOR_ELEV": 5, "GEOM_LAP": "Pasir_Halus", "SKOR_GEOM": 3, "KATEGORI": "Abrasi Tinggi", "GELOMBANG": 0.230361388010137, "PASUT": 0.881, "SLR": 4.69, "SKOR_GEL": 1, "SKOR_PASUT": 3, "SKOR_SLR": 5, "CVI": 29.04737509656, "KELAS_CVI": 2, "KELAS_CV_1": "Rendah", "LAHAN": "Pantai", "JENIS": "Natural", "SKOR_LAHAN": 2, "DELTA_D": 0.52999999999997305, "D_MEAN": 9.999, "D_MEDIAN": 9.225, "TSS_MIN_MG": 13.5, "TSS_RATA_R": 30.6, "TSS_MEDIAN": 28.4, "TSS_MAKS_M": 165.3, "TSS_STDDEV": 12.6, "HS": 0.230361388, "MWP_MEAN_S": 3.441, "MWD_CIRCUL": 17.91, "JARAK_MUAR": 579.82548354246296, "NAMA_SUNGA": "KaliGangsa", "MUARA_ID": "M1", "RESPON": "Akresi", "TSS__BATAS": 30.4, "PROKSI_NER": "Deposisi Lokal" }, "geometry": { "type": "MultiLineString", "coordinates": [ [ [ 109.097866350751687, -6.836800323931561 ], [ 109.096457764431207, -6.835657240833424 ] ] ] } },
{ "type": "Feature", "properties": { "OBJECTID_1": 1501, "OBJECTID": 22, "ID": 0, "TAHUN": 2010, "DATE": "2010-01-01", "NAMA_TITIK": "T01", "ZONA": "SEL BARAT", "SHAPE_LENG": 105.302176132, "TRANSECTID": 1, "TRANSORDER": 1, "SHORELINEI": "2010-01-01", "BASELINEID": 1, "DISTANCE": 350.89, "INTERSECTX": 289641.24778400001, "INTERSECTY": 9244002.5699400008, "UNCERTAINT": 10, "NAMA_TITI2": "T01", "D_TAHUN": 0.0, "LRR": -0.96, "SKOR_SHORE": 3, "RASTERVALU": 0.111227, "SKOR_SLOPE": 5, "RASTERVA_1": -2.91494, "SKOR_ELEV": 5, "GEOM_LAP": "Pasir_Halus", "SKOR_GEOM": 3, "KATEGORI": "Stabil", "GELOMBANG": 0.230361388010137, "PASUT": 0.881, "SLR": 4.69, "SKOR_GEL": 1, "SKOR_PASUT": 3, "SKOR_SLR": 5, "CVI": 29.04737509656, "KELAS_CVI": 2, "KELAS_CV_1": "Rendah", "LAHAN": "Pantai", "JENIS": "Natural", "SKOR_LAHAN": 2, "DELTA_D": 0.18000000000000699, "D_MEAN": 9.999, "D_MEDIAN": 9.225, "TSS_MIN_MG": 13.5, "TSS_RATA_R": 30.6, "TSS_MEDIAN": 28.4, "TSS_MAKS_M": 165.3, "TSS_STDDEV": 12.6, "HS": 0.230361388, "MWP_MEAN_S": 3.441, "MWD_CIRCUL": 17.91, "JARAK_MUAR": 778.10088489128304, "NAMA_SUNGA": "KaliGangsa", "MUARA_ID": "M1", "RESPON": "Akresi", "TSS__BATAS": 30.4, "PROKSI_NER": "Deposisi Lokal" }, "geometry": { "type": "MultiLineString", "coordinates": [ [ [ 109.096457764431207, -6.835657240833424 ], [ 109.095718285009994, -6.835057142941658 ] ] ] } },
{ "type": "Feature", "properties": { "OBJECTID_1": 1504, "OBJECTID": 23, "ID": 0, "TAHUN": 2011, "DATE": "2011-01-01", "NAMA_TITIK": "T42", "ZONA": "SEL TIMUR", "SHAPE_LENG": 221.609404603, "TRANSECTID": 46, "TRANSORDER": 46, "SHORELINEI": "2011-01-01", "BASELINEID": 1, "DISTANCE": 306.18, "INTERSECTX": 297853.55779099994, "INTERSECTY": 9242488.0933699999, "UNCERTAINT": 10, "NAMA_TITI2": "T42", "D_TAHUN": 0.0, "LRR": -1.48, "SKOR_SHORE": 4, "RASTERVALU": 10.6361, "SKOR_SLOPE": 2, "RASTERVA_1": -1.41562, "SKOR_ELEV": 5, "GEOM_LAP": "Tambak", "SKOR_GEOM": 5, "KATEGORI": "Abrasi Sedang", "GELOMBANG": 0.29196819838355498, "PASUT": 0.827, "SLR": 4.69, "SKOR_GEL": 5, "SKOR_PASUT": 5, "SKOR_SLR": 5, "CVI": 96.824583655189997, "KELAS_CVI": 5, "KELAS_CV_1": "Sangat Tinggi", "LAHAN": "Tambak", "JENIS": "Natural", "SKOR_LAHAN": 3, "DELTA_D": 12.16, "D_MEAN": -2.6238888888888878, "D_MEDIAN": 6.815, "TSS_MIN_MG": 12.2, "TSS_RATA_R": 38.7, "TSS_MEDIAN": 32.1, "TSS_MAKS_M": 138.1, "TSS_STDDEV": 20.3, "HS": 0.291968198, "MWP_MEAN_S": 3.7595, "MWD_CIRCUL": 21.51, "JARAK_MUAR": 1130.0451134499999, "NAMA_SUNGA": "Kali Ketiwon", "MUARA_ID": "M5", "RESPON": "Akresi", "TSS__BATAS": 30.4, "PROKSI_NER": "Surplus/Deposisi" }, "geometry": { "type": "MultiLineString", "coordinates": [ [ [ 109.172258880070345, -6.850664354173054 ], [ 109.172179695757876, -6.850653417382184 ], [ 109.172142465740663, -6.850648275778577 ], [ 109.172118975462482, -6.850645030917041 ], [ 109.172082076373741, -6.850639934871579 ], [ 109.172074552795024, -6.850638895404689 ], [ 109.17206974352527, -6.85063823154228 ], [ 109.172061311258119, -6.850637066557364 ], [ 109.172059846507779, -6.850636863879259 ], [ 109.172042247785896, -6.850634433467148 ], [ 109.172020769279527, -6.850631467501065 ], [ 109.172018595660717, -6.850631167189763 ], [ 109.172013920211114, -6.850630521014873 ], [ 109.171914771897207, -6.850616827412842 ], [ 109.171878214594884, -6.850611777860933 ], [ 109.171869661171101, -6.850610596137153 ], [ 109.171766368170637, -6.850596329778044 ], [ 109.171645347174817, -6.850579614397668 ], [ 109.171569011043843, -6.850569070808376 ], [ 109.171533877817438, -6.850564218331908 ], [ 109.171498446216148, -6.850559324934802 ], [ 109.171474814904954, -6.850556060520044 ], [ 109.171447995499065, -6.850552356306677 ], [ 109.171435288686197, -6.850536975342382 ], [ 109.171408489207323, -6.85050453636254 ], [ 109.171346945240657, -6.850430041442792 ], [ 109.171288773622834, -6.850359628941711 ], [ 109.171255099828215, -6.850318869107561 ], [ 109.171094812825885, -6.85012485105556 ], [ 109.171085561208784, -6.850113652281916 ], [ 109.171030036201685, -6.850046442401426 ], [ 109.170978880376325, -6.849984521256935 ], [ 109.170811680542798, -6.849782136056707 ], [ 109.170755056116235, -6.849713594684252 ], [ 109.170719494086612, -6.849670549185694 ], [ 109.170692758631816, -6.849638188190878 ] ] ] } },
{ "type": "Feature", "properties": { "OBJECTID_1": 1513, "OBJECTID": 23, "ID": 0, "TAHUN": 2011, "DATE": "2011-01-01", "NAMA_TITIK": "T40", "ZONA": "SEL TIMUR", "SHAPE_LENG": 210.63476944600001, "TRANSECTID": 44, "TRANSORDER": 44, "SHORELINEI": "2011-01-01", "BASELINEID": 1, "DISTANCE": 287.68, "INTERSECTX": 297673.16318600002, "INTERSECTY": 9242576.4105799999, "UNCERTAINT": 10, "NAMA_TITI2": "T40", "D_TAHUN": 0.0, "LRR": -2.39, "SKOR_SHORE": 5, "RASTERVALU": 1.31742, "SKOR_SLOPE": 5, "RASTERVA_1": -2.87668, "SKOR_ELEV": 5, "GEOM_LAP": "Tambak", "SKOR_GEOM": 5, "KATEGORI": "Abrasi Tinggi", "GELOMBANG": 0.29196819838355498, "PASUT": 0.827, "SLR": 4.69, "SKOR_GEL": 5, "SKOR_PASUT": 5, "SKOR_SLR": 5, "CVI": 171.16329922035999, "KELAS_CVI": 5, "KELAS_CV_1": "Sangat Tinggi", "LAHAN": "Tambak", "JENIS": "Natural", "SKOR_LAHAN": 3, "DELTA_D": -39.51, "D_MEAN": -2.6238888888888878, "D_MEDIAN": 6.815, "TSS_MIN_MG": 12.2, "TSS_RATA_R": 38.7, "TSS_MEDIAN": 32.1, "TSS_MAKS_M": 138.1, "TSS_STDDEV": 20.3, "HS": 0.291968198, "MWP_MEAN_S": 3.7595, "MWD_CIRCUL": 21.51, "JARAK_MUAR": 727.664323427044, "NAMA_SUNGA": "Kali Ketiwon", "MUARA_ID": "M5", "RESPON": "Akresi", "TSS__BATAS": 30.4, "PROKSI_NER": "Surplus/Deposisi" }, "geometry": { "type": "MultiLineString", "coordinates": [ [ [ 109.169063904729256, -6.848833462130369 ], [ 109.169023908249571, -6.848786896083339 ], [ 109.169003409710641, -6.848763029784376 ], [ 109.168986463289727, -6.848743299944987 ], [ 109.168914653567427, -6.848659695315664 ], [ 109.168896928105113, -6.848639057452091 ], [ 109.168667164567765, -6.848371550738571 ], [ 109.168637711023877, -6.848337258910217 ], [ 109.168595540490813, -6.848288160176341 ], [ 109.168584888654323, -6.848275758947529 ], [ 109.168574668225915, -6.84826385935768 ], [ 109.1685042960641, -6.848181926529911 ], [ 109.168477880389958, -6.848151171555892 ], [ 109.168453576710689, -6.848122875780981 ], [ 109.168439278206051, -6.848106228326802 ], [ 109.168438871185685, -6.848105736726281 ], [ 109.168422927127196, -6.848086486281553 ], [ 109.168377945002078, -6.84803217705742 ], [ 109.168325465417738, -6.847968815840092 ], [ 109.168295587207638, -6.847932742113117 ], [ 109.168121381472673, -6.847722414814299 ], [ 109.167835716333741, -6.847377515726024 ] ] ] } },
{ "type": "Feature", "properties": { "OBJECTID_1": 1514, "OBJECTID": 23, "ID": 0, "TAHUN": 2011, "DATE": "2011-01-01", "NAMA_TITIK": "T41", "ZONA": "SEL TIMUR", "SHAPE_LENG": 211.88301188299999, "TRANSECTID": 45, "TRANSORDER": 45, "SHORELINEI": "2011-01-01", "BASELINEID": 1, "DISTANCE": 306.18, "INTERSECTX": 297853.55779099994, "INTERSECTY": 9242488.0933699999, "UNCERTAINT": 10, "NAMA_TITI2": "T41", "D_TAHUN": 0.0, "LRR": -2.12, "SKOR_SHORE": 5, "RASTERVALU": 9.05717, "SKOR_SLOPE": 2, "RASTERVA_1": -1.62402, "SKOR_ELEV": 5, "GEOM_LAP": "Tambak", "SKOR_GEOM": 5, "KATEGORI": "Abrasi Tinggi", "GELOMBANG": 0.29196819838355498, "PASUT": 0.827, "SLR": 4.69, "SKOR_GEL": 5, "SKOR_PASUT": 5, "SKOR_SLR": 5, "CVI": 108.25317547305001, "KELAS_CVI": 5, "KELAS_CV_1": "Sangat Tinggi", "LAHAN": "Tambak", "JENIS": "Natural", "SKOR_LAHAN": 3, "DELTA_D": 13.11, "D_MEAN": -2.6238888888888878, "D_MEDIAN": 6.815, "TSS_MIN_MG": 12.2, "TSS_RATA_R": 38.7, "TSS_MEDIAN": 32.1, "TSS_MAKS_M": 138.1, "TSS_STDDEV": 20.3, "HS": 0.291968198, "MWP_MEAN_S": 3.7595, "MWD_CIRCUL": 21.51, "JARAK_MUAR": 936.29342666807304, "NAMA_SUNGA": "Kali Ketiwon", "MUARA_ID": "M5", "RESPON": "Akresi", "TSS__BATAS": 30.4, "PROKSI_NER": "Surplus/Deposisi" }, "geometry": { "type": "MultiLineString", "coordinates": [ [ [ 109.170692758631816, -6.849638188190878 ], [ 109.170617246529318, -6.849546785773684 ], [ 109.170528304606151, -6.849439127119521 ], [ 109.170520937732164, -6.849430209457505 ], [ 109.170427140435919, -6.849316672506479 ], [ 109.170411906021343, -6.849298232206147 ], [ 109.170372836660491, -6.84925094101216 ], [ 109.170360457691189, -6.84923595639895 ], [ 109.170338006793912, -6.849208780741666 ], [ 109.170312683654615, -6.849203442957893 ], [ 109.170288411766464, -6.849198327076138 ], [ 109.170277940831966, -6.849196119956235 ], [ 109.170205604253468, -6.849180871775583 ], [ 109.170120587583455, -6.849162951453619 ], [ 109.170076177420896, -6.849153589835497 ], [ 109.170070375200737, -6.849152367027714 ], [ 109.170042030289892, -6.849146392051587 ], [ 109.17003382637327, -6.849144662814391 ], [ 109.169991722999342, -6.849135788269758 ], [ 109.169971966170323, -6.849131623556064 ], [ 109.169931684184789, -6.849123132974018 ], [ 109.169883363705708, -6.849112947233051 ], [ 109.169699273708758, -6.849074142473627 ], [ 109.169684977425078, -6.849071128736058 ], [ 109.16958633614189, -6.849050336389341 ], [ 109.169517519468528, -6.84903583026924 ], [ 109.169494066553952, -6.849030886547486 ], [ 109.16944412719532, -6.849020360064701 ], [ 109.169420726710086, -6.849015427389299 ], [ 109.169359912388558, -6.849002608136821 ], [ 109.169357613738697, -6.849002123796927 ], [ 109.16935619369211, -6.849001824538341 ], [ 109.169316821081281, -6.848993524533733 ], [ 109.169175862299753, -6.848963811487954 ], [ 109.169093459204802, -6.848867870967839 ], [ 109.169063904729256, -6.848833462130369 ] ] ] } },
{ "type": "Feature", "properties": { "OBJECTID_1": 1519, "OBJECTID": 23, "ID": 0, "TAHUN": 2011, "DATE": "2011-01-01", "NAMA_TITIK": "T51", "ZONA": "SEL BARAT", "SHAPE_LENG": 205.791711212, "TRANSECTID": 20, "TRANSORDER": 20, "SHORELINEI": "2011-01-01", "BASELINEID": 1, "DISTANCE": 246.21, "INTERSECTX": 292990.04388100002, "INTERSECTY": 9242616.8421500009, "UNCERTAINT": 10, "NAMA_TITI2": "T51", "D_TAHUN": 0.0, "LRR": 0.72, "SKOR_SHORE": 3, "RASTERVALU": 2.59289, "SKOR_SLOPE": 4, "RASTERVA_1": -2.65623, "SKOR_ELEV": 5, "GEOM_LAP": "Aluvial", "SKOR_GEOM": 4, "KATEGORI": "Stabil", "GELOMBANG": 0.29196819838355498, "PASUT": 0.827, "SLR": 4.69, "SKOR_GEL": 5, "SKOR_PASUT": 5, "SKOR_SLR": 5, "CVI": 122.47448713916, "KELAS_CVI": 5, "KELAS_CV_1": "Sangat Tinggi", "LAHAN": "Muara", "JENIS": "Natural", "SKOR_LAHAN": 4, "DELTA_D": -19.68, "D_MEAN": -1.1685, "D_MEDIAN": 1.915, "TSS_MIN_MG": 10.9, "TSS_RATA_R": 39.5, "TSS_MEDIAN": 36.2, "TSS_MAKS_M": 110.3, "TSS_STDDEV": 16.8, "HS": 0.291968198, "MWP_MEAN_S": 3.7595, "MWD_CIRCUL": 21.51, "JARAK_MUAR": 19.716633507029201, "NAMA_SUNGA": "Kali Sibelis", "MUARA_ID": "M3", "RESPON": "Akresi", "TSS__BATAS": 30.4, "PROKSI_NER": "Surplus/Deposisi" }, "geometry": { "type": "MultiLineString", "coordinates": [ [ [ 109.126701160577994, -6.848304640855227 ], [ 109.126700413696625, -6.848305019486503 ], [ 109.12669760230618, -6.848306370146655 ], [ 109.126662944035175, -6.848323217310314 ], [ 109.12662974768412, -6.848339353194997 ], [ 109.126612609786832, -6.848347683038087 ], [ 109.126585601890213, -6.848360811496823 ], [ 109.12658316837836, -6.848361994557004 ], [ 109.126583134844552, -6.848362010700599 ], [ 109.126540499001592, -6.848382735305565 ], [ 109.126522866239668, -6.848391306426223 ], [ 109.126522470173228, -6.84839149836588 ], [ 109.12650781200459, -6.848398623625513 ], [ 109.126431834779808, -6.848435554950166 ], [ 109.126429363203457, -6.848436755943534 ], [ 109.126427603098733, -6.848437611620878 ], [ 109.126415450757904, -6.848435686367607 ], [ 109.126318678632629, -6.848420357498632 ], [ 109.126245047677131, -6.848408693764751 ], [ 109.126186798357608, -6.848399466949922 ], [ 109.126145132164098, -6.848392867090513 ], [ 109.12596319698811, -6.848364047392294 ], [ 109.125953838188266, -6.848362565195354 ], [ 109.125946054256346, -6.848361332350183 ], [ 109.125940219471801, -6.848360408180656 ], [ 109.125932781794475, -6.848359230029141 ], [ 109.125835103865029, -6.848343756494487 ], [ 109.125747414867519, -6.848329866149967 ], [ 109.125620700463017, -6.848309793951072 ], [ 109.125487759840524, -6.848288735443568 ], [ 109.125466901449968, -6.848285430867183 ], [ 109.125426005551191, -6.848278952395962 ], [ 109.125406178688053, -6.848275811871477 ], [ 109.125307122132924, -6.848260120390703 ], [ 109.125238125459987, -6.848249190662631 ], [ 109.124889386730942, -6.848193947687662 ] ] ] } },
{ "type": "Feature", "properties": { "OBJECTID_1": 1539, "OBJECTID": 23, "ID": 0, "TAHUN": 2011, "DATE": "2011-01-01", "NAMA_TITIK": "T39", "ZONA": "SEL TIMUR", "SHAPE_LENG": 206.316770222, "TRANSECTID": 43, "TRANSORDER": 43, "SHORELINEI": "2011-01-01", "BASELINEID": 1, "DISTANCE": 353.74, "INTERSECTX": 297536.78325699997, "INTERSECTY": 9242736.9222400002, "UNCERTAINT": 10, "NAMA_TITI2": "T39", "D_TAHUN": 0.0, "LRR": -3.6, "SKOR_SHORE": 5, "RASTERVALU": 0.000339, "SKOR_SLOPE": 5, "RASTERVA_1": -2.9425, "SKOR_ELEV": 5, "GEOM_LAP": "Pasir_Halus", "SKOR_GEOM": 3, "KATEGORI": "Abrasi Tinggi", "GELOMBANG": 0.29196819838355498, "PASUT": 0.827, "SLR": 4.69, "SKOR_GEL": 5, "SKOR_PASUT": 5, "SKOR_SLR": 5, "CVI": 108.25317547305001, "KELAS_CVI": 5, "KELAS_CV_1": "Sangat Tinggi", "LAHAN": "Pantai", "JENIS": "Natural", "SKOR_LAHAN": 2, "DELTA_D": 10.65, "D_MEAN": -2.6238888888888878, "D_MEDIAN": 6.815, "TSS_MIN_MG": 12.2, "TSS_RATA_R": 38.7, "TSS_MEDIAN": 32.1, "TSS_MAKS_M": 138.1, "TSS_STDDEV": 20.3, "HS": 0.291968198, "MWP_MEAN_S": 3.7595, "MWD_CIRCUL": 21.51, "JARAK_MUAR": 535.47677602736997, "NAMA_SUNGA": "Kali Ketiwon", "MUARA_ID": "M5", "RESPON": "Akresi", "TSS__BATAS": 30.4, "PROKSI_NER": "Surplus/Deposisi" }, "geometry": { "type": "MultiLineString", "coordinates": [ [ [ 109.167835716333741, -6.847377515726024 ], [ 109.16776871924597, -6.847296626450479 ], [ 109.167541587024871, -6.847022396344323 ], [ 109.167524604775096, -6.847001892395079 ], [ 109.167445705177869, -6.84690663237811 ], [ 109.167220195979226, -6.846634361363016 ], [ 109.167155883427441, -6.846556713719753 ], [ 109.16711674748089, -6.846534119894061 ], [ 109.166742982550929, -6.846318344342291 ], [ 109.166462901468222, -6.846156652256362 ] ] ] } },
{ "type": "Feature", "properties": { "OBJECTID_1": 1545, "OBJECTID": 23, "ID": 0, "TAHUN": 2011, "DATE": "2011-01-01", "NAMA_TITIK": "T38", "ZONA": "SEL TIMUR", "SHAPE_LENG": 170.23526415200001, "TRANSECTID": 42, "TRANSORDER": 42, "SHORELINEI": "2011-01-01", "BASELINEID": 1, "DISTANCE": 389.27, "INTERSECTX": 297384.51439600001, "INTERSECTY": 9242871.3723000009, "UNCERTAINT": 10, "NAMA_TITI2": "T38", "D_TAHUN": 0.0, "LRR": -4.04, "SKOR_SHORE": 5, "RASTERVALU": 0.000344, "SKOR_SLOPE": 5, "RASTERVA_1": -2.94192, "SKOR_ELEV": 5, "GEOM_LAP": "Pasir_Halus", "SKOR_GEOM": 3, "KATEGORI": "Abrasi Tinggi", "GELOMBANG": 0.29196819838355498, "PASUT": 0.827, "SLR": 4.69, "SKOR_GEL": 5, "SKOR_PASUT": 5, "SKOR_SLR": 5, "CVI": 108.25317547305001, "KELAS_CVI": 5, "KELAS_CV_1": "Sangat Tinggi", "LAHAN": "Pantai", "JENIS": "Natural", "SKOR_LAHAN": 2, "DELTA_D": 17.71, "D_MEAN": -2.6238888888888878, "D_MEDIAN": 6.815, "TSS_MIN_MG": 12.2, "TSS_RATA_R": 38.7, "TSS_MEDIAN": 32.1, "TSS_MAKS_M": 138.1, "TSS_STDDEV": 20.3, "HS": 0.291968198, "MWP_MEAN_S": 3.7595, "MWD_CIRCUL": 21.51, "JARAK_MUAR": 355.43647958132902, "NAMA_SUNGA": "Kali Ketiwon", "MUARA_ID": "M5", "RESPON": "Akresi", "TSS__BATAS": 30.4, "PROKSI_NER": "Surplus/Deposisi" }, "geometry": { "type": "MultiLineString", "coordinates": [ [ [ 109.166462901468222, -6.846156652256362 ], [ 109.166430499307054, -6.846137946599344 ], [ 109.166403224157904, -6.846122200788876 ], [ 109.166112137432279, -6.845954153812725 ], [ 109.16590158548037, -6.845832600596755 ], [ 109.165662274616324, -6.845694445010625 ], [ 109.165390080739371, -6.845537305129869 ], [ 109.165310476934238, -6.845491349089682 ], [ 109.165170059618063, -6.845410285237836 ], [ 109.165129383982048, -6.845386802973294 ] ] ] } },
{ "type": "Feature", "properties": { "OBJECTID_1": 1551, "OBJECTID": 23, "ID": 0, "TAHUN": 2011, "DATE": "2011-01-01", "NAMA_TITIK": "T37", "ZONA": "SEL TIMUR", "SHAPE_LENG": 206.302033153, "TRANSECTID": 41, "TRANSORDER": 41, "SHORELINEI": "2011-01-01", "BASELINEID": 1, "DISTANCE": 382.56, "INTERSECTX": 297236.77940599999, "INTERSECTY": 9242955.9558300003, "UNCERTAINT": 10, "NAMA_TITI2": "T37", "D_TAHUN": 0.0, "LRR": -4.54, "SKOR_SHORE": 5, "RASTERVALU": 0.000345, "SKOR_SLOPE": 5, "RASTERVA_1": -2.94128, "SKOR_ELEV": 5, "GEOM_LAP": "Pasir_Halus", "SKOR_GEOM": 3, "KATEGORI": "Abrasi Tinggi", "GELOMBANG": 0.29196819838355498, "PASUT": 0.827, "SLR": 4.69, "SKOR_GEL": 5, "SKOR_PASUT": 5, "SKOR_SLR": 5, "CVI": 108.25317547305001, "KELAS_CVI": 5, "KELAS_CV_1": "Sangat Tinggi", "LAHAN": "Pantai", "JENIS": "Natural", "SKOR_LAHAN": 2, "DELTA_D": -45.41, "D_MEAN": -2.6238888888888878, "D_MEDIAN": 6.815, "TSS_MIN_MG": 12.2, "TSS_RATA_R": 38.7, "TSS_MEDIAN": 32.1, "TSS_MAKS_M": 138.1, "TSS_STDDEV": 20.3, "HS": 0.291968198, "MWP_MEAN_S": 3.7595, "MWD_CIRCUL": 21.51, "JARAK_MUAR": 155.29372815372599, "NAMA_SUNGA": "Kali Ketiwon", "MUARA_ID": "M5", "RESPON": "Akresi", "TSS__BATAS": 30.4, "PROKSI_NER": "Surplus/Deposisi" }, "geometry": { "type": "MultiLineString", "coordinates": [ [ [ 109.165129383982048, -6.845386802973294 ], [ 109.16502062499427, -6.845324015212688 ], [ 109.164899631673819, -6.845254164547295 ], [ 109.16418368284539, -6.844840839668038 ], [ 109.163915716590637, -6.844768400559546 ], [ 109.163669909031341, -6.844701951840881 ], [ 109.16358741712871, -6.844679651538702 ], [ 109.163576243854692, -6.84467663150727 ], [ 109.163436408074531, -6.844638829362571 ] ] ] } },
{ "type": "Feature", "properties": { "OBJECTID_1": 1561, "OBJECTID": 23, "ID": 0, "TAHUN": 2011, "DATE": "2011-01-01", "NAMA_TITIK": "T05", "ZONA": "SEL BARAT", "SHAPE_LENG": 201.55197550400001, "TRANSECTID": 6, "TRANSORDER": 6, "SHORELINEI": "2011-01-01", "BASELINEID": 1, "DISTANCE": 298.11, "INTERSECTX": 290405.75169100001, "INTERSECTY": 9243529.8375000004, "UNCERTAINT": 10, "NAMA_TITI2": "T05", "D_TAHUN": 0.0, "LRR": -1.47, "SKOR_SHORE": 4, "RASTERVALU": 6.15341, "SKOR_SLOPE": 3, "RASTERVA_1": -2.46219, "SKOR_ELEV": 5, "GEOM_LAP": "Pasir_Halus", "SKOR_GEOM": 3, "KATEGORI": "Abrasi Sedang", "GELOMBANG": 0.29196819838355498, "PASUT": 0.827, "SLR": 4.69, "SKOR_GEL": 5, "SKOR_PASUT": 5, "SKOR_SLR": 5, "CVI": 106.06601717798, "KELAS_CVI": 5, "KELAS_CV_1": "Sangat Tinggi", "LAHAN": "Muara", "JENIS": "Natural", "SKOR_LAHAN": 4, "DELTA_D": -1.84, "D_MEAN": -1.1685, "D_MEDIAN": 1.915, "TSS_MIN_MG": 10.9, "TSS_RATA_R": 39.5, "TSS_MEDIAN": 36.2, "TSS_MAKS_M": 110.3, "TSS_STDDEV": 16.8, "HS": 0.291968198, "MWP_MEAN_S": 3.7595, "MWD_CIRCUL": 21.51, "JARAK_MUAR": 4.2768385923696401, "NAMA_SUNGA": "KaliGangsa", "MUARA_ID": "M1", "RESPON": "Akresi", "TSS__BATAS": 30.4, "PROKSI_NER": "Surplus/Deposisi" }, "geometry": { "type": "MultiLineString", "coordinates": [ [ [ 109.103356337306451, -6.839958524417639 ], [ 109.103322863129307, -6.839942903122117 ], [ 109.103265706108289, -6.839916230561157 ], [ 109.103228189539962, -6.839898722706071 ], [ 109.102979977111204, -6.839782891408058 ], [ 109.102715369522556, -6.839659408918707 ], [ 109.102665984962513, -6.839636362625908 ], [ 109.102620966950369, -6.839615354249658 ], [ 109.102399597909979, -6.839512049338484 ], [ 109.102077374244843, -6.839361678759971 ], [ 109.102026548696386, -6.839337959495928 ], [ 109.102010734897917, -6.839330580102702 ], [ 109.10189803745871, -6.839277987918679 ], [ 109.101882360005661, -6.839270672348278 ], [ 109.101873901423744, -6.839266725060766 ], [ 109.101837832364723, -6.839249892784617 ], [ 109.101813730646299, -6.839238645429778 ], [ 109.101790840652086, -6.839227963406416 ], [ 109.101750895353945, -6.839209322066805 ], [ 109.101704336148643, -6.839187595102344 ] ] ] } },
{ "type": "Feature", "properties": { "OBJECTID_1": 1564, "OBJECTID": 23, "ID": 0, "TAHUN": 2011, "DATE": "2011-01-01", "NAMA_TITIK": "T03", "ZONA": "SEL BARAT", "SHAPE_LENG": 201.07339879400001, "TRANSECTID": 3, "TRANSORDER": 3, "SHORELINEI": "2011-01-01", "BASELINEID": 1, "DISTANCE": 318.23, "INTERSECTX": 289952.47537200002, "INTERSECTY": 9243749.1842899993, "UNCERTAINT": 10, "NAMA_TITI2": "T03", "D_TAHUN": 0.0, "LRR": -3.26, "SKOR_SHORE": 5, "RASTERVALU": 6.99672, "SKOR_SLOPE": 3, "RASTERVA_1": -1.58426, "SKOR_ELEV": 5, "GEOM_LAP": "Pasir_Halus", "SKOR_GEOM": 3, "KATEGORI": "Abrasi Tinggi", "GELOMBANG": 0.29196819838355498, "PASUT": 0.827, "SLR": 4.69, "SKOR_GEL": 5, "SKOR_PASUT": 5, "SKOR_SLR": 5, "CVI": 83.852549156240002, "KELAS_CVI": 5, "KELAS_CV_1": "Sangat Tinggi", "LAHAN": "Pantai", "JENIS": "Natural", "SKOR_LAHAN": 2, "DELTA_D": -34.5, "D_MEAN": -1.1685, "D_MEDIAN": 1.915, "TSS_MIN_MG": 10.9, "TSS_RATA_R": 39.5, "TSS_MEDIAN": 36.2, "TSS_MAKS_M": 110.3, "TSS_STDDEV": 16.8, "HS": 0.291968198, "MWP_MEAN_S": 3.7595, "MWD_CIRCUL": 21.51, "JARAK_MUAR": 387.64661320961198, "NAMA_SUNGA": "KaliGangsa", "MUARA_ID": "M1", "RESPON": "Akresi", "TSS__BATAS": 30.4, "PROKSI_NER": "Surplus/Deposisi" }, "geometry": { "type": "MultiLineString", "coordinates": [ [ [ 109.099263960584608, -6.837959226752576 ], [ 109.097883611012847, -6.836775404202579 ] ] ] } },
{ "type": "Feature", "properties": { "OBJECTID_1": 1565, "OBJECTID": 23, "ID": 0, "TAHUN": 2011, "DATE": "2011-01-01", "NAMA_TITIK": "T44", "ZONA": "SEL BARAT", "SHAPE_LENG": 100.56918947600001, "TRANSECTID": 5, "TRANSORDER": 5, "SHORELINEI": "2011-01-01", "BASELINEID": 1, "DISTANCE": 323.07, "INTERSECTX": 290222.790385, "INTERSECTY": 9243614.38576, "UNCERTAINT": 10, "NAMA_TITI2": "T44", "D_TAHUN": 0.0, "LRR": -2.33, "SKOR_SHORE": 5, "RASTERVALU": 0.013365, "SKOR_SLOPE": 5, "RASTERVA_1": -2.91714, "SKOR_ELEV": 5, "GEOM_LAP": "Aluvial", "SKOR_GEOM": 4, "KATEGORI": "Abrasi Tinggi", "GELOMBANG": 0.29196819838355498, "PASUT": 0.827, "SLR": 4.69, "SKOR_GEL": 5, "SKOR_PASUT": 5, "SKOR_SLR": 5, "CVI": 176.77669529664001, "KELAS_CVI": 5, "KELAS_CV_1": "Sangat Tinggi", "LAHAN": "Muara", "JENIS": "Natural", "SKOR_LAHAN": 4, "DELTA_D": -18.82, "D_MEAN": -1.1685, "D_MEDIAN": 1.915, "TSS_MIN_MG": 10.9, "TSS_RATA_R": 39.5, "TSS_MEDIAN": 36.2, "TSS_MAKS_M": 110.3, "TSS_STDDEV": 16.8, "HS": 0.291968198, "MWP_MEAN_S": 3.7595, "MWD_CIRCUL": 21.51, "JARAK_MUAR": 61.827697463302599, "NAMA_SUNGA": "KaliGangsa", "MUARA_ID": "M1", "RESPON": "Akresi", "TSS__BATAS": 30.4, "PROKSI_NER": "Surplus/Deposisi" }, "geometry": { "type": "MultiLineString", "coordinates": [ [ [ 109.101704336148643, -6.839187595102344 ], [ 109.101664120884351, -6.839168827924222 ], [ 109.101075182008557, -6.838893989950755 ], [ 109.101069286835866, -6.838891238968731 ], [ 109.101032027796066, -6.838873851344544 ], [ 109.100903450047255, -6.83881384856525 ], [ 109.100880032797619, -6.838802920317162 ] ] ] } },
{ "type": "Feature", "properties": { "OBJECTID_1": 1566, "OBJECTID": 23, "ID": 0, "TAHUN": 2011, "DATE": "2011-01-01", "NAMA_TITIK": "T04", "ZONA": "SEL BARAT", "SHAPE_LENG": 202.58787885199999, "TRANSECTID": 4, "TRANSORDER": 4, "SHORELINEI": "2011-01-01", "BASELINEID": 1, "DISTANCE": 343.25, "INTERSECTX": 290131.49743799999, "INTERSECTY": 9243656.5731400009, "UNCERTAINT": 10, "NAMA_TITI2": "T04", "D_TAHUN": 0.0, "LRR": -3.32, "SKOR_SHORE": 5, "RASTERVALU": 6.89058, "SKOR_SLOPE": 3, "RASTERVA_1": -2.22393, "SKOR_ELEV": 5, "GEOM_LAP": "Pasir_Halus", "SKOR_GEOM": 3, "KATEGORI": "Abrasi Tinggi", "GELOMBANG": 0.29196819838355498, "PASUT": 0.827, "SLR": 4.69, "SKOR_GEL": 5, "SKOR_PASUT": 5, "SKOR_SLR": 5, "CVI": 83.852549156240002, "KELAS_CVI": 5, "KELAS_CV_1": "Sangat Tinggi", "LAHAN": "Pantai", "JENIS": "Natural", "SKOR_LAHAN": 2, "DELTA_D": -26.81, "D_MEAN": -1.1685, "D_MEDIAN": 1.915, "TSS_MIN_MG": 10.9, "TSS_RATA_R": 39.5, "TSS_MEDIAN": 36.2, "TSS_MAKS_M": 110.3, "TSS_STDDEV": 16.8, "HS": 0.291968198, "MWP_MEAN_S": 3.7595, "MWD_CIRCUL": 21.51, "JARAK_MUAR": 191.803552089433, "NAMA_SUNGA": "KaliGangsa", "MUARA_ID": "M1", "RESPON": "Akresi", "TSS__BATAS": 30.4, "PROKSI_NER": "Surplus/Deposisi" }, "geometry": { "type": "MultiLineString", "coordinates": [ [ [ 109.100880032797619, -6.838802920317162 ], [ 109.100848439604562, -6.838788176075329 ], [ 109.10084043611522, -6.83878444122926 ], [ 109.100705693287537, -6.838721560688739 ], [ 109.100484928410637, -6.838618536872017 ], [ 109.100403590688273, -6.838580578365154 ], [ 109.10039071053869, -6.838574567590118 ], [ 109.100375664283064, -6.838567546503864 ], [ 109.100181592582373, -6.83847697907871 ], [ 109.100098310029992, -6.838438113260107 ], [ 109.099770813290775, -6.838285279590708 ], [ 109.099764379995648, -6.838282277840078 ], [ 109.099724243472593, -6.838263547015693 ], [ 109.099678619014284, -6.838242255762155 ], [ 109.099517616098751, -6.838167119965108 ], [ 109.099492941159724, -6.838155605353473 ], [ 109.099486331162353, -6.838149936664724 ], [ 109.099336217028906, -6.838021195400186 ], [ 109.099281372663469, -6.837974160082837 ], [ 109.099264213914211, -6.837959443836689 ], [ 109.099263960584608, -6.837959226752576 ] ] ] } },
{ "type": "Feature", "properties": { "OBJECTID_1": 1567, "OBJECTID": 23, "ID": 0, "TAHUN": 2011, "DATE": "2011-01-01", "NAMA_TITIK": "T02", "ZONA": "SEL BARAT", "SHAPE_LENG": 200.514160648, "TRANSECTID": 2, "TRANSORDER": 2, "SHORELINEI": "2011-01-01", "BASELINEID": 1, "DISTANCE": 338.98, "INTERSECTX": 289799.36243899999, "INTERSECTY": 9243879.51829, "UNCERTAINT": 10, "NAMA_TITI2": "T02", "D_TAHUN": 0.0, "LRR": -2.19, "SKOR_SHORE": 5, "RASTERVALU": 6.56471, "SKOR_SLOPE": 3, "RASTERVA_1": -1.78074, "SKOR_ELEV": 5, "GEOM_LAP": "Pasir_Halus", "SKOR_GEOM": 3, "KATEGORI": "Abrasi Tinggi", "GELOMBANG": 0.29196819838355498, "PASUT": 0.827, "SLR": 4.69, "SKOR_GEL": 5, "SKOR_PASUT": 5, "SKOR_SLR": 5, "CVI": 83.852549156240002, "KELAS_CVI": 5, "KELAS_CV_1": "Sangat Tinggi", "LAHAN": "Pantai", "JENIS": "Natural", "SKOR_LAHAN": 2, "DELTA_D": 3.35, "D_MEAN": -1.1685, "D_MEDIAN": 1.915, "TSS_MIN_MG": 10.9, "TSS_RATA_R": 39.5, "TSS_MEDIAN": 36.2, "TSS_MAKS_M": 110.3, "TSS_STDDEV": 16.8, "HS": 0.291968198, "MWP_MEAN_S": 3.7595, "MWD_CIRCUL": 21.51, "JARAK_MUAR": 579.82548354246296, "NAMA_SUNGA": "KaliGangsa", "MUARA_ID": "M1", "RESPON": "Akresi", "TSS__BATAS": 30.4, "PROKSI_NER": "Surplus/Deposisi" }, "geometry": { "type": "MultiLineString", "coordinates": [ [ [ 109.097883611012847, -6.836775404202579 ], [ 109.097693926403167, -6.836612725847354 ], [ 109.097608341413931, -6.836539326106434 ], [ 109.097604167372097, -6.836535746494374 ], [ 109.097565194633603, -6.836502321954265 ], [ 109.097290369812413, -6.83626662434059 ], [ 109.097046679076257, -6.836086699771345 ], [ 109.09688886430132, -6.835970180208441 ], [ 109.096873860483285, -6.835959102453717 ], [ 109.096460325435231, -6.835653775543358 ], [ 109.096460219909076, -6.8356536973723 ] ] ] } },
{ "type": "Feature", "properties": { "OBJECTID_1": 1568, "OBJECTID": 23, "ID": 0, "TAHUN": 2011, "DATE": "2011-01-01", "NAMA_TITIK": "T01", "ZONA": "SEL BARAT", "SHAPE_LENG": 101.402041627, "TRANSECTID": 1, "TRANSORDER": 1, "SHORELINEI": "2011-01-01", "BASELINEID": 1, "DISTANCE": 351.37, "INTERSECTX": 289641.51773800002, "INTERSECTY": 9244002.9629900008, "UNCERTAINT": 10, "NAMA_TITI2": "T01", "D_TAHUN": 0.0, "LRR": -0.96, "SKOR_SHORE": 3, "RASTERVALU": 0.111227, "SKOR_SLOPE": 5, "RASTERVA_1": -2.91494, "SKOR_ELEV": 5, "GEOM_LAP": "Pasir_Halus", "SKOR_GEOM": 3, "KATEGORI": "Stabil", "GELOMBANG": 0.29196819838355498, "PASUT": 0.827, "SLR": 4.69, "SKOR_GEL": 5, "SKOR_PASUT": 5, "SKOR_SLR": 5, "CVI": 83.852549156240002, "KELAS_CVI": 5, "KELAS_CV_1": "Sangat Tinggi", "LAHAN": "Pantai", "JENIS": "Natural", "SKOR_LAHAN": 2, "DELTA_D": 0.48000000000001802, "D_MEAN": -1.1685, "D_MEDIAN": 1.915, "TSS_MIN_MG": 10.9, "TSS_RATA_R": 39.5, "TSS_MEDIAN": 36.2, "TSS_MAKS_M": 110.3, "TSS_STDDEV": 16.8, "HS": 0.291968198, "MWP_MEAN_S": 3.7595, "MWD_CIRCUL": 21.51, "JARAK_MUAR": 778.10088489128304, "NAMA_SUNGA": "KaliGangsa", "MUARA_ID": "M1", "RESPON": "Akresi", "TSS__BATAS": 30.4, "PROKSI_NER": "Surplus/Deposisi" }, "geometry": { "type": "MultiLineString", "coordinates": [ [ [ 109.096460219909076, -6.8356536973723 ], [ 109.096384556947228, -6.835597833157612 ], [ 109.09635946945302, -6.835579309923265 ], [ 109.096301684794142, -6.835536645033304 ], [ 109.095722440791931, -6.835108968726139 ] ] ] } },
{ "type": "Feature", "properties": { "OBJECTID_1": 1570, "OBJECTID": 24, "ID": 0, "TAHUN": 2012, "DATE": "2012-01-01", "NAMA_TITIK": "T42", "ZONA": "SEL TIMUR", "SHAPE_LENG": 216.29162375300001, "TRANSECTID": 46, "TRANSORDER": 46, "SHORELINEI": "2012-01-01", "BASELINEID": 1, "DISTANCE": 309.5, "INTERSECTX": 297855.28892000002, "INTERSECTY": 9242490.9328300003, "UNCERTAINT": 10, "NAMA_TITI2": "T42", "D_TAHUN": 0.0, "LRR": -1.48, "SKOR_SHORE": 4, "RASTERVALU": 10.6361, "SKOR_SLOPE": 2, "RASTERVA_1": -1.41562, "SKOR_ELEV": 5, "GEOM_LAP": "Tambak", "SKOR_GEOM": 5, "KATEGORI": "Abrasi Sedang", "GELOMBANG": 0.24865046318839501, "PASUT": 0.859, "SLR": 4.69, "SKOR_GEL": 2, "SKOR_PASUT": 4, "SKOR_SLR": 5, "CVI": 54.772255750520003, "KELAS_CVI": 4, "KELAS_CV_1": "Tinggi", "LAHAN": "Tambak", "JENIS": "Natural", "SKOR_LAHAN": 3, "DELTA_D": 3.32, "D_MEAN": 0.96666666666666901, "D_MEDIAN": 3.32, "TSS_MIN_MG": 21.9, "TSS_RATA_R": 54.3, "TSS_MEDIAN": 49.6, "TSS_MAKS_M": 162.7, "TSS_STDDEV": 24.3, "HS": 0.248650463, "MWP_MEAN_S": 3.5266, "MWD_CIRCUL": 35.14, "JARAK_MUAR": 1130.0451134499999, "NAMA_SUNGA": "Kali Ketiwon", "MUARA_ID": "M5", "RESPON": "Akresi", "TSS__BATAS": 30.4, "PROKSI_NER": "Surplus/Deposisi" }, "geometry": { "type": "MultiLineString", "coordinates": [ [ [ 109.171986984102816, -6.851091346085393 ], [ 109.171719858026506, -6.850824220533964 ], [ 109.17171748964779, -6.850821851685019 ], [ 109.171665148046401, -6.850759119554898 ], [ 109.171663474859216, -6.850757114107996 ], [ 109.171576069286175, -6.850652357377275 ], [ 109.171543077425383, -6.850612817135364 ], [ 109.171509828023744, -6.850572966692535 ], [ 109.171498446216148, -6.850559324934802 ], [ 109.171455724140102, -6.850508121173043 ], [ 109.171403151168221, -6.850445111480544 ], [ 109.171400569345735, -6.850442017593137 ], [ 109.171325386782883, -6.850351908508554 ], [ 109.171219886109327, -6.850225463712588 ], [ 109.171177165888807, -6.850174262660459 ], [ 109.171107609006057, -6.850090897341523 ], [ 109.171061970192085, -6.850036198767969 ], [ 109.1709221964378, -6.849868677180394 ], [ 109.170874478349589, -6.849811485172515 ], [ 109.170813336101716, -6.849738204223432 ], [ 109.170719666815728, -6.849625939021007 ], [ 109.17070928823702, -6.849613499979624 ], [ 109.170708516485817, -6.849612574807296 ] ] ] } },
{ "type": "Feature", "properties": { "OBJECTID_1": 1582, "OBJECTID": 24, "ID": 0, "TAHUN": 2012, "DATE": "2012-01-01", "NAMA_TITIK": "T40", "ZONA": "SEL TIMUR", "SHAPE_LENG": 207.896259853, "TRANSECTID": 44, "TRANSORDER": 44, "SHORELINEI": "2012-01-01", "BASELINEID": 1, "DISTANCE": 314.67, "INTERSECTX": 297687.21440699999, "INTERSECTY": 9242599.4579000007, "UNCERTAINT": 10, "NAMA_TITI2": "T40", "D_TAHUN": 0.0, "LRR": -2.39, "SKOR_SHORE": 5, "RASTERVALU": 1.31742, "SKOR_SLOPE": 5, "RASTERVA_1": -2.87668, "SKOR_ELEV": 5, "GEOM_LAP": "Tambak", "SKOR_GEOM": 5, "KATEGORI": "Abrasi Tinggi", "GELOMBANG": 0.24865046318839501, "PASUT": 0.859, "SLR": 4.69, "SKOR_GEL": 2, "SKOR_PASUT": 4, "SKOR_SLR": 5, "CVI": 96.824583655189997, "KELAS_CVI": 5, "KELAS_CV_1": "Sangat Tinggi", "LAHAN": "Tambak", "JENIS": "Natural", "SKOR_LAHAN": 3, "DELTA_D": 26.99, "D_MEAN": 0.96666666666666901, "D_MEDIAN": 3.32, "TSS_MIN_MG": 21.9, "TSS_RATA_R": 54.3, "TSS_MEDIAN": 49.6, "TSS_MAKS_M": 162.7, "TSS_STDDEV": 24.3, "HS": 0.248650463, "MWP_MEAN_S": 3.5266, "MWD_CIRCUL": 35.14, "JARAK_MUAR": 727.664323427044, "NAMA_SUNGA": "Kali Ketiwon", "MUARA_ID": "M5", "RESPON": "Akresi", "TSS__BATAS": 30.4, "PROKSI_NER": "Surplus/Deposisi" }, "geometry": { "type": "MultiLineString", "coordinates": [ [ [ 109.169191811073034, -6.84862556805945 ], [ 109.16899997301347, -6.848525369791871 ], [ 109.168771750639195, -6.848406168638578 ], [ 109.168753049237978, -6.848396400366543 ], [ 109.168690639351155, -6.848333990468649 ], [ 109.168538769236136, -6.848182119381975 ], [ 109.168533842379418, -6.848177192879565 ], [ 109.168487994783163, -6.848131345016461 ], [ 109.168483555476683, -6.848126905900418 ], [ 109.168464874584586, -6.848103466948849 ], [ 109.168150909956609, -6.847709542858576 ], [ 109.167866475557346, -6.84735267029734 ], [ 109.167857743308346, -6.847341713977548 ] ] ] } },
{ "type": "Feature", "properties": { "OBJECTID_1": 1584, "OBJECTID": 24, "ID": 0, "TAHUN": 2012, "DATE": "2012-01-01", "NAMA_TITIK": "T41", "ZONA": "SEL TIMUR", "SHAPE_LENG": 202.96660874400001, "TRANSECTID": 45, "TRANSORDER": 45, "SHORELINEI": "2012-01-01", "BASELINEID": 1, "DISTANCE": 309.5, "INTERSECTX": 297855.28892000002, "INTERSECTY": 9242490.9328300003, "UNCERTAINT": 10, "NAMA_TITI2": "T41", "D_TAHUN": 0.0, "LRR": -2.12, "SKOR_SHORE": 5, "RASTERVALU": 9.05717, "SKOR_SLOPE": 2, "RASTERVA_1": -1.62402, "SKOR_ELEV": 5, "GEOM_LAP": "Tambak", "SKOR_GEOM": 5, "KATEGORI": "Abrasi Tinggi", "GELOMBANG": 0.24865046318839501, "PASUT": 0.859, "SLR": 4.69, "SKOR_GEL": 2, "SKOR_PASUT": 4, "SKOR_SLR": 5, "CVI": 61.237243569580002, "KELAS_CVI": 4, "KELAS_CV_1": "Tinggi", "LAHAN": "Tambak", "JENIS": "Natural", "SKOR_LAHAN": 3, "DELTA_D": 3.32, "D_MEAN": 0.96666666666666901, "D_MEDIAN": 3.32, "TSS_MIN_MG": 21.9, "TSS_RATA_R": 54.3, "TSS_MEDIAN": 49.6, "TSS_MAKS_M": 162.7, "TSS_STDDEV": 24.3, "HS": 0.248650463, "MWP_MEAN_S": 3.5266, "MWD_CIRCUL": 35.14, "JARAK_MUAR": 936.29342666807304, "NAMA_SUNGA": "Kali Ketiwon", "MUARA_ID": "M5", "RESPON": "Akresi", "TSS__BATAS": 30.4, "PROKSI_NER": "Surplus/Deposisi" }, "geometry": { "type": "MultiLineString", "coordinates": [ [ [ 109.170708516485817, -6.849612574807296 ], [ 109.170635129820468, -6.849524618067434 ], [ 109.170594568282709, -6.849476003852194 ], [ 109.170532983956733, -6.849402193181505 ], [ 109.170472341594845, -6.849329512666347 ], [ 109.170449705066019, -6.849302381512367 ], [ 109.170420409146502, -6.849267269377282 ], [ 109.170360457691189, -6.84923595639895 ], [ 109.170340968933075, -6.849225777402173 ], [ 109.170288411766464, -6.849198327076138 ], [ 109.170266522355405, -6.849186893920279 ], [ 109.17011281077481, -6.849106610413619 ], [ 109.169918645639584, -6.849005196511776 ], [ 109.169911912246675, -6.849001679942279 ], [ 109.169881361896756, -6.848985723776551 ], [ 109.169866460498497, -6.848977941056994 ], [ 109.169805792272612, -6.848946253692199 ], [ 109.169742591586086, -6.848913243849634 ], [ 109.169677375770263, -6.848879181127558 ], [ 109.169476464823731, -6.848774245050632 ], [ 109.169412703528721, -6.848740941904329 ], [ 109.169212005790243, -6.848636116864928 ], [ 109.169193493963206, -6.848626447880043 ], [ 109.169191970874422, -6.848625651850094 ], [ 109.169191876078457, -6.848625601760678 ], [ 109.169191811073034, -6.84862556805945 ] ] ] } },
{ "type": "Feature", "properties": { "OBJECTID_1": 1594, "OBJECTID": 24, "ID": 0, "TAHUN": 2012, "DATE": "2012-01-01", "NAMA_TITIK": "T51", "ZONA": "SEL BARAT", "SHAPE_LENG": 205.42562614299999, "TRANSECTID": 20, "TRANSORDER": 20, "SHORELINEI": "2012-01-01", "BASELINEID": 1, "DISTANCE": 253.67, "INTERSECTX": 292991.07054699998, "INTERSECTY": 9242624.2308799997, "UNCERTAINT": 10, "NAMA_TITI2": "T51", "D_TAHUN": 0.0, "LRR": 0.72, "SKOR_SHORE": 3, "RASTERVALU": 2.59289, "SKOR_SLOPE": 4, "RASTERVA_1": -2.65623, "SKOR_ELEV": 5, "GEOM_LAP": "Aluvial", "SKOR_GEOM": 4, "KATEGORI": "Stabil", "GELOMBANG": 0.24865046318839501, "PASUT": 0.859, "SLR": 4.69, "SKOR_GEL": 2, "SKOR_PASUT": 4, "SKOR_SLR": 5, "CVI": 69.282032302760001, "KELAS_CVI": 4, "KELAS_CV_1": "Tinggi", "LAHAN": "Muara", "JENIS": "Natural", "SKOR_LAHAN": 4, "DELTA_D": 7.46, "D_MEAN": -9.4905, "D_MEDIAN": -11.565, "TSS_MIN_MG": 27.0, "TSS_RATA_R": 52.4, "TSS_MEDIAN": 51.7, "TSS_MAKS_M": 123.3, "TSS_STDDEV": 13.0, "HS": 0.248650463, "MWP_MEAN_S": 3.5266, "MWD_CIRCUL": 35.14, "JARAK_MUAR": 19.716633507029201, "NAMA_SUNGA": "Kali Sibelis", "MUARA_ID": "M3", "RESPON": "Abrasi", "TSS__BATAS": 30.4, "PROKSI_NER": "Bypass/Export" }, "geometry": { "type": "MultiLineString", "coordinates": [ [ [ 109.126710708805732, -6.848237873765308 ], [ 109.126709100358383, -6.848238347588468 ], [ 109.126708911077728, -6.848238402906698 ], [ 109.126697709017307, -6.848241699096014 ], [ 109.126697559585025, -6.848241742815886 ], [ 109.126681513175143, -6.848246463112339 ], [ 109.126665362615839, -6.848251213742608 ], [ 109.126622382902738, -6.848263857718785 ], [ 109.126523398332523, -6.848292976308917 ], [ 109.126452085166946, -6.848313955285475 ], [ 109.126436545016304, -6.848318526556502 ], [ 109.126401929028575, -6.848328710431429 ], [ 109.126379041287521, -6.848335443760122 ], [ 109.126365295239083, -6.848339487682638 ], [ 109.126319748891561, -6.848352885610105 ], [ 109.126275951362615, -6.848365769572586 ], [ 109.126261779655934, -6.848369938410166 ], [ 109.126253676751773, -6.848372321746648 ], [ 109.126238842103021, -6.848376686002969 ], [ 109.126232144775685, -6.848378656207499 ], [ 109.126228746087591, -6.848378435910627 ], [ 109.126218073414307, -6.848377743325272 ], [ 109.126102764053002, -6.848370260503017 ], [ 109.125968196685136, -6.848361528094491 ], [ 109.125967857540445, -6.848361505977019 ], [ 109.125940847117917, -6.848359753326439 ], [ 109.125932781794475, -6.848359230029141 ], [ 109.125543500238535, -6.848333968518912 ], [ 109.125203287198886, -6.848311890790725 ], [ 109.124956633912035, -6.84829588472619 ], [ 109.124922914776832, -6.848293696275618 ], [ 109.124875565636628, -6.848290623748382 ] ] ] } },
{ "type": "Feature", "properties": { "OBJECTID_1": 1608, "OBJECTID": 24, "ID": 0, "TAHUN": 2012, "DATE": "2012-01-01", "NAMA_TITIK": "T39", "ZONA": "SEL TIMUR", "SHAPE_LENG": 209.71626917099999, "TRANSECTID": 43, "TRANSORDER": 43, "SHORELINEI": "2012-01-01", "BASELINEID": 1, "DISTANCE": 358.39, "INTERSECTX": 297539.20304499997, "INTERSECTY": 9242740.8912599999, "UNCERTAINT": 10, "NAMA_TITI2": "T39", "D_TAHUN": 0.0, "LRR": -3.6, "SKOR_SHORE": 5, "RASTERVALU": 0.000339, "SKOR_SLOPE": 5, "RASTERVA_1": -2.9425, "SKOR_ELEV": 5, "GEOM_LAP": "Pasir_Halus", "SKOR_GEOM": 3, "KATEGORI": "Abrasi Tinggi", "GELOMBANG": 0.24865046318839501, "PASUT": 0.859, "SLR": 4.69, "SKOR_GEL": 2, "SKOR_PASUT": 4, "SKOR_SLR": 5, "CVI": 61.237243569580002, "KELAS_CVI": 4, "KELAS_CV_1": "Tinggi", "LAHAN": "Pantai", "JENIS": "Natural", "SKOR_LAHAN": 2, "DELTA_D": 4.65, "D_MEAN": 0.96666666666666901, "D_MEDIAN": 3.32, "TSS_MIN_MG": 21.9, "TSS_RATA_R": 54.3, "TSS_MEDIAN": 49.6, "TSS_MAKS_M": 162.7, "TSS_STDDEV": 24.3, "HS": 0.248650463, "MWP_MEAN_S": 3.5266, "MWD_CIRCUL": 35.14, "JARAK_MUAR": 535.47677602736997, "NAMA_SUNGA": "Kali Ketiwon", "MUARA_ID": "M5", "RESPON": "Akresi", "TSS__BATAS": 30.4, "PROKSI_NER": "Surplus/Deposisi" }, "geometry": { "type": "MultiLineString", "coordinates": [ [ [ 109.167857743308346, -6.847341713977548 ], [ 109.167785853293267, -6.847251515010311 ], [ 109.167748934594272, -6.847205193923741 ], [ 109.167692676945492, -6.847134607684462 ], [ 109.16754420817, -6.846948327538091 ], [ 109.167524826908945, -6.84692401068608 ], [ 109.167517438623491, -6.846922387600432 ], [ 109.167445705177869, -6.84690663237811 ], [ 109.167398520120429, -6.846896268148682 ], [ 109.167387882398543, -6.846893931957037 ], [ 109.167193565283952, -6.846851251211947 ], [ 109.167067542371967, -6.846823571161947 ], [ 109.166956445183189, -6.846799169483508 ], [ 109.166943837021108, -6.846796399914878 ], [ 109.166866587282314, -6.84677943281563 ], [ 109.166668013946321, -6.846580859400146 ], [ 109.166597092814882, -6.846509937786704 ], [ 109.166570599567606, -6.846483444625883 ], [ 109.16637960279084, -6.846292447886228 ] ] ] } },
{ "type": "Feature", "properties": { "OBJECTID_1": 1616, "OBJECTID": 24, "ID": 0, "TAHUN": 2012, "DATE": "2012-01-01", "NAMA_TITIK": "T37", "ZONA": "SEL TIMUR", "SHAPE_LENG": 200.82172767399999, "TRANSECTID": 41, "TRANSORDER": 41, "SHORELINEI": "2012-01-01", "BASELINEID": 1, "DISTANCE": 343.55, "INTERSECTX": 297213.94751600001, "INTERSECTY": 9242924.3251900002, "UNCERTAINT": 10, "NAMA_TITI2": "T37", "D_TAHUN": 0.0, "LRR": -4.54, "SKOR_SHORE": 5, "RASTERVALU": 0.000345, "SKOR_SLOPE": 5, "RASTERVA_1": -2.94128, "SKOR_ELEV": 5, "GEOM_LAP": "Pasir_Halus", "SKOR_GEOM": 3, "KATEGORI": "Abrasi Tinggi", "GELOMBANG": 0.24865046318839501, "PASUT": 0.859, "SLR": 4.69, "SKOR_GEL": 2, "SKOR_PASUT": 4, "SKOR_SLR": 5, "CVI": 61.237243569580002, "KELAS_CVI": 4, "KELAS_CV_1": "Tinggi", "LAHAN": "Pantai", "JENIS": "Natural", "SKOR_LAHAN": 2, "DELTA_D": -39.01, "D_MEAN": 0.96666666666666901, "D_MEDIAN": 3.32, "TSS_MIN_MG": 21.9, "TSS_RATA_R": 54.3, "TSS_MEDIAN": 49.6, "TSS_MAKS_M": 162.7, "TSS_STDDEV": 24.3, "HS": 0.248650463, "MWP_MEAN_S": 3.5266, "MWD_CIRCUL": 35.14, "JARAK_MUAR": 155.29372815372599, "NAMA_SUNGA": "Kali Ketiwon", "MUARA_ID": "M5", "RESPON": "Akresi", "TSS__BATAS": 30.4, "PROKSI_NER": "Surplus/Deposisi" }, "geometry": { "type": "MultiLineString", "coordinates": [ [ [ 109.164921750055228, -6.845671999036282 ], [ 109.164906536870589, -6.845665847007806 ], [ 109.164619286708401, -6.845521489102118 ], [ 109.164469500796329, -6.845446213833218 ], [ 109.164441136328421, -6.845431959240591 ], [ 109.164286990375643, -6.845318287096268 ], [ 109.164114788337244, -6.84519130020727 ], [ 109.164058108446014, -6.845149502914638 ], [ 109.163935327315798, -6.845058959224372 ], [ 109.16390494686712, -6.8450365559629 ], [ 109.163894675718623, -6.845028981570947 ], [ 109.163723984897729, -6.844903108851039 ], [ 109.163445909124476, -6.844698045742305 ], [ 109.163411675021464, -6.844672800472337 ] ] ] } },
{ "type": "Feature", "properties": { "OBJECTID_1": 1619, "OBJECTID": 24, "ID": 0, "TAHUN": 2012, "DATE": "2012-01-01", "NAMA_TITIK": "T38", "ZONA": "SEL TIMUR", "SHAPE_LENG": 175.63771235, "TRANSECTID": 42, "TRANSORDER": 42, "SHORELINEI": "2012-01-01", "BASELINEID": 1, "DISTANCE": 371.66, "INTERSECTX": 297375.34660500003, "INTERSECTY": 9242856.3349600006, "UNCERTAINT": 10, "NAMA_TITI2": "T38", "D_TAHUN": 0.0, "LRR": -4.04, "SKOR_SHORE": 5, "RASTERVALU": 0.000344, "SKOR_SLOPE": 5, "RASTERVA_1": -2.94192, "SKOR_ELEV": 5, "GEOM_LAP": "Pasir_Halus", "SKOR_GEOM": 3, "KATEGORI": "Abrasi Tinggi", "GELOMBANG": 0.24865046318839501, "PASUT": 0.859, "SLR": 4.69, "SKOR_GEL": 2, "SKOR_PASUT": 4, "SKOR_SLR": 5, "CVI": 61.237243569580002, "KELAS_CVI": 4, "KELAS_CV_1": "Tinggi", "LAHAN": "Pantai", "JENIS": "Natural", "SKOR_LAHAN": 2, "DELTA_D": -17.61, "D_MEAN": 0.96666666666666901, "D_MEDIAN": 3.32, "TSS_MIN_MG": 21.9, "TSS_RATA_R": 54.3, "TSS_MEDIAN": 49.6, "TSS_MAKS_M": 162.7, "TSS_STDDEV": 24.3, "HS": 0.248650463, "MWP_MEAN_S": 3.5266, "MWD_CIRCUL": 35.14, "JARAK_MUAR": 355.43647958132902, "NAMA_SUNGA": "Kali Ketiwon", "MUARA_ID": "M5", "RESPON": "Akresi", "TSS__BATAS": 30.4, "PROKSI_NER": "Surplus/Deposisi" }, "geometry": { "type": "MultiLineString", "coordinates": [ [ [ 109.166378726832392, -6.846291572041147 ], [ 109.166327598643193, -6.846240444492536 ], [ 109.166130308079403, -6.846160671105858 ], [ 109.166063141547554, -6.846133512832569 ], [ 109.165888396786173, -6.84606285691918 ], [ 109.165875167076948, -6.846057507229085 ], [ 109.165839024956483, -6.846042893915954 ], [ 109.165716456644702, -6.845993333705071 ], [ 109.165181172774481, -6.845776894824652 ], [ 109.165074841192379, -6.845733899991405 ], [ 109.164921750055228, -6.845671999036282 ] ] ] } },
{ "type": "Feature", "properties": { "OBJECTID_1": 1631, "OBJECTID": 24, "ID": 0, "TAHUN": 2012, "DATE": "2012-01-01", "NAMA_TITIK": "T44", "ZONA": "SEL BARAT", "SHAPE_LENG": 106.01232660300001, "TRANSECTID": 5, "TRANSORDER": 5, "SHORELINEI": "2012-01-01", "BASELINEID": 1, "DISTANCE": 319.24, "INTERSECTX": 290221.62672200002, "INTERSECTY": 9243610.7366599999, "UNCERTAINT": 10, "NAMA_TITI2": "T44", "D_TAHUN": 0.0, "LRR": -2.33, "SKOR_SHORE": 5, "RASTERVALU": 0.013365, "SKOR_SLOPE": 5, "RASTERVA_1": -2.91714, "SKOR_ELEV": 5, "GEOM_LAP": "Aluvial", "SKOR_GEOM": 4, "KATEGORI": "Abrasi Tinggi", "GELOMBANG": 0.24865046318839501, "PASUT": 0.859, "SLR": 4.69, "SKOR_GEL": 2, "SKOR_PASUT": 4, "SKOR_SLR": 5, "CVI": 100.0, "KELAS_CVI": 5, "KELAS_CV_1": "Sangat Tinggi", "LAHAN": "Muara", "JENIS": "Natural", "SKOR_LAHAN": 4, "DELTA_D": -3.83, "D_MEAN": -9.4905, "D_MEDIAN": -11.565, "TSS_MIN_MG": 27.0, "TSS_RATA_R": 52.4, "TSS_MEDIAN": 51.7, "TSS_MAKS_M": 123.3, "TSS_STDDEV": 13.0, "HS": 0.248650463, "MWP_MEAN_S": 3.5266, "MWD_CIRCUL": 35.14, "JARAK_MUAR": 61.827697463302599, "NAMA_SUNGA": "KaliGangsa", "MUARA_ID": "M1", "RESPON": "Abrasi", "TSS__BATAS": 30.4, "PROKSI_NER": "Bypass/Export" }, "geometry": { "type": "MultiLineString", "coordinates": [ [ [ 109.101693679357552, -6.839220545193657 ], [ 109.101541098457048, -6.839177655905039 ], [ 109.101531832208849, -6.839175051656288 ], [ 109.101514455400377, -6.839170166871005 ], [ 109.101349452988345, -6.839123786552308 ], [ 109.101276316080842, -6.839103228590439 ], [ 109.101164880828279, -6.839071905170099 ], [ 109.101023574063206, -6.839032184855448 ], [ 109.100869001839442, -6.838988736016455 ], [ 109.100778096053091, -6.838963182239206 ], [ 109.100772441434941, -6.838961593088689 ], [ 109.100771059444455, -6.83896016455516 ] ] ] } },
{ "type": "Feature", "properties": { "OBJECTID_1": 1633, "OBJECTID": 24, "ID": 0, "TAHUN": 2012, "DATE": "2012-01-01", "NAMA_TITIK": "T05", "ZONA": "SEL BARAT", "SHAPE_LENG": 200.14824152, "TRANSECTID": 6, "TRANSORDER": 6, "SHORELINEI": "2012-01-01", "BASELINEID": 1, "DISTANCE": 326.95, "INTERSECTX": 290414.51262, "INTERSECTY": 9243557.3106200006, "UNCERTAINT": 10, "NAMA_TITI2": "T05", "D_TAHUN": 0.0, "LRR": -1.47, "SKOR_SHORE": 4, "RASTERVALU": 6.15341, "SKOR_SLOPE": 3, "RASTERVA_1": -2.46219, "SKOR_ELEV": 5, "GEOM_LAP": "Pasir_Halus", "SKOR_GEOM": 3, "KATEGORI": "Abrasi Sedang", "GELOMBANG": 0.24865046318839501, "PASUT": 0.859, "SLR": 4.69, "SKOR_GEL": 2, "SKOR_PASUT": 4, "SKOR_SLR": 5, "CVI": 60.0, "KELAS_CVI": 4, "KELAS_CV_1": "Tinggi", "LAHAN": "Muara", "JENIS": "Natural", "SKOR_LAHAN": 4, "DELTA_D": 28.84, "D_MEAN": -9.4905, "D_MEDIAN": -11.565, "TSS_MIN_MG": 27.0, "TSS_RATA_R": 52.4, "TSS_MEDIAN": 51.7, "TSS_MAKS_M": 123.3, "TSS_STDDEV": 13.0, "HS": 0.248650463, "MWP_MEAN_S": 3.5266, "MWD_CIRCUL": 35.14, "JARAK_MUAR": 4.2768385923696401, "NAMA_SUNGA": "KaliGangsa", "MUARA_ID": "M1", "RESPON": "Abrasi", "TSS__BATAS": 30.4, "PROKSI_NER": "Bypass/Export" }, "geometry": { "type": "MultiLineString", "coordinates": [ [ [ 109.103436567146417, -6.839710452381862 ], [ 109.10302640692656, -6.839595160848115 ], [ 109.102947179645241, -6.839572891104458 ], [ 109.102532627439103, -6.839456364955384 ], [ 109.102488816228387, -6.839444049898954 ], [ 109.102392451632809, -6.839416963170836 ], [ 109.102344793872803, -6.839403566980026 ], [ 109.102308829401082, -6.839393458160233 ], [ 109.102173039647738, -6.839355288752105 ], [ 109.10189803745871, -6.839277987918679 ], [ 109.101846877445965, -6.839263607753816 ], [ 109.101845916934892, -6.839263338154608 ], [ 109.101821107235807, -6.839256364480588 ], [ 109.101736623069186, -6.839232616394437 ], [ 109.101693679357552, -6.839220545193657 ] ] ] } },
{ "type": "Feature", "properties": { "OBJECTID_1": 1634, "OBJECTID": 24, "ID": 0, "TAHUN": 2012, "DATE": "2012-01-01", "NAMA_TITIK": "T03", "ZONA": "SEL BARAT", "SHAPE_LENG": 203.10180538200001, "TRANSECTID": 3, "TRANSORDER": 3, "SHORELINEI": "2012-01-01", "BASELINEID": 1, "DISTANCE": 328.76, "INTERSECTX": 289958.43692200002, "INTERSECTY": 9243757.8641100004, "UNCERTAINT": 10, "NAMA_TITI2": "T03", "D_TAHUN": 0.0, "LRR": -3.26, "SKOR_SHORE": 5, "RASTERVALU": 6.99672, "SKOR_SLOPE": 3, "RASTERVA_1": -1.58426, "SKOR_ELEV": 5, "GEOM_LAP": "Pasir_Halus", "SKOR_GEOM": 3, "KATEGORI": "Abrasi Tinggi", "GELOMBANG": 0.24865046318839501, "PASUT": 0.859, "SLR": 4.69, "SKOR_GEL": 2, "SKOR_PASUT": 4, "SKOR_SLR": 5, "CVI": 47.43416490253, "KELAS_CVI": 3, "KELAS_CV_1": "Sedang", "LAHAN": "Pantai", "JENIS": "Natural", "SKOR_LAHAN": 2, "DELTA_D": 10.53, "D_MEAN": -9.4905, "D_MEDIAN": -11.565, "TSS_MIN_MG": 27.0, "TSS_RATA_R": 52.4, "TSS_MEDIAN": 51.7, "TSS_MAKS_M": 123.3, "TSS_STDDEV": 13.0, "HS": 0.248650463, "MWP_MEAN_S": 3.5266, "MWD_CIRCUL": 35.14, "JARAK_MUAR": 387.64661320961198, "NAMA_SUNGA": "KaliGangsa", "MUARA_ID": "M1", "RESPON": "Abrasi", "TSS__BATAS": 30.4, "PROKSI_NER": "Bypass/Export" }, "geometry": { "type": "MultiLineString", "coordinates": [ [ [ 109.099318197574433, -6.837880966407853 ], [ 109.099239324999232, -6.837848066078966 ], [ 109.099141576881308, -6.837807293196144 ], [ 109.099140432662495, -6.837806815824696 ], [ 109.099106780700225, -6.837792778524749 ], [ 109.099104132830746, -6.837791674087221 ], [ 109.09907707977149, -6.837780389660412 ], [ 109.099047090759242, -6.837767880313574 ], [ 109.099034934225344, -6.837762809034272 ], [ 109.098917417448646, -6.837713790257611 ], [ 109.098911448005126, -6.837711300252323 ], [ 109.098789713820523, -6.837660521658735 ], [ 109.09873635188967, -6.837638263115331 ], [ 109.098684457488957, -6.837616617025846 ], [ 109.098627076046753, -6.837561078380983 ], [ 109.098614023139646, -6.837548444243805 ], [ 109.098458136228231, -6.837397563543812 ], [ 109.0983752410866, -6.837317331249428 ], [ 109.098366305463273, -6.837308682441175 ], [ 109.098327242297771, -6.837270874424266 ], [ 109.098176428933158, -6.83712490498746 ], [ 109.098174449148758, -6.837122988578183 ], [ 109.098108938152151, -6.837064300393804 ], [ 109.098040959173332, -6.837003401837008 ], [ 109.098003882443706, -6.836970186423591 ], [ 109.097971511855675, -6.836941187410516 ], [ 109.097961199994543, -6.836931950006313 ], [ 109.097934637047103, -6.836908152711059 ], [ 109.097846396762634, -6.836829102627455 ] ] ] } },
{ "type": "Feature", "properties": { "OBJECTID_1": 1635, "OBJECTID": 24, "ID": 0, "TAHUN": 2012, "DATE": "2012-01-01", "NAMA_TITIK": "T04", "ZONA": "SEL BARAT", "SHAPE_LENG": 204.149683821, "TRANSECTID": 4, "TRANSORDER": 4, "SHORELINEI": "2012-01-01", "BASELINEID": 1, "DISTANCE": 322.09, "INTERSECTX": 290119.51935800002, "INTERSECTY": 9243639.1334499996, "UNCERTAINT": 10, "NAMA_TITI2": "T04", "D_TAHUN": 0.0, "LRR": -3.32, "SKOR_SHORE": 5, "RASTERVALU": 6.89058, "SKOR_SLOPE": 3, "RASTERVA_1": -2.22393, "SKOR_ELEV": 5, "GEOM_LAP": "Pasir_Halus", "SKOR_GEOM": 3, "KATEGORI": "Abrasi Tinggi", "GELOMBANG": 0.24865046318839501, "PASUT": 0.859, "SLR": 4.69, "SKOR_GEL": 2, "SKOR_PASUT": 4, "SKOR_SLR": 5, "CVI": 47.43416490253, "KELAS_CVI": 3, "KELAS_CV_1": "Sedang", "LAHAN": "Pantai", "JENIS": "Natural", "SKOR_LAHAN": 2, "DELTA_D": -21.16, "D_MEAN": -9.4905, "D_MEDIAN": -11.565, "TSS_MIN_MG": 27.0, "TSS_RATA_R": 52.4, "TSS_MEDIAN": 51.7, "TSS_MAKS_M": 123.3, "TSS_STDDEV": 13.0, "HS": 0.248650463, "MWP_MEAN_S": 3.5266, "MWD_CIRCUL": 35.14, "JARAK_MUAR": 191.803552089433, "NAMA_SUNGA": "KaliGangsa", "MUARA_ID": "M1", "RESPON": "Abrasi", "TSS__BATAS": 30.4, "PROKSI_NER": "Bypass/Export" }, "geometry": { "type": "MultiLineString", "coordinates": [ [ [ 109.100771059444455, -6.83896016455516 ], [ 109.100770927008227, -6.838960028415024 ], [ 109.100768506265254, -6.838957528020368 ], [ 109.100735897866997, -6.838923844852106 ], [ 109.10072445722902, -6.838912026295068 ], [ 109.100721969819716, -6.838909456924357 ], [ 109.100680659551273, -6.838866785041383 ], [ 109.10067608834197, -6.838862062882126 ], [ 109.100666248618126, -6.838851898847144 ], [ 109.100567481134846, -6.838749874589634 ], [ 109.100560657655834, -6.838742826290074 ], [ 109.100559947740237, -6.838742092962047 ], [ 109.100554873825999, -6.838736851663556 ], [ 109.100483583179496, -6.838663209374493 ], [ 109.100417033128636, -6.838594464404031 ], [ 109.100410588033938, -6.838587807271157 ], [ 109.100403590688273, -6.838580578365154 ], [ 109.100310562092901, -6.838484482423524 ], [ 109.1002198416613, -6.838390769794178 ], [ 109.100207719057721, -6.838378247849424 ], [ 109.100189505429569, -6.838359432718607 ], [ 109.100170223323616, -6.83833951486845 ], [ 109.100154014213558, -6.838322770843027 ], [ 109.100115440999119, -6.838282926064374 ], [ 109.10000273673667, -6.838166503838094 ], [ 109.09973167014887, -6.838053435380632 ], [ 109.09968645853229, -6.83803457693077 ], [ 109.099610506498422, -6.838002895175321 ], [ 109.099494055223047, -6.837954321019692 ], [ 109.099401539576291, -6.837915730580447 ], [ 109.099318197574433, -6.837880966407853 ] ] ] } },
{ "type": "Feature", "properties": { "OBJECTID_1": 1638, "OBJECTID": 24, "ID": 0, "TAHUN": 2012, "DATE": "2012-01-01", "NAMA_TITIK": "T02", "ZONA": "SEL BARAT", "SHAPE_LENG": 200.722177969, "TRANSECTID": 2, "TRANSORDER": 2, "SHORELINEI": "2012-01-01", "BASELINEID": 1, "DISTANCE": 331.76, "INTERSECTX": 289795.27198399999, "INTERSECTY": 9243873.5627200007, "UNCERTAINT": 10, "NAMA_TITI2": "T02", "D_TAHUN": 0.0, "LRR": -2.19, "SKOR_SHORE": 5, "RASTERVALU": 6.56471, "SKOR_SLOPE": 3, "RASTERVA_1": -1.78074, "SKOR_ELEV": 5, "GEOM_LAP": "Pasir_Halus", "SKOR_GEOM": 3, "KATEGORI": "Abrasi Tinggi", "GELOMBANG": 0.24865046318839501, "PASUT": 0.859, "SLR": 4.69, "SKOR_GEL": 2, "SKOR_PASUT": 4, "SKOR_SLR": 5, "CVI": 47.43416490253, "KELAS_CVI": 3, "KELAS_CV_1": "Sedang", "LAHAN": "Pantai", "JENIS": "Natural", "SKOR_LAHAN": 2, "DELTA_D": -7.22, "D_MEAN": -9.4905, "D_MEDIAN": -11.565, "TSS_MIN_MG": 27.0, "TSS_RATA_R": 52.4, "TSS_MEDIAN": 51.7, "TSS_MAKS_M": 123.3, "TSS_STDDEV": 13.0, "HS": 0.248650463, "MWP_MEAN_S": 3.5266, "MWD_CIRCUL": 35.14, "JARAK_MUAR": 579.82548354246296, "NAMA_SUNGA": "KaliGangsa", "MUARA_ID": "M1", "RESPON": "Abrasi", "TSS__BATAS": 30.4, "PROKSI_NER": "Bypass/Export" }, "geometry": { "type": "MultiLineString", "coordinates": [ [ [ 109.097846396762634, -6.836829102627455 ], [ 109.097846358903183, -6.836829069025586 ], [ 109.097843527650141, -6.836826532644577 ], [ 109.097715534494085, -6.836711869688282 ], [ 109.097633988875359, -6.836638815910715 ], [ 109.097522690368933, -6.836539108770701 ], [ 109.097498019467096, -6.836517007826732 ], [ 109.097369287345316, -6.836401682801759 ], [ 109.097313212240053, -6.836351447353952 ], [ 109.097260980646055, -6.836304655497058 ], [ 109.097203842516379, -6.836262693011248 ], [ 109.097150626110832, -6.836223610257734 ], [ 109.097071240322492, -6.836165308363906 ], [ 109.096536432373938, -6.835772542552871 ], [ 109.096526914034342, -6.835765552281051 ], [ 109.096510705886431, -6.835753649725675 ], [ 109.096509570326177, -6.835752815259025 ], [ 109.096431371680197, -6.835695385040094 ], [ 109.096431343717455, -6.83569536503902 ] ] ] } },
{ "type": "Feature", "properties": { "OBJECTID_1": 1639, "OBJECTID": 24, "ID": 0, "TAHUN": 2012, "DATE": "2012-01-01", "NAMA_TITIK": "T01", "ZONA": "SEL BARAT", "SHAPE_LENG": 92.739425252499998, "TRANSECTID": 1, "TRANSORDER": 1, "SHORELINEI": "2012-01-01", "BASELINEID": 1, "DISTANCE": 345.77, "INTERSECTX": 289638.34370700002, "INTERSECTY": 9243998.3417000007, "UNCERTAINT": 10, "NAMA_TITI2": "T01", "D_TAHUN": 0.0, "LRR": -0.96, "SKOR_SHORE": 3, "RASTERVALU": 0.111227, "SKOR_SLOPE": 5, "RASTERVA_1": -2.91494, "SKOR_ELEV": 5, "GEOM_LAP": "Pasir_Halus", "SKOR_GEOM": 3, "KATEGORI": "Stabil", "GELOMBANG": 0.24865046318839501, "PASUT": 0.859, "SLR": 4.69, "SKOR_GEL": 2, "SKOR_PASUT": 4, "SKOR_SLR": 5, "CVI": 47.43416490253, "KELAS_CVI": 3, "KELAS_CV_1": "Tinggi", "LAHAN": "Pantai", "JENIS": "Natural", "SKOR_LAHAN": 2, "DELTA_D": -5.6, "D_MEAN": -9.4905, "D_MEDIAN": -11.565, "TSS_MIN_MG": 27.0, "TSS_RATA_R": 52.4, "TSS_MEDIAN": 51.7, "TSS_MAKS_M": 123.3, "TSS_STDDEV": 13.0, "HS": 0.248650463, "MWP_MEAN_S": 3.5266, "MWD_CIRCUL": 35.14, "JARAK_MUAR": 778.10088489128304, "NAMA_SUNGA": "KaliGangsa", "MUARA_ID": "M1", "RESPON": "Abrasi", "TSS__BATAS": 30.4, "PROKSI_NER": "Bypass/Export" }, "geometry": { "type": "MultiLineString", "coordinates": [ [ [ 109.096431343717455, -6.83569536503902 ], [ 109.096101112746879, -6.835452839783876 ], [ 109.096028147345507, -6.835399252813875 ], [ 109.095987887714941, -6.835369686390146 ], [ 109.09579878226441, -6.835230805272214 ], [ 109.095755325242095, -6.835198889960701 ] ] ] } },
{ "type": "Feature", "properties": { "OBJECTID_1": 1642, "OBJECTID": 25, "ID": 0, "TAHUN": 2013, "DATE": "2013-01-01", "NAMA_TITIK": "T42", "ZONA": "SEL TIMUR", "SHAPE_LENG": 253.31835328899999, "TRANSECTID": 46, "TRANSORDER": 46, "SHORELINEI": "2013-01-01", "BASELINEID": 1, "DISTANCE": 231.67, "INTERSECTX": 297991.38172900002, "INTERSECTY": 9242313.6022399999, "UNCERTAINT": 10, "NAMA_TITI2": "T42", "D_TAHUN": 0.0, "LRR": -1.48, "SKOR_SHORE": 4, "RASTERVALU": 10.6361, "SKOR_SLOPE": 2, "RASTERVA_1": -1.41562, "SKOR_ELEV": 5, "GEOM_LAP": "Tambak", "SKOR_GEOM": 5, "KATEGORI": "Abrasi Sedang", "GELOMBANG": 0.26240764996584698, "PASUT": 0.863, "SLR": 4.69, "SKOR_GEL": 3, "SKOR_PASUT": 4, "SKOR_SLR": 5, "CVI": 67.082039324990006, "KELAS_CVI": 4, "KELAS_CV_1": "Tinggi", "LAHAN": "Tambak", "JENIS": "Natural", "SKOR_LAHAN": 3, "DELTA_D": -77.83, "D_MEAN": -3.216111111111116, "D_MEDIAN": -0.45999999999999402, "TSS_MIN_MG": 9.2, "TSS_RATA_R": 17.8, "TSS_MEDIAN": 13.2, "TSS_MAKS_M": 97.0, "TSS_STDDEV": 10.7, "HS": 0.26240765, "MWP_MEAN_S": 3.5249, "MWD_CIRCUL": 20.07, "JARAK_MUAR": 1130.0451134499999, "NAMA_SUNGA": "Kali Ketiwon", "MUARA_ID": "M5", "RESPON": "Stabil", "TSS__BATAS": 30.4, "PROKSI_NER": "Relatif Seimbang" }, "geometry": { "type": "MultiLineString", "coordinates": [ [ [ 109.172223312154244, -6.851455053431778 ], [ 109.171933542089405, -6.851220572960107 ], [ 109.171417762733171, -6.850803207490526 ], [ 109.170914656097537, -6.850288640328428 ], [ 109.170909006012479, -6.850282862087385 ], [ 109.170834294448781, -6.850221117070477 ], [ 109.170784603383112, -6.850180050307628 ], [ 109.170597213633158, -6.85002518088253 ], [ 109.170502713947911, -6.849947081251012 ] ] ] } },
{ "type": "Feature", "properties": { "OBJECTID_1": 1654, "OBJECTID": 25, "ID": 0, "TAHUN": 2013, "DATE": "2013-01-01", "NAMA_TITIK": "T40", "ZONA": "SEL TIMUR", "SHAPE_LENG": 202.80956031299999, "TRANSECTID": 44, "TRANSORDER": 44, "SHORELINEI": "2013-01-01", "BASELINEID": 1, "DISTANCE": 297.01, "INTERSECTX": 297678.02156000008, "INTERSECTY": 9242584.3794599995, "UNCERTAINT": 10, "NAMA_TITI2": "T40", "D_TAHUN": 0.0, "LRR": -2.39, "SKOR_SHORE": 5, "RASTERVALU": 1.31742, "SKOR_SLOPE": 5, "RASTERVA_1": -2.87668, "SKOR_ELEV": 5, "GEOM_LAP": "Tambak", "SKOR_GEOM": 5, "KATEGORI": "Abrasi Tinggi", "GELOMBANG": 0.26240764996584698, "PASUT": 0.863, "SLR": 4.69, "SKOR_GEL": 3, "SKOR_PASUT": 4, "SKOR_SLR": 5, "CVI": 118.58541225630999, "KELAS_CVI": 5, "KELAS_CV_1": "Sangat Tinggi", "LAHAN": "Tambak", "JENIS": "Natural", "SKOR_LAHAN": 3, "DELTA_D": -17.66, "D_MEAN": -3.216111111111116, "D_MEDIAN": -0.45999999999999402, "TSS_MIN_MG": 9.2, "TSS_RATA_R": 17.8, "TSS_MEDIAN": 13.2, "TSS_MAKS_M": 97.0, "TSS_STDDEV": 10.7, "HS": 0.26240765, "MWP_MEAN_S": 3.5249, "MWD_CIRCUL": 20.07, "JARAK_MUAR": 727.664323427044, "NAMA_SUNGA": "Kali Ketiwon", "MUARA_ID": "M5", "RESPON": "Stabil", "TSS__BATAS": 30.4, "PROKSI_NER": "Relatif Seimbang" }, "geometry": { "type": "MultiLineString", "coordinates": [ [ [ 109.169108129847999, -6.848761579779276 ], [ 109.169107885598038, -6.848761341961287 ], [ 109.169107546710691, -6.848761012463545 ], [ 109.168995927840399, -6.848652165093868 ], [ 109.168751762420413, -6.848414060752043 ], [ 109.168723152032086, -6.848386160865517 ], [ 109.168722247141574, -6.848385278583357 ], [ 109.168684000594155, -6.848353812174348 ], [ 109.168653994768064, -6.848329124839046 ], [ 109.168597717505733, -6.84828282313604 ], [ 109.168574668225915, -6.84826385935768 ], [ 109.168411553971595, -6.848129658603991 ], [ 109.168170360586402, -6.847931217837484 ], [ 109.168086374553667, -6.847862119036927 ], [ 109.168077225741797, -6.847854591474953 ], [ 109.167950953207566, -6.847750701634117 ], [ 109.167841709502056, -6.847660822294496 ], [ 109.167722006718805, -6.847562337153809 ] ] ] } },
{ "type": "Feature", "properties": { "OBJECTID_1": 1655, "OBJECTID": 25, "ID": 0, "TAHUN": 2013, "DATE": "2013-01-01", "NAMA_TITIK": "T41", "ZONA": "SEL TIMUR", "SHAPE_LENG": 202.475404105, "TRANSECTID": 45, "TRANSORDER": 45, "SHORELINEI": "2013-01-01", "BASELINEID": 1, "DISTANCE": 266.07, "INTERSECTX": 297832.68027399993, "INTERSECTY": 9242453.84932, "UNCERTAINT": 10, "NAMA_TITI2": "T41", "D_TAHUN": 0.0, "LRR": -2.12, "SKOR_SHORE": 5, "RASTERVALU": 9.05717, "SKOR_SLOPE": 2, "RASTERVA_1": -1.62402, "SKOR_ELEV": 5, "GEOM_LAP": "Tambak", "SKOR_GEOM": 5, "KATEGORI": "Abrasi Tinggi", "GELOMBANG": 0.26240764996584698, "PASUT": 0.863, "SLR": 4.69, "SKOR_GEL": 3, "SKOR_PASUT": 4, "SKOR_SLR": 5, "CVI": 75.0, "KELAS_CVI": 4, "KELAS_CV_1": "Tinggi", "LAHAN": "Tambak", "JENIS": "Natural", "SKOR_LAHAN": 3, "DELTA_D": -43.43, "D_MEAN": -3.216111111111116, "D_MEDIAN": -0.45999999999999402, "TSS_MIN_MG": 9.2, "TSS_RATA_R": 17.8, "TSS_MEDIAN": 13.2, "TSS_MAKS_M": 97.0, "TSS_STDDEV": 10.7, "HS": 0.26240765, "MWP_MEAN_S": 3.5249, "MWD_CIRCUL": 20.07, "JARAK_MUAR": 936.29342666807304, "NAMA_SUNGA": "Kali Ketiwon", "MUARA_ID": "M5", "RESPON": "Stabil", "TSS__BATAS": 30.4, "PROKSI_NER": "Relatif Seimbang" }, "geometry": { "type": "MultiLineString", "coordinates": [ [ [ 109.170502713947911, -6.849947081251012 ], [ 109.170366947922176, -6.849834877218231 ], [ 109.170360280914778, -6.849829367250932 ], [ 109.169853210969862, -6.849410297114799 ], [ 109.169702209386926, -6.849285501606713 ], [ 109.169611268500034, -6.849210343068706 ], [ 109.16960828625416, -6.84920787874823 ], [ 109.169513702137934, -6.849129709062546 ], [ 109.169370638359339, -6.849011472602832 ], [ 109.169359912388558, -6.849002608136821 ], [ 109.169342099196896, -6.848987886708858 ], [ 109.169329627350677, -6.848977578896233 ], [ 109.169318888515051, -6.848967106800965 ], [ 109.169284706304808, -6.848933773459895 ], [ 109.169267460179981, -6.848916955657256 ], [ 109.169187741372355, -6.848839215980671 ], [ 109.169108129847999, -6.848761579779276 ] ] ] } },
{ "type": "Feature", "properties": { "OBJECTID_1": 1660, "OBJECTID": 25, "ID": 0, "TAHUN": 2013, "DATE": "2013-01-01", "NAMA_TITIK": "T51", "ZONA": "SEL BARAT", "SHAPE_LENG": 200.405980543, "TRANSECTID": 20, "TRANSORDER": 20, "SHORELINEI": "2013-01-01", "BASELINEID": 1, "DISTANCE": 264.37, "INTERSECTX": 292992.543183, "INTERSECTY": 9242634.8291900009, "UNCERTAINT": 10, "NAMA_TITI2": "T51", "D_TAHUN": 0.0, "LRR": 0.72, "SKOR_SHORE": 3, "RASTERVALU": 2.59289, "SKOR_SLOPE": 4, "RASTERVA_1": -2.65623, "SKOR_ELEV": 5, "GEOM_LAP": "Aluvial", "SKOR_GEOM": 4, "KATEGORI": "Stabil", "GELOMBANG": 0.26240764996584698, "PASUT": 0.863, "SLR": 4.69, "SKOR_GEL": 3, "SKOR_PASUT": 4, "SKOR_SLR": 5, "CVI": 84.852813742389998, "KELAS_CVI": 5, "KELAS_CV_1": "Tinggi", "LAHAN": "Muara", "JENIS": "Natural", "SKOR_LAHAN": 4, "DELTA_D": 10.7, "D_MEAN": 10.3645, "D_MEDIAN": 8.69, "TSS_MIN_MG": 9.3, "TSS_RATA_R": 13.2, "TSS_MEDIAN": 12.1, "TSS_MAKS_M": 43.0, "TSS_STDDEV": 3.5, "HS": 0.26240765, "MWP_MEAN_S": 3.5249, "MWD_CIRCUL": 20.07, "JARAK_MUAR": 19.716633507029201, "NAMA_SUNGA": "Kali Sibelis", "MUARA_ID": "M3", "RESPON": "Akresi", "TSS__BATAS": 30.4, "PROKSI_NER": "Deposisi Lokal" }, "geometry": { "type": "MultiLineString", "coordinates": [ [ [ 109.126724403876906, -6.848142104806676 ], [ 109.126480898612442, -6.848142522655309 ], [ 109.126473658922365, -6.848142535118583 ], [ 109.12639979834502, -6.848142662176392 ], [ 109.126387317848327, -6.848141146119749 ], [ 109.126270091789237, -6.848126905651971 ], [ 109.126248639046267, -6.848124299492837 ], [ 109.126239529362351, -6.848123192583174 ], [ 109.126223002629899, -6.848121185175179 ], [ 109.125924713166313, -6.848084950038368 ], [ 109.125397696285191, -6.848020929323098 ], [ 109.125102637740781, -6.847985086044496 ], [ 109.124922387374767, -6.847963189164473 ] ] ] } },
{ "type": "Feature", "properties": { "OBJECTID_1": 1673, "OBJECTID": 25, "ID": 0, "TAHUN": 2013, "DATE": "2013-01-01", "NAMA_TITIK": "T39", "ZONA": "SEL TIMUR", "SHAPE_LENG": 200.25717140200001, "TRANSECTID": 43, "TRANSORDER": 43, "SHORELINEI": "2013-01-01", "BASELINEID": 1, "DISTANCE": 329.74, "INTERSECTX": 297524.291509, "INTERSECTY": 9242716.4328199998, "UNCERTAINT": 10, "NAMA_TITI2": "T39", "D_TAHUN": 0.0, "LRR": -3.6, "SKOR_SHORE": 5, "RASTERVALU": 0.000339, "SKOR_SLOPE": 5, "RASTERVA_1": -2.9425, "SKOR_ELEV": 5, "GEOM_LAP": "Pasir_Halus", "SKOR_GEOM": 3, "KATEGORI": "Abrasi Tinggi", "GELOMBANG": 0.26240764996584698, "PASUT": 0.863, "SLR": 4.69, "SKOR_GEL": 3, "SKOR_PASUT": 4, "SKOR_SLR": 5, "CVI": 75.0, "KELAS_CVI": 4, "KELAS_CV_1": "Tinggi", "LAHAN": "Pantai", "JENIS": "Natural", "SKOR_LAHAN": 2, "DELTA_D": -28.65, "D_MEAN": -3.216111111111116, "D_MEDIAN": -0.45999999999999402, "TSS_MIN_MG": 9.2, "TSS_RATA_R": 17.8, "TSS_MEDIAN": 13.2, "TSS_MAKS_M": 97.0, "TSS_STDDEV": 10.7, "HS": 0.26240765, "MWP_MEAN_S": 3.5249, "MWD_CIRCUL": 20.07, "JARAK_MUAR": 535.47677602736997, "NAMA_SUNGA": "Kali Ketiwon", "MUARA_ID": "M5", "RESPON": "Stabil", "TSS__BATAS": 30.4, "PROKSI_NER": "Relatif Seimbang" }, "geometry": { "type": "MultiLineString", "coordinates": [ [ [ 109.167722006718805, -6.847562337153809 ], [ 109.167595507089032, -6.847458261042211 ], [ 109.167478217090974, -6.847391058699236 ], [ 109.167448587225877, -6.847374086054193 ], [ 109.167397363919704, -6.84734473826051 ], [ 109.1673746087382, -6.847331701366309 ], [ 109.166811827147725, -6.847009267624204 ], [ 109.166752289533989, -6.846975156659767 ], [ 109.166585979089703, -6.846879872390063 ], [ 109.1661659874501, -6.846639245844649 ] ] ] } },
{ "type": "Feature", "properties": { "OBJECTID_1": 1679, "OBJECTID": 25, "ID": 0, "TAHUN": 2013, "DATE": "2013-01-01", "NAMA_TITIK": "T37", "ZONA": "SEL TIMUR", "SHAPE_LENG": 200.820536283, "TRANSECTID": 41, "TRANSORDER": 41, "SHORELINEI": "2013-01-01", "BASELINEID": 1, "DISTANCE": 323.92, "INTERSECTX": 297202.45767099998, "INTERSECTY": 9242908.4074900001, "UNCERTAINT": 10, "NAMA_TITI2": "T37", "D_TAHUN": 0.0, "LRR": -4.54, "SKOR_SHORE": 5, "RASTERVALU": 0.000345, "SKOR_SLOPE": 5, "RASTERVA_1": -2.94128, "SKOR_ELEV": 5, "GEOM_LAP": "Pasir_Halus", "SKOR_GEOM": 3, "KATEGORI": "Abrasi Tinggi", "GELOMBANG": 0.26240764996584698, "PASUT": 0.863, "SLR": 4.69, "SKOR_GEL": 3, "SKOR_PASUT": 4, "SKOR_SLR": 5, "CVI": 75.0, "KELAS_CVI": 4, "KELAS_CV_1": "Tinggi", "LAHAN": "Pantai", "JENIS": "Natural", "SKOR_LAHAN": 2, "DELTA_D": -19.63, "D_MEAN": -3.216111111111116, "D_MEDIAN": -0.45999999999999402, "TSS_MIN_MG": 9.2, "TSS_RATA_R": 17.8, "TSS_MEDIAN": 13.2, "TSS_MAKS_M": 97.0, "TSS_STDDEV": 10.7, "HS": 0.26240765, "MWP_MEAN_S": 3.5249, "MWD_CIRCUL": 20.07, "JARAK_MUAR": 155.29372815372599, "NAMA_SUNGA": "Kali Ketiwon", "MUARA_ID": "M5", "RESPON": "Stabil", "TSS__BATAS": 30.4, "PROKSI_NER": "Relatif Seimbang" }, "geometry": { "type": "MultiLineString", "coordinates": [ [ [ 109.164817261395143, -6.845815519840613 ], [ 109.164817028909013, -6.84581528206627 ], [ 109.16481126985542, -6.845809409338112 ], [ 109.164742463105753, -6.845739242448036 ], [ 109.164506886399522, -6.845499008732676 ], [ 109.164454406188696, -6.84544549165692 ], [ 109.164441136328421, -6.845431959240591 ], [ 109.164282923836197, -6.845316927101684 ], [ 109.164108967595482, -6.845190447069623 ], [ 109.164049692770746, -6.845147349648546 ], [ 109.163918935647231, -6.845052279170956 ], [ 109.163908601844639, -6.845044766021985 ], [ 109.163902449377943, -6.845040292311081 ], [ 109.163733200620285, -6.844917235191416 ], [ 109.163482172046585, -6.844734717242564 ], [ 109.163406600545372, -6.844679771056945 ] ] ] } },
{ "type": "Feature", "properties": { "OBJECTID_1": 1681, "OBJECTID": 25, "ID": 0, "TAHUN": 2013, "DATE": "2013-01-01", "NAMA_TITIK": "T38", "ZONA": "SEL TIMUR", "SHAPE_LENG": 175.33320263300001, "TRANSECTID": 42, "TRANSORDER": 42, "SHORELINEI": "2013-01-01", "BASELINEID": 1, "DISTANCE": 326.61, "INTERSECTX": 297351.89670099993, "INTERSECTY": 9242817.8715799991, "UNCERTAINT": 10, "NAMA_TITI2": "T38", "D_TAHUN": 0.0, "LRR": -4.04, "SKOR_SHORE": 5, "RASTERVALU": 0.000344, "SKOR_SLOPE": 5, "RASTERVA_1": -2.94192, "SKOR_ELEV": 5, "GEOM_LAP": "Pasir_Halus", "SKOR_GEOM": 3, "KATEGORI": "Abrasi Tinggi", "GELOMBANG": 0.26240764996584698, "PASUT": 0.863, "SLR": 4.69, "SKOR_GEL": 3, "SKOR_PASUT": 4, "SKOR_SLR": 5, "CVI": 75.0, "KELAS_CVI": 4, "KELAS_CV_1": "Tinggi", "LAHAN": "Pantai", "JENIS": "Natural", "SKOR_LAHAN": 2, "DELTA_D": -45.05, "D_MEAN": -3.216111111111116, "D_MEDIAN": -0.45999999999999402, "TSS_MIN_MG": 9.2, "TSS_RATA_R": 17.8, "TSS_MEDIAN": 13.2, "TSS_MAKS_M": 97.0, "TSS_STDDEV": 10.7, "HS": 0.26240765, "MWP_MEAN_S": 3.5249, "MWD_CIRCUL": 20.07, "JARAK_MUAR": 355.43647958132902, "NAMA_SUNGA": "Kali Ketiwon", "MUARA_ID": "M5", "RESPON": "Stabil", "TSS__BATAS": 30.4, "PROKSI_NER": "Relatif Seimbang" }, "geometry": { "type": "MultiLineString", "coordinates": [ [ [ 109.1661659874501, -6.846639245844649 ], [ 109.165909881818123, -6.846492514533734 ], [ 109.165837744160854, -6.846451184610703 ], [ 109.165818661992105, -6.846440251166763 ], [ 109.165366802973736, -6.846181365311042 ], [ 109.165224901875121, -6.846100065201504 ], [ 109.164931386374846, -6.845931899853793 ], [ 109.164817261395143, -6.845815519840613 ] ] ] } },
{ "type": "Feature", "properties": { "OBJECTID_1": 1695, "OBJECTID": 25, "ID": 0, "TAHUN": 2013, "DATE": "2013-01-01", "NAMA_TITIK": "T05", "ZONA": "SEL BARAT", "SHAPE_LENG": 200.00547441099999, "TRANSECTID": 6, "TRANSORDER": 6, "SHORELINEI": "2013-01-01", "BASELINEID": 1, "DISTANCE": 323.62, "INTERSECTX": 290413.50095700001, "INTERSECTY": 9243554.1381700002, "UNCERTAINT": 10, "NAMA_TITI2": "T05", "D_TAHUN": 0.0, "LRR": -1.47, "SKOR_SHORE": 4, "RASTERVALU": 6.15341, "SKOR_SLOPE": 3, "RASTERVA_1": -2.46219, "SKOR_ELEV": 5, "GEOM_LAP": "Pasir_Halus", "SKOR_GEOM": 3, "KATEGORI": "Abrasi Sedang", "GELOMBANG": 0.26240764996584698, "PASUT": 0.863, "SLR": 4.69, "SKOR_GEL": 3, "SKOR_PASUT": 4, "SKOR_SLR": 5, "CVI": 73.484692283499996, "KELAS_CVI": 4, "KELAS_CV_1": "Tinggi", "LAHAN": "Muara", "JENIS": "Natural", "SKOR_LAHAN": 4, "DELTA_D": -3.33, "D_MEAN": 10.3645, "D_MEDIAN": 8.69, "TSS_MIN_MG": 9.3, "TSS_RATA_R": 13.2, "TSS_MEDIAN": 12.1, "TSS_MAKS_M": 43.0, "TSS_STDDEV": 3.5, "HS": 0.26240765, "MWP_MEAN_S": 3.5249, "MWD_CIRCUL": 20.07, "JARAK_MUAR": 4.2768385923696401, "NAMA_SUNGA": "KaliGangsa", "MUARA_ID": "M1", "RESPON": "Akresi", "TSS__BATAS": 30.4, "PROKSI_NER": "Deposisi Lokal" }, "geometry": { "type": "MultiLineString", "coordinates": [ [ [ 109.103427314145478, -6.839739101760174 ], [ 109.103386661977297, -6.839726254945159 ], [ 109.103296899440124, -6.83969788884639 ], [ 109.103040919906277, -6.839616994638999 ], [ 109.102937039042601, -6.839584166156533 ], [ 109.102876516191159, -6.839565039623153 ], [ 109.102677040179742, -6.83950200193095 ], [ 109.10257867952653, -6.839470918398007 ], [ 109.102532627439103, -6.839456364955384 ], [ 109.102482824189138, -6.839440625885035 ], [ 109.102292609688973, -6.839380515044676 ], [ 109.102272559202447, -6.839374178575685 ], [ 109.102034572543886, -6.839298970354232 ], [ 109.101826920537007, -6.83923334779859 ], [ 109.101792749904689, -6.839222548948297 ], [ 109.101750895353945, -6.839209322066805 ], [ 109.101702277510483, -6.839193958293364 ] ] ] } },
{ "type": "Feature", "properties": { "OBJECTID_1": 1697, "OBJECTID": 25, "ID": 0, "TAHUN": 2013, "DATE": "2013-01-01", "NAMA_TITIK": "T03", "ZONA": "SEL BARAT", "SHAPE_LENG": 200.06730312, "TRANSECTID": 3, "TRANSORDER": 3, "SHORELINEI": "2013-01-01", "BASELINEID": 1, "DISTANCE": 316.65, "INTERSECTX": 289951.58018500003, "INTERSECTY": 9243747.8809200004, "UNCERTAINT": 10, "NAMA_TITI2": "T03", "D_TAHUN": 0.0, "LRR": -3.26, "SKOR_SHORE": 5, "RASTERVALU": 6.99672, "SKOR_SLOPE": 3, "RASTERVA_1": -1.58426, "SKOR_ELEV": 5, "GEOM_LAP": "Pasir_Halus", "SKOR_GEOM": 3, "KATEGORI": "Abrasi Tinggi", "GELOMBANG": 0.26240764996584698, "PASUT": 0.863, "SLR": 4.69, "SKOR_GEL": 3, "SKOR_PASUT": 4, "SKOR_SLR": 5, "CVI": 58.094750193110002, "KELAS_CVI": 4, "KELAS_CV_1": "Tinggi", "LAHAN": "Pantai", "JENIS": "Natural", "SKOR_LAHAN": 2, "DELTA_D": -12.11, "D_MEAN": 10.3645, "D_MEDIAN": 8.69, "TSS_MIN_MG": 9.3, "TSS_RATA_R": 13.2, "TSS_MEDIAN": 12.1, "TSS_MAKS_M": 43.0, "TSS_STDDEV": 3.5, "HS": 0.26240765, "MWP_MEAN_S": 3.5249, "MWD_CIRCUL": 20.07, "JARAK_MUAR": 387.64661320961198, "NAMA_SUNGA": "KaliGangsa", "MUARA_ID": "M1", "RESPON": "Akresi", "TSS__BATAS": 30.4, "PROKSI_NER": "Deposisi Lokal" }, "geometry": { "type": "MultiLineString", "coordinates": [ [ [ 109.099255816298935, -6.837970978833295 ], [ 109.099255644852633, -6.837970871470556 ], [ 109.099220001837111, -6.837948609707997 ], [ 109.098837509204841, -6.837709713509903 ], [ 109.09875719855728, -6.837652987611794 ], [ 109.09873635188967, -6.837638263115331 ], [ 109.098654197451424, -6.837580235229932 ], [ 109.098627076046753, -6.837561078380983 ], [ 109.098564116616046, -6.837516608480804 ], [ 109.098123400959267, -6.837205319036816 ], [ 109.097762387408025, -6.83695032529956 ] ] ] } },
{ "type": "Feature", "properties": { "OBJECTID_1": 1698, "OBJECTID": 25, "ID": 0, "TAHUN": 2013, "DATE": "2013-01-01", "NAMA_TITIK": "T44", "ZONA": "SEL BARAT", "SHAPE_LENG": 103.981019416, "TRANSECTID": 5, "TRANSORDER": 5, "SHORELINEI": "2013-01-01", "BASELINEID": 1, "DISTANCE": 322.34, "INTERSECTX": 290222.56566000002, "INTERSECTY": 9243613.6810500007, "UNCERTAINT": 10, "NAMA_TITI2": "T44", "D_TAHUN": 0.0, "LRR": -2.33, "SKOR_SHORE": 5, "RASTERVALU": 0.013365, "SKOR_SLOPE": 5, "RASTERVA_1": -2.91714, "SKOR_ELEV": 5, "GEOM_LAP": "Aluvial", "SKOR_GEOM": 4, "KATEGORI": "Abrasi Tinggi", "GELOMBANG": 0.26240764996584698, "PASUT": 0.863, "SLR": 4.69, "SKOR_GEL": 3, "SKOR_PASUT": 4, "SKOR_SLR": 5, "CVI": 122.47448713916, "KELAS_CVI": 5, "KELAS_CV_1": "Sangat Tinggi", "LAHAN": "Muara", "JENIS": "Natural", "SKOR_LAHAN": 4, "DELTA_D": 3.1, "D_MEAN": 10.3645, "D_MEDIAN": 8.69, "TSS_MIN_MG": 9.3, "TSS_RATA_R": 13.2, "TSS_MEDIAN": 12.1, "TSS_MAKS_M": 43.0, "TSS_STDDEV": 3.5, "HS": 0.26240765, "MWP_MEAN_S": 3.5249, "MWD_CIRCUL": 20.07, "JARAK_MUAR": 61.827697463302599, "NAMA_SUNGA": "KaliGangsa", "MUARA_ID": "M1", "RESPON": "Akresi", "TSS__BATAS": 30.4, "PROKSI_NER": "Deposisi Lokal" }, "geometry": { "type": "MultiLineString", "coordinates": [ [ [ 109.101702277510483, -6.839193958293364 ], [ 109.101559325921528, -6.839148782513838 ], [ 109.101545555402453, -6.839144430920093 ], [ 109.101422095972737, -6.839105414903655 ], [ 109.101395190073973, -6.839096912216787 ], [ 109.101381717699994, -6.839092654919489 ], [ 109.10134182458907, -6.839080047834214 ], [ 109.101231590026245, -6.8390452112489 ], [ 109.101058243522417, -6.838990430326501 ], [ 109.1009600466884, -6.838959397795416 ], [ 109.100892534005027, -6.838938061837665 ], [ 109.100824061853842, -6.838916423727075 ], [ 109.100805448822726, -6.838910541321953 ] ] ] } },
{ "type": "Feature", "properties": { "OBJECTID_1": 1699, "OBJECTID": 25, "ID": 0, "TAHUN": 2013, "DATE": "2013-01-01", "NAMA_TITIK": "T04", "ZONA": "SEL BARAT", "SHAPE_LENG": 200.68575493, "TRANSECTID": 4, "TRANSORDER": 4, "SHORELINEI": "2013-01-01", "BASELINEID": 1, "DISTANCE": 328.77, "INTERSECTX": 290123.29940299998, "INTERSECTY": 9243644.6370700002, "UNCERTAINT": 10, "NAMA_TITI2": "T04", "D_TAHUN": 0.0, "LRR": -3.32, "SKOR_SHORE": 5, "RASTERVALU": 6.89058, "SKOR_SLOPE": 3, "RASTERVA_1": -2.22393, "SKOR_ELEV": 5, "GEOM_LAP": "Pasir_Halus", "SKOR_GEOM": 3, "KATEGORI": "Abrasi Tinggi", "GELOMBANG": 0.26240764996584698, "PASUT": 0.863, "SLR": 4.69, "SKOR_GEL": 3, "SKOR_PASUT": 4, "SKOR_SLR": 5, "CVI": 58.094750193110002, "KELAS_CVI": 4, "KELAS_CV_1": "Tinggi", "LAHAN": "Pantai", "JENIS": "Natural", "SKOR_LAHAN": 2, "DELTA_D": 6.68, "D_MEAN": 10.3645, "D_MEDIAN": 8.69, "TSS_MIN_MG": 9.3, "TSS_RATA_R": 13.2, "TSS_MEDIAN": 12.1, "TSS_MAKS_M": 43.0, "TSS_STDDEV": 3.5, "HS": 0.26240765, "MWP_MEAN_S": 3.5249, "MWD_CIRCUL": 20.07, "JARAK_MUAR": 191.803552089433, "NAMA_SUNGA": "KaliGangsa", "MUARA_ID": "M1", "RESPON": "Akresi", "TSS__BATAS": 30.4, "PROKSI_NER": "Deposisi Lokal" }, "geometry": { "type": "MultiLineString", "coordinates": [ [ [ 109.100805448822726, -6.838910541321953 ], [ 109.100713736144641, -6.838881558655807 ], [ 109.100683467424901, -6.838862653461991 ], [ 109.100666248618126, -6.838851898847144 ], [ 109.100474572360596, -6.838732183198227 ], [ 109.100466553104965, -6.83872717438486 ], [ 109.100239480181628, -6.838585350738803 ], [ 109.099950869381971, -6.838405092399896 ], [ 109.099842061422592, -6.838337133482165 ], [ 109.099724243472593, -6.838263547015693 ], [ 109.099614260716947, -6.838194854707513 ], [ 109.099571917671852, -6.838168408477548 ], [ 109.099336217028906, -6.838021195400186 ], [ 109.099255816298935, -6.837970978833295 ] ] ] } },
{ "type": "Feature", "properties": { "OBJECTID_1": 1700, "OBJECTID": 25, "ID": 0, "TAHUN": 2013, "DATE": "2013-01-01", "NAMA_TITIK": "T02", "ZONA": "SEL BARAT", "SHAPE_LENG": 201.130267237, "TRANSECTID": 2, "TRANSORDER": 2, "SHORELINEI": "2013-01-01", "BASELINEID": 1, "DISTANCE": 315.45, "INTERSECTX": 289786.03789500002, "INTERSECTY": 9243860.1181899998, "UNCERTAINT": 10, "NAMA_TITI2": "T02", "D_TAHUN": 0.0, "LRR": -2.19, "SKOR_SHORE": 5, "RASTERVALU": 6.56471, "SKOR_SLOPE": 3, "RASTERVA_1": -1.78074, "SKOR_ELEV": 5, "GEOM_LAP": "Pasir_Halus", "SKOR_GEOM": 3, "KATEGORI": "Abrasi Tinggi", "GELOMBANG": 0.26240764996584698, "PASUT": 0.863, "SLR": 4.69, "SKOR_GEL": 3, "SKOR_PASUT": 4, "SKOR_SLR": 5, "CVI": 58.094750193110002, "KELAS_CVI": 4, "KELAS_CV_1": "Tinggi", "LAHAN": "Pantai", "JENIS": "Natural", "SKOR_LAHAN": 2, "DELTA_D": -16.31, "D_MEAN": 10.3645, "D_MEDIAN": 8.69, "TSS_MIN_MG": 9.3, "TSS_RATA_R": 13.2, "TSS_MEDIAN": 12.1, "TSS_MAKS_M": 43.0, "TSS_STDDEV": 3.5, "HS": 0.26240765, "MWP_MEAN_S": 3.5249, "MWD_CIRCUL": 20.07, "JARAK_MUAR": 579.82548354246296, "NAMA_SUNGA": "KaliGangsa", "MUARA_ID": "M1", "RESPON": "Akresi", "TSS__BATAS": 30.4, "PROKSI_NER": "Deposisi Lokal" }, "geometry": { "type": "MultiLineString", "coordinates": [ [ [ 109.097762387408025, -6.83695032529956 ], [ 109.097641837067599, -6.836865176728074 ], [ 109.096921642690134, -6.836356480624728 ], [ 109.096797995015109, -6.836269143473099 ], [ 109.096779861073415, -6.836251050068106 ], [ 109.096731265429355, -6.836202563768477 ], [ 109.096689929318046, -6.836161320096672 ], [ 109.096653429891816, -6.836124901817864 ], [ 109.096402012968426, -6.835874045814805 ], [ 109.096365075689363, -6.835837190915377 ], [ 109.096346145277636, -6.835818303253332 ] ] ] } },
{ "type": "Feature", "properties": { "OBJECTID_1": 1702, "OBJECTID": 25, "ID": 0, "TAHUN": 2013, "DATE": "2013-01-01", "NAMA_TITIK": "T01", "ZONA": "SEL BARAT", "SHAPE_LENG": 83.277426736199999, "TRANSECTID": 1, "TRANSORDER": 1, "SHORELINEI": "2013-01-01", "BASELINEID": 1, "DISTANCE": 329.22, "INTERSECTX": 289628.97890300001, "INTERSECTY": 9243984.7068499997, "UNCERTAINT": 10, "NAMA_TITI2": "T01", "D_TAHUN": 0.0, "LRR": -0.96, "SKOR_SHORE": 3, "RASTERVALU": 0.111227, "SKOR_SLOPE": 5, "RASTERVA_1": -2.91494, "SKOR_ELEV": 5, "GEOM_LAP": "Pasir_Halus", "SKOR_GEOM": 3, "KATEGORI": "Stabil", "GELOMBANG": 0.26240764996584698, "PASUT": 0.863, "SLR": 4.69, "SKOR_GEL": 3, "SKOR_PASUT": 4, "SKOR_SLR": 5, "CVI": 58.094750193110002, "KELAS_CVI": 4, "KELAS_CV_1": "Tinggi", "LAHAN": "Pantai", "JENIS": "Natural", "SKOR_LAHAN": 2, "DELTA_D": -16.55, "D_MEAN": 10.3645, "D_MEDIAN": 8.69, "TSS_MIN_MG": 9.3, "TSS_RATA_R": 13.2, "TSS_MEDIAN": 12.1, "TSS_MAKS_M": 43.0, "TSS_STDDEV": 3.5, "HS": 0.26240765, "MWP_MEAN_S": 3.5249, "MWD_CIRCUL": 20.07, "JARAK_MUAR": 778.10088489128304, "NAMA_SUNGA": "KaliGangsa", "MUARA_ID": "M1", "RESPON": "Akresi", "TSS__BATAS": 30.4, "PROKSI_NER": "Deposisi Lokal" }, "geometry": { "type": "MultiLineString", "coordinates": [ [ [ 109.096346145277636, -6.835818303253332 ], [ 109.095813021941623, -6.835286368765393 ] ] ] } },
{ "type": "Feature", "properties": { "OBJECTID_1": 1704, "OBJECTID": 26, "ID": 0, "TAHUN": 2014, "DATE": "2014-01-01", "NAMA_TITIK": "T42", "ZONA": "SEL TIMUR", "SHAPE_LENG": 227.01006804599999, "TRANSECTID": 46, "TRANSORDER": 46, "SHORELINEI": "2014-01-01", "BASELINEID": 1, "DISTANCE": 276.21, "INTERSECTX": 298015.95857399999, "INTERSECTY": 9242350.7531700004, "UNCERTAINT": 10, "NAMA_TITI2": "T42", "D_TAHUN": 0.0, "LRR": -1.48, "SKOR_SHORE": 4, "RASTERVALU": 10.6361, "SKOR_SLOPE": 2, "RASTERVA_1": -1.41562, "SKOR_ELEV": 5, "GEOM_LAP": "Tambak", "SKOR_GEOM": 5, "KATEGORI": "Abrasi Sedang", "GELOMBANG": 0.29123956140349799, "PASUT": 0.837, "SLR": 4.69, "SKOR_GEL": 5, "SKOR_PASUT": 5, "SKOR_SLR": 5, "CVI": 96.824583655189997, "KELAS_CVI": 5, "KELAS_CV_1": "Sangat Tinggi", "LAHAN": "Tambak", "JENIS": "Natural", "SKOR_LAHAN": 3, "DELTA_D": 44.54, "D_MEAN": 3.561111111111114, "D_MEDIAN": -0.079999999999998003, "TSS_MIN_MG": 9.2, "TSS_RATA_R": 21.7, "TSS_MEDIAN": 17.2, "TSS_MAKS_M": 90.0, "TSS_STDDEV": 12.4, "HS": 0.291239561, "MWP_MEAN_S": 3.8408, "MWD_CIRCUL": 28.04, "JARAK_MUAR": 1130.0451134499999, "NAMA_SUNGA": "Kali Ketiwon", "MUARA_ID": "M5", "RESPON": "Stabil", "TSS__BATAS": 30.4, "PROKSI_NER": "Relatif Seimbang" }, "geometry": { "type": "MultiLineString", "coordinates": [ [ [ 109.172258577640378, -6.850934497353768 ], [ 109.172157151839102, -6.850885524153131 ], [ 109.172024028650199, -6.850821246004763 ], [ 109.171979649748366, -6.850799817822288 ], [ 109.17195016555452, -6.850785580974151 ], [ 109.171813527120136, -6.850719605875438 ], [ 109.171691763557618, -6.850660812973911 ], [ 109.171620539936399, -6.850626422857956 ], [ 109.171509828023744, -6.850572966692535 ], [ 109.171474814904954, -6.850556060520044 ], [ 109.171435288686197, -6.850536975342382 ], [ 109.171427960988595, -6.850533437536743 ], [ 109.17142212140638, -6.850530617866258 ], [ 109.171411119477796, -6.85052530569311 ], [ 109.17111811197573, -6.850383828130751 ], [ 109.17102916835691, -6.850340882322518 ], [ 109.17102839901861, -6.85034051050009 ], [ 109.170909006012479, -6.850282862087385 ], [ 109.170873582594893, -6.850238564864642 ], [ 109.170809241715915, -6.850158105421948 ], [ 109.170612828474702, -6.84991248906675 ], [ 109.170595209526439, -6.849890456535934 ], [ 109.170562623164827, -6.849849707145792 ] ] ] } },
{ "type": "Feature", "properties": { "OBJECTID_1": 1718, "OBJECTID": 26, "ID": 0, "TAHUN": 2014, "DATE": "2014-01-01", "NAMA_TITIK": "T40", "ZONA": "SEL TIMUR", "SHAPE_LENG": 202.29000117699999, "TRANSECTID": 44, "TRANSORDER": 44, "SHORELINEI": "2014-01-01", "BASELINEID": 1, "DISTANCE": 293.83, "INTERSECTX": 297676.36231300002, "INTERSECTY": 9242581.6579, "UNCERTAINT": 10, "NAMA_TITI2": "T40", "D_TAHUN": 0.0, "LRR": -2.39, "SKOR_SHORE": 5, "RASTERVALU": 1.31742, "SKOR_SLOPE": 5, "RASTERVA_1": -2.87668, "SKOR_ELEV": 5, "GEOM_LAP": "Tambak", "SKOR_GEOM": 5, "KATEGORI": "Abrasi Tinggi", "GELOMBANG": 0.29123956140349799, "PASUT": 0.837, "SLR": 4.69, "SKOR_GEL": 5, "SKOR_PASUT": 5, "SKOR_SLR": 5, "CVI": 171.16329922035999, "KELAS_CVI": 5, "KELAS_CV_1": "Sangat Tinggi", "LAHAN": "Tambak", "JENIS": "Natural", "SKOR_LAHAN": 3, "DELTA_D": -3.18, "D_MEAN": 3.561111111111114, "D_MEDIAN": -0.079999999999998003, "TSS_MIN_MG": 9.2, "TSS_RATA_R": 21.7, "TSS_MEDIAN": 17.2, "TSS_MAKS_M": 90.0, "TSS_STDDEV": 12.4, "HS": 0.291239561, "MWP_MEAN_S": 3.8408, "MWD_CIRCUL": 28.04, "JARAK_MUAR": 727.664323427044, "NAMA_SUNGA": "Kali Ketiwon", "MUARA_ID": "M5", "RESPON": "Stabil", "TSS__BATAS": 30.4, "PROKSI_NER": "Relatif Seimbang" }, "geometry": { "type": "MultiLineString", "coordinates": [ [ [ 109.169093026450383, -6.848786130500223 ], [ 109.168896928105113, -6.848639057452091 ], [ 109.168634016350708, -6.848441873098737 ], [ 109.168282584291362, -6.848178298601047 ], [ 109.168214060548024, -6.848126905034848 ], [ 109.168145103740216, -6.848101053858471 ], [ 109.168059837060142, -6.84806908812625 ], [ 109.168039612085053, -6.848061505685679 ], [ 109.167965153031602, -6.848033591944755 ], [ 109.167753120136553, -6.847954101826843 ], [ 109.167677280819206, -6.847925670135022 ], [ 109.167596443808762, -6.847840008399336 ], [ 109.167569038337746, -6.847810967505975 ] ] ] } },
{ "type": "Feature", "properties": { "OBJECTID_1": 1719, "OBJECTID": 26, "ID": 0, "TAHUN": 2014, "DATE": "2014-01-01", "NAMA_TITIK": "T41", "ZONA": "SEL TIMUR", "SHAPE_LENG": 212.76635246199999, "TRANSECTID": 45, "TRANSORDER": 45, "SHORELINEI": "2014-01-01", "BASELINEID": 1, "DISTANCE": 278.71, "INTERSECTX": 297839.26163600001, "INTERSECTY": 9242464.6443000007, "UNCERTAINT": 10, "NAMA_TITI2": "T41", "D_TAHUN": 0.0, "LRR": -2.12, "SKOR_SHORE": 5, "RASTERVALU": 9.05717, "SKOR_SLOPE": 2, "RASTERVA_1": -1.62402, "SKOR_ELEV": 5, "GEOM_LAP": "Tambak", "SKOR_GEOM": 5, "KATEGORI": "Abrasi Tinggi", "GELOMBANG": 0.29123956140349799, "PASUT": 0.837, "SLR": 4.69, "SKOR_GEL": 5, "SKOR_PASUT": 5, "SKOR_SLR": 5, "CVI": 108.25317547305001, "KELAS_CVI": 5, "KELAS_CV_1": "Sangat Tinggi", "LAHAN": "Tambak", "JENIS": "Natural", "SKOR_LAHAN": 3, "DELTA_D": 12.64, "D_MEAN": 3.561111111111114, "D_MEDIAN": -0.079999999999998003, "TSS_MIN_MG": 9.2, "TSS_RATA_R": 21.7, "TSS_MEDIAN": 17.2, "TSS_MAKS_M": 90.0, "TSS_STDDEV": 12.4, "HS": 0.291239561, "MWP_MEAN_S": 3.8408, "MWD_CIRCUL": 28.04, "JARAK_MUAR": 936.29342666807304, "NAMA_SUNGA": "Kali Ketiwon", "MUARA_ID": "M5", "RESPON": "Stabil", "TSS__BATAS": 30.4, "PROKSI_NER": "Relatif Seimbang" }, "geometry": { "type": "MultiLineString", "coordinates": [ [ [ 109.170562623164827, -6.849849707145792 ], [ 109.170561955108198, -6.849848870974838 ], [ 109.170497459465579, -6.849768218343064 ], [ 109.17046220268638, -6.849724128794055 ], [ 109.170457634313465, -6.849718416151732 ], [ 109.170385773845197, -6.849628554721691 ], [ 109.170365226083447, -6.8496028591695 ], [ 109.1701528185895, -6.849337240790327 ], [ 109.170093690947581, -6.849263301105197 ], [ 109.170060087277307, -6.849221278400355 ], [ 109.170056597530646, -6.849216914336599 ], [ 109.170040475008932, -6.849196752760171 ], [ 109.170010754539902, -6.849159587474274 ], [ 109.169991722999342, -6.849135788269758 ], [ 109.169936478602054, -6.849066704189638 ], [ 109.169898556890686, -6.849019282625916 ], [ 109.169849270994092, -6.849012465690338 ], [ 109.169796576411102, -6.849005176459217 ], [ 109.169747305891875, -6.8489983613808 ], [ 109.169745388162525, -6.84899809639381 ], [ 109.169574952676498, -6.848974521583966 ], [ 109.169568500575792, -6.848973629023061 ], [ 109.169525004952945, -6.84896761258566 ], [ 109.169403815591991, -6.848950850013653 ], [ 109.169399521727428, -6.848950255904472 ], [ 109.169292038573445, -6.848935389081277 ], [ 109.169290054946131, -6.848933901429998 ], [ 109.16927950987764, -6.848925993339305 ], [ 109.169267460179981, -6.848916955657256 ], [ 109.169146058449897, -6.848825904499884 ], [ 109.169093026450383, -6.848786130500223 ] ] ] } },
{ "type": "Feature", "properties": { "OBJECTID_1": 1725, "OBJECTID": 26, "ID": 0, "TAHUN": 2014, "DATE": "2014-01-01", "NAMA_TITIK": "T51", "ZONA": "SEL BARAT", "SHAPE_LENG": 207.05451842400001, "TRANSECTID": 20, "TRANSORDER": 20, "SHORELINEI": "2014-01-01", "BASELINEID": 1, "DISTANCE": 262.61, "INTERSECTX": 292992.30018100003, "INTERSECTY": 9242633.0803500004, "UNCERTAINT": 10, "NAMA_TITI2": "T51", "D_TAHUN": 0.0, "LRR": 0.72, "SKOR_SHORE": 3, "RASTERVALU": 2.59289, "SKOR_SLOPE": 4, "RASTERVA_1": -2.65623, "SKOR_ELEV": 5, "GEOM_LAP": "Aluvial", "SKOR_GEOM": 4, "KATEGORI": "Stabil", "GELOMBANG": 0.29123956140349799, "PASUT": 0.837, "SLR": 4.69, "SKOR_GEL": 5, "SKOR_PASUT": 5, "SKOR_SLR": 5, "CVI": 122.47448713916, "KELAS_CVI": 5, "KELAS_CV_1": "Sangat Tinggi", "LAHAN": "Muara", "JENIS": "Natural", "SKOR_LAHAN": 4, "DELTA_D": -1.76, "D_MEAN": -5.863, "D_MEDIAN": -3.54, "TSS_MIN_MG": 9.9, "TSS_RATA_R": 16.6, "TSS_MEDIAN": 14.1, "TSS_MAKS_M": 58.3, "TSS_STDDEV": 6.5, "HS": 0.291239561, "MWP_MEAN_S": 3.8408, "MWD_CIRCUL": 28.04, "JARAK_MUAR": 19.716633507029201, "NAMA_SUNGA": "Kali Sibelis", "MUARA_ID": "M3", "RESPON": "Abrasi", "TSS__BATAS": 30.4, "PROKSI_NER": "Defisit/Erosi" }, "geometry": { "type": "MultiLineString", "coordinates": [ [ [ 109.12672214399808, -6.848157907412081 ], [ 109.126543090020917, -6.848151572215105 ], [ 109.126487821998509, -6.848149616318701 ], [ 109.12638388964541, -6.848145939105574 ], [ 109.12633667431038, -6.84814426864576 ], [ 109.126098221949348, -6.848179534857409 ], [ 109.126039794365127, -6.848188175639161 ], [ 109.126002289956119, -6.848193722699021 ], [ 109.125981584012251, -6.848196784711654 ], [ 109.125955507881059, -6.848200641307034 ], [ 109.125926049247425, -6.848204998256085 ], [ 109.125720287764679, -6.848235428977716 ], [ 109.125710611833696, -6.848236860451469 ], [ 109.12557158529539, -6.848257421503224 ], [ 109.125495550049308, -6.848268667047385 ], [ 109.125454508357763, -6.848274737316574 ], [ 109.125430342068995, -6.848278311105167 ], [ 109.125426005551191, -6.848278952395962 ], [ 109.125418413249236, -6.848280075545652 ], [ 109.125393321906515, -6.848283786768046 ], [ 109.125371047358286, -6.8482870804195 ], [ 109.125289000183258, -6.848299214743406 ], [ 109.125203287198886, -6.848311890790725 ], [ 109.125201696870718, -6.848312125989103 ], [ 109.125112445696431, -6.848325326172692 ], [ 109.125067217738177, -6.848332015676758 ], [ 109.125060574023735, -6.848332997860539 ], [ 109.124865372779993, -6.848361866365678 ] ] ] } },
{ "type": "Feature", "properties": { "OBJECTID_1": 1736, "OBJECTID": 26, "ID": 0, "TAHUN": 2014, "DATE": "2014-01-01", "NAMA_TITIK": "T39", "ZONA": "SEL TIMUR", "SHAPE_LENG": 206.435182158, "TRANSECTID": 43, "TRANSORDER": 43, "SHORELINEI": "2014-01-01", "BASELINEID": 1, "DISTANCE": 297.46, "INTERSECTX": 297507.48706499999, "INTERSECTY": 9242688.8695700001, "UNCERTAINT": 10, "NAMA_TITI2": "T39", "D_TAHUN": 0.0, "LRR": -3.6, "SKOR_SHORE": 5, "RASTERVALU": 0.000339, "SKOR_SLOPE": 5, "RASTERVA_1": -2.9425, "SKOR_ELEV": 5, "GEOM_LAP": "Pasir_Halus", "SKOR_GEOM": 3, "KATEGORI": "Abrasi Tinggi", "GELOMBANG": 0.29123956140349799, "PASUT": 0.837, "SLR": 4.69, "SKOR_GEL": 5, "SKOR_PASUT": 5, "SKOR_SLR": 5, "CVI": 108.25317547305001, "KELAS_CVI": 5, "KELAS_CV_1": "Sangat Tinggi", "LAHAN": "Pantai", "JENIS": "Natural", "SKOR_LAHAN": 2, "DELTA_D": -32.28, "D_MEAN": 3.561111111111114, "D_MEDIAN": -0.079999999999998003, "TSS_MIN_MG": 9.2, "TSS_RATA_R": 21.7, "TSS_MEDIAN": 17.2, "TSS_MAKS_M": 90.0, "TSS_STDDEV": 12.4, "HS": 0.291239561, "MWP_MEAN_S": 3.8408, "MWD_CIRCUL": 28.04, "JARAK_MUAR": 535.47677602736997, "NAMA_SUNGA": "Kali Ketiwon", "MUARA_ID": "M5", "RESPON": "Stabil", "TSS__BATAS": 30.4, "PROKSI_NER": "Relatif Seimbang" }, "geometry": { "type": "MultiLineString", "coordinates": [ [ [ 109.167569038337746, -6.847810967505975 ], [ 109.167424739133864, -6.847658056359075 ], [ 109.167055702415226, -6.847266994176624 ], [ 109.16700479469597, -6.847213047454324 ], [ 109.166894256810693, -6.84709591197644 ], [ 109.166823948129846, -6.847021406848224 ], [ 109.166822459695453, -6.847019829760124 ], [ 109.166811827147725, -6.847009267624204 ], [ 109.166343171824138, -6.846543709420123 ], [ 109.166269681413198, -6.846470704758008 ] ] ] } },
{ "type": "Feature", "properties": { "OBJECTID_1": 1743, "OBJECTID": 26, "ID": 0, "TAHUN": 2014, "DATE": "2014-01-01", "NAMA_TITIK": "T37", "ZONA": "SEL TIMUR", "SHAPE_LENG": 205.08627736, "TRANSECTID": 41, "TRANSORDER": 41, "SHORELINEI": "2014-01-01", "BASELINEID": 1, "DISTANCE": 347.25, "INTERSECTX": 297216.112035, "INTERSECTY": 9242927.3238500003, "UNCERTAINT": 10, "NAMA_TITI2": "T37", "D_TAHUN": 0.0, "LRR": -4.54, "SKOR_SHORE": 5, "RASTERVALU": 0.000345, "SKOR_SLOPE": 5, "RASTERVA_1": -2.94128, "SKOR_ELEV": 5, "GEOM_LAP": "Pasir_Halus", "SKOR_GEOM": 3, "KATEGORI": "Abrasi Tinggi", "GELOMBANG": 0.29123956140349799, "PASUT": 0.837, "SLR": 4.69, "SKOR_GEL": 5, "SKOR_PASUT": 5, "SKOR_SLR": 5, "CVI": 108.25317547305001, "KELAS_CVI": 5, "KELAS_CV_1": "Sangat Tinggi", "LAHAN": "Pantai", "JENIS": "Natural", "SKOR_LAHAN": 2, "DELTA_D": 23.33, "D_MEAN": 3.561111111111114, "D_MEDIAN": -0.079999999999998003, "TSS_MIN_MG": 9.2, "TSS_RATA_R": 21.7, "TSS_MEDIAN": 17.2, "TSS_MAKS_M": 90.0, "TSS_STDDEV": 12.4, "HS": 0.291239561, "MWP_MEAN_S": 3.8408, "MWD_CIRCUL": 28.04, "JARAK_MUAR": 155.29372815372599, "NAMA_SUNGA": "Kali Ketiwon", "MUARA_ID": "M5", "RESPON": "Stabil", "TSS__BATAS": 30.4, "PROKSI_NER": "Relatif Seimbang" }, "geometry": { "type": "MultiLineString", "coordinates": [ [ [ 109.164941434995981, -6.84564496146973 ], [ 109.16467989492898, -6.845533610923037 ], [ 109.164475264947356, -6.845446489904806 ], [ 109.164441136328421, -6.845431959240591 ], [ 109.16417222772715, -6.845329763779109 ], [ 109.164076362284803, -6.845293331260426 ], [ 109.164009389455813, -6.845267878724153 ], [ 109.163730078502354, -6.845161729284388 ], [ 109.163704443284956, -6.845151986834071 ], [ 109.163675251712959, -6.845140892661297 ], [ 109.16365704167778, -6.845124055690057 ], [ 109.163541680535189, -6.84501739308241 ], [ 109.163450740396073, -6.844933309894059 ], [ 109.163314035927073, -6.844806913178159 ] ] ] } },
{ "type": "Feature", "properties": { "OBJECTID_1": 1744, "OBJECTID": 26, "ID": 0, "TAHUN": 2014, "DATE": "2014-01-01", "NAMA_TITIK": "T38", "ZONA": "SEL TIMUR", "SHAPE_LENG": 175.96321674000001, "TRANSECTID": 42, "TRANSORDER": 42, "SHORELINEI": "2014-01-01", "BASELINEID": 1, "DISTANCE": 348.49, "INTERSECTX": 297363.28808299999, "INTERSECTY": 9242836.55614, "UNCERTAINT": 10, "NAMA_TITI2": "T38", "D_TAHUN": 0.0, "LRR": -4.04, "SKOR_SHORE": 5, "RASTERVALU": 0.000344, "SKOR_SLOPE": 5, "RASTERVA_1": -2.94192, "SKOR_ELEV": 5, "GEOM_LAP": "Pasir_Halus", "SKOR_GEOM": 3, "KATEGORI": "Abrasi Tinggi", "GELOMBANG": 0.29123956140349799, "PASUT": 0.837, "SLR": 4.69, "SKOR_GEL": 5, "SKOR_PASUT": 5, "SKOR_SLR": 5, "CVI": 108.25317547305001, "KELAS_CVI": 5, "KELAS_CV_1": "Sangat Tinggi", "LAHAN": "Pantai", "JENIS": "Natural", "SKOR_LAHAN": 2, "DELTA_D": 21.88, "D_MEAN": 3.561111111111114, "D_MEDIAN": -0.079999999999998003, "TSS_MIN_MG": 9.2, "TSS_RATA_R": 21.7, "TSS_MEDIAN": 17.2, "TSS_MAKS_M": 90.0, "TSS_STDDEV": 12.4, "HS": 0.291239561, "MWP_MEAN_S": 3.8408, "MWD_CIRCUL": 28.04, "JARAK_MUAR": 355.43647958132902, "NAMA_SUNGA": "Kali Ketiwon", "MUARA_ID": "M5", "RESPON": "Stabil", "TSS__BATAS": 30.4, "PROKSI_NER": "Relatif Seimbang" }, "geometry": { "type": "MultiLineString", "coordinates": [ [ [ 109.166269681413198, -6.846470704758008 ], [ 109.166269514690427, -6.846470538662738 ], [ 109.1662662658144, -6.846467311115388 ], [ 109.165839024956483, -6.846042893915954 ], [ 109.165811218952442, -6.846015270960786 ], [ 109.165698981094138, -6.845967486126677 ], [ 109.165039313297441, -6.84568663384102 ], [ 109.164961639615782, -6.845653563803867 ], [ 109.164941434995981, -6.84564496146973 ] ] ] } },
{ "type": "Feature", "properties": { "OBJECTID_1": 1761, "OBJECTID": 26, "ID": 0, "TAHUN": 2014, "DATE": "2014-01-01", "NAMA_TITIK": "T05", "ZONA": "SEL BARAT", "SHAPE_LENG": 200.08423046, "TRANSECTID": 6, "TRANSORDER": 6, "SHORELINEI": "2014-01-01", "BASELINEID": 1, "DISTANCE": 327.27, "INTERSECTX": 290414.61069, "INTERSECTY": 9243557.6181499995, "UNCERTAINT": 10, "NAMA_TITI2": "T05", "D_TAHUN": 0.0, "LRR": -1.47, "SKOR_SHORE": 4, "RASTERVALU": 6.15341, "SKOR_SLOPE": 3, "RASTERVA_1": -2.46219, "SKOR_ELEV": 5, "GEOM_LAP": "Pasir_Halus", "SKOR_GEOM": 3, "KATEGORI": "Abrasi Sedang", "GELOMBANG": 0.29123956140349799, "PASUT": 0.837, "SLR": 4.69, "SKOR_GEL": 5, "SKOR_PASUT": 5, "SKOR_SLR": 5, "CVI": 106.06601717798, "KELAS_CVI": 5, "KELAS_CV_1": "Sangat Tinggi", "LAHAN": "Muara", "JENIS": "Natural", "SKOR_LAHAN": 4, "DELTA_D": 3.65, "D_MEAN": -5.863, "D_MEDIAN": -3.54, "TSS_MIN_MG": 9.9, "TSS_RATA_R": 16.6, "TSS_MEDIAN": 14.1, "TSS_MAKS_M": 58.3, "TSS_STDDEV": 6.5, "HS": 0.291239561, "MWP_MEAN_S": 3.8408, "MWD_CIRCUL": 28.04, "JARAK_MUAR": 4.2768385923696401, "NAMA_SUNGA": "KaliGangsa", "MUARA_ID": "M1", "RESPON": "Abrasi", "TSS__BATAS": 30.4, "PROKSI_NER": "Defisit/Erosi" }, "geometry": { "type": "MultiLineString", "coordinates": [ [ [ 109.10343746550663, -6.839707674856411 ], [ 109.101699853463629, -6.839201455613725 ] ] ] } },
{ "type": "Feature", "properties": { "OBJECTID_1": 1762, "OBJECTID": 26, "ID": 0, "TAHUN": 2014, "DATE": "2014-01-01", "NAMA_TITIK": "T03", "ZONA": "SEL BARAT", "SHAPE_LENG": 200.14248754600001, "TRANSECTID": 3, "TRANSORDER": 3, "SHORELINEI": "2014-01-01", "BASELINEID": 1, "DISTANCE": 317.87, "INTERSECTX": 289952.27336799999, "INTERSECTY": 9243748.8901799992, "UNCERTAINT": 10, "NAMA_TITI2": "T03", "D_TAHUN": 0.0, "LRR": -3.26, "SKOR_SHORE": 5, "RASTERVALU": 6.99672, "SKOR_SLOPE": 3, "RASTERVA_1": -1.58426, "SKOR_ELEV": 5, "GEOM_LAP": "Pasir_Halus", "SKOR_GEOM": 3, "KATEGORI": "Abrasi Tinggi", "GELOMBANG": 0.29123956140349799, "PASUT": 0.837, "SLR": 4.69, "SKOR_GEL": 5, "SKOR_PASUT": 5, "SKOR_SLR": 5, "CVI": 83.852549156240002, "KELAS_CVI": 5, "KELAS_CV_1": "Sangat Tinggi", "LAHAN": "Pantai", "JENIS": "Natural", "SKOR_LAHAN": 2, "DELTA_D": 1.22, "D_MEAN": -5.863, "D_MEDIAN": -3.54, "TSS_MIN_MG": 9.9, "TSS_RATA_R": 16.6, "TSS_MEDIAN": 14.1, "TSS_MAKS_M": 58.3, "TSS_STDDEV": 6.5, "HS": 0.291239561, "MWP_MEAN_S": 3.8408, "MWD_CIRCUL": 28.04, "JARAK_MUAR": 387.64661320961198, "NAMA_SUNGA": "KaliGangsa", "MUARA_ID": "M1", "RESPON": "Abrasi", "TSS__BATAS": 30.4, "PROKSI_NER": "Defisit/Erosi" }, "geometry": { "type": "MultiLineString", "coordinates": [ [ [ 109.099262122840457, -6.837961879403384 ], [ 109.099121542474677, -6.837872201001254 ], [ 109.098852966387284, -6.837700871739263 ], [ 109.098789713820523, -6.837660521658735 ], [ 109.098643279497878, -6.837567107742773 ], [ 109.098614023139646, -6.837548444243805 ], [ 109.098564116616046, -6.837516608480804 ], [ 109.097981453343223, -6.83714491568594 ], [ 109.097875973126989, -6.837077627818201 ], [ 109.097819901712896, -6.837035573746165 ], [ 109.097743183910438, -6.836978035577145 ] ] ] } },
{ "type": "Feature", "properties": { "OBJECTID_1": 1764, "OBJECTID": 26, "ID": 0, "TAHUN": 2014, "DATE": "2014-01-01", "NAMA_TITIK": "T44", "ZONA": "SEL BARAT", "SHAPE_LENG": 104.995276839, "TRANSECTID": 5, "TRANSORDER": 5, "SHORELINEI": "2014-01-01", "BASELINEID": 1, "DISTANCE": 321.46, "INTERSECTX": 290222.30091, "INTERSECTY": 9243612.8508299999, "UNCERTAINT": 10, "NAMA_TITI2": "T44", "D_TAHUN": 0.0, "LRR": -2.33, "SKOR_SHORE": 5, "RASTERVALU": 0.013365, "SKOR_SLOPE": 5, "RASTERVA_1": -2.91714, "SKOR_ELEV": 5, "GEOM_LAP": "Aluvial", "SKOR_GEOM": 4, "KATEGORI": "Abrasi Tinggi", "GELOMBANG": 0.29123956140349799, "PASUT": 0.837, "SLR": 4.69, "SKOR_GEL": 5, "SKOR_PASUT": 5, "SKOR_SLR": 5, "CVI": 176.77669529664001, "KELAS_CVI": 5, "KELAS_CV_1": "Sangat Tinggi", "LAHAN": "Muara", "JENIS": "Natural", "SKOR_LAHAN": 4, "DELTA_D": -0.88, "D_MEAN": -5.863, "D_MEDIAN": -3.54, "TSS_MIN_MG": 9.9, "TSS_RATA_R": 16.6, "TSS_MEDIAN": 14.1, "TSS_MAKS_M": 58.3, "TSS_STDDEV": 6.5, "HS": 0.291239561, "MWP_MEAN_S": 3.8408, "MWD_CIRCUL": 28.04, "JARAK_MUAR": 61.827697463302599, "NAMA_SUNGA": "KaliGangsa", "MUARA_ID": "M1", "RESPON": "Abrasi", "TSS__BATAS": 30.4, "PROKSI_NER": "Defisit/Erosi" }, "geometry": { "type": "MultiLineString", "coordinates": [ [ [ 109.101699853463629, -6.839201455613725 ], [ 109.101657403021946, -6.83918908799799 ], [ 109.101616483190114, -6.839177166722285 ], [ 109.101469985736216, -6.839134486759591 ], [ 109.101444074729201, -6.83912693822668 ], [ 109.101423781074288, -6.83912102570363 ], [ 109.101284404516292, -6.839080420708153 ], [ 109.101164932209457, -6.839045614564577 ], [ 109.101062893849473, -6.839015886901782 ], [ 109.100958570438934, -6.838985493814692 ], [ 109.100789565827441, -6.838936257711713 ], [ 109.100788221384263, -6.838935399823923 ] ] ] } },
{ "type": "Feature", "properties": { "OBJECTID_1": 1765, "OBJECTID": 26, "ID": 0, "TAHUN": 2014, "DATE": "2014-01-01", "NAMA_TITIK": "T04", "ZONA": "SEL BARAT", "SHAPE_LENG": 200.14235948000001, "TRANSECTID": 4, "TRANSORDER": 4, "SHORELINEI": "2014-01-01", "BASELINEID": 1, "DISTANCE": 325.42, "INTERSECTX": 290121.40581199998, "INTERSECTY": 9243641.8800700009, "UNCERTAINT": 10, "NAMA_TITI2": "T04", "D_TAHUN": 0.0, "LRR": -3.32, "SKOR_SHORE": 5, "RASTERVALU": 6.89058, "SKOR_SLOPE": 3, "RASTERVA_1": -2.22393, "SKOR_ELEV": 5, "GEOM_LAP": "Pasir_Halus", "SKOR_GEOM": 3, "KATEGORI": "Abrasi Tinggi", "GELOMBANG": 0.29123956140349799, "PASUT": 0.837, "SLR": 4.69, "SKOR_GEL": 5, "SKOR_PASUT": 5, "SKOR_SLR": 5, "CVI": 83.852549156240002, "KELAS_CVI": 5, "KELAS_CV_1": "Sangat Tinggi", "LAHAN": "Pantai", "JENIS": "Natural", "SKOR_LAHAN": 2, "DELTA_D": -3.35, "D_MEAN": -5.863, "D_MEDIAN": -3.54, "TSS_MIN_MG": 9.9, "TSS_RATA_R": 16.6, "TSS_MEDIAN": 14.1, "TSS_MAKS_M": 58.3, "TSS_STDDEV": 6.5, "HS": 0.291239561, "MWP_MEAN_S": 3.8408, "MWD_CIRCUL": 28.04, "JARAK_MUAR": 191.803552089433, "NAMA_SUNGA": "KaliGangsa", "MUARA_ID": "M1", "RESPON": "Abrasi", "TSS__BATAS": 30.4, "PROKSI_NER": "Defisit/Erosi" }, "geometry": { "type": "MultiLineString", "coordinates": [ [ [ 109.100788221384263, -6.838935399823923 ], [ 109.099262122840457, -6.837961879403384 ] ] ] } },
{ "type": "Feature", "properties": { "OBJECTID_1": 1766, "OBJECTID": 26, "ID": 0, "TAHUN": 2014, "DATE": "2014-01-01", "NAMA_TITIK": "T02", "ZONA": "SEL BARAT", "SHAPE_LENG": 200.17260448600001, "TRANSECTID": 2, "TRANSORDER": 2, "SHORELINEI": "2014-01-01", "BASELINEID": 1, "DISTANCE": 311.72, "INTERSECTX": 289783.92705599999, "INTERSECTY": 9243857.0448700003, "UNCERTAINT": 10, "NAMA_TITI2": "T02", "D_TAHUN": 0.0, "LRR": -2.19, "SKOR_SHORE": 5, "RASTERVALU": 6.56471, "SKOR_SLOPE": 3, "RASTERVA_1": -1.78074, "SKOR_ELEV": 5, "GEOM_LAP": "Pasir_Halus", "SKOR_GEOM": 3, "KATEGORI": "Abrasi Tinggi", "GELOMBANG": 0.29123956140349799, "PASUT": 0.837, "SLR": 4.69, "SKOR_GEL": 5, "SKOR_PASUT": 5, "SKOR_SLR": 5, "CVI": 83.852549156240002, "KELAS_CVI": 5, "KELAS_CV_1": "Sangat Tinggi", "LAHAN": "Pantai", "JENIS": "Natural", "SKOR_LAHAN": 2, "DELTA_D": -3.73, "D_MEAN": -5.863, "D_MEDIAN": -3.54, "TSS_MIN_MG": 9.9, "TSS_RATA_R": 16.6, "TSS_MEDIAN": 14.1, "TSS_MAKS_M": 58.3, "TSS_STDDEV": 6.5, "HS": 0.291239561, "MWP_MEAN_S": 3.8408, "MWD_CIRCUL": 28.04, "JARAK_MUAR": 579.82548354246296, "NAMA_SUNGA": "KaliGangsa", "MUARA_ID": "M1", "RESPON": "Abrasi", "TSS__BATAS": 30.4, "PROKSI_NER": "Defisit/Erosi" }, "geometry": { "type": "MultiLineString", "coordinates": [ [ [ 109.097743183910438, -6.836978035577145 ], [ 109.096887337392772, -6.836336150706213 ], [ 109.096797995015109, -6.836269143473099 ], [ 109.096740028735312, -6.836224798040965 ], [ 109.096699460015415, -6.836193761238989 ], [ 109.096665691229191, -6.836167927374372 ], [ 109.096298516818123, -6.835887027419081 ] ] ] } },
{ "type": "Feature", "properties": { "OBJECTID_1": 1767, "OBJECTID": 26, "ID": 0, "TAHUN": 2014, "DATE": "2014-01-01", "NAMA_TITIK": "T01", "ZONA": "SEL BARAT", "SHAPE_LENG": 75.7879540351, "TRANSECTID": 1, "TRANSORDER": 1, "SHORELINEI": "2014-01-01", "BASELINEID": 1, "DISTANCE": 319.98, "INTERSECTX": 289623.74378800002, "INTERSECTY": 9243977.0846900009, "UNCERTAINT": 10, "NAMA_TITI2": "T01", "D_TAHUN": 0.0, "LRR": -0.96, "SKOR_SHORE": 3, "RASTERVALU": 0.111227, "SKOR_SLOPE": 5, "RASTERVA_1": -2.91494, "SKOR_ELEV": 5, "GEOM_LAP": "Pasir_Halus", "SKOR_GEOM": 3, "KATEGORI": "Stabil", "GELOMBANG": 0.29123956140349799, "PASUT": 0.837, "SLR": 4.69, "SKOR_GEL": 5, "SKOR_PASUT": 5, "SKOR_SLR": 5, "CVI": 83.852549156240002, "KELAS_CVI": 5, "KELAS_CV_1": "Sangat Tinggi", "LAHAN": "Pantai", "JENIS": "Natural", "SKOR_LAHAN": 2, "DELTA_D": -9.24, "D_MEAN": -5.863, "D_MEDIAN": -3.54, "TSS_MIN_MG": 9.9, "TSS_RATA_R": 16.6, "TSS_MEDIAN": 14.1, "TSS_MAKS_M": 58.3, "TSS_STDDEV": 6.5, "HS": 0.291239561, "MWP_MEAN_S": 3.8408, "MWD_CIRCUL": 28.04, "JARAK_MUAR": 778.10088489128304, "NAMA_SUNGA": "KaliGangsa", "MUARA_ID": "M1", "RESPON": "Abrasi", "TSS__BATAS": 30.4, "PROKSI_NER": "Defisit/Erosi" }, "geometry": { "type": "MultiLineString", "coordinates": [ [ [ 109.096298516818123, -6.835887027419081 ], [ 109.096099971772489, -6.835735133170333 ], [ 109.095954514888334, -6.835623853684908 ], [ 109.095919534110493, -6.835597091895556 ], [ 109.095754130310439, -6.835470552507886 ] ] ] } },
{ "type": "Feature", "properties": { "OBJECTID_1": 1770, "OBJECTID": 27, "ID": 0, "TAHUN": 2015, "DATE": "2015-01-01", "NAMA_TITIK": "T42", "ZONA": "SEL TIMUR", "SHAPE_LENG": 211.597630571, "TRANSECTID": 46, "TRANSORDER": 46, "SHORELINEI": "2015-01-01", "BASELINEID": 1, "DISTANCE": 292.02, "INTERSECTX": 298024.67656400002, "INTERSECTY": 9242363.9314900003, "UNCERTAINT": 10, "NAMA_TITI2": "T42", "D_TAHUN": 0.0, "LRR": -1.48, "SKOR_SHORE": 4, "RASTERVALU": 10.6361, "SKOR_SLOPE": 2, "RASTERVA_1": -1.41562, "SKOR_ELEV": 5, "GEOM_LAP": "Tambak", "SKOR_GEOM": 5, "KATEGORI": "Abrasi Sedang", "GELOMBANG": 0.31765709729755598, "PASUT": 0.815, "SLR": 4.69, "SKOR_GEL": 5, "SKOR_PASUT": 5, "SKOR_SLR": 5, "CVI": 96.824583655189997, "KELAS_CVI": 5, "KELAS_CV_1": "Sangat Tinggi", "LAHAN": "Tambak", "JENIS": "Natural", "SKOR_LAHAN": 3, "DELTA_D": 15.81, "D_MEAN": 13.567647058823521, "D_MEDIAN": 11.66, "TSS_MIN_MG": 10.7, "TSS_RATA_R": 27.6, "TSS_MEDIAN": 21.7, "TSS_MAKS_M": 110.3, "TSS_STDDEV": 17.6, "HS": 0.317657097, "MWP_MEAN_S": 3.9139, "MWD_CIRCUL": 31.38, "JARAK_MUAR": 1130.0451134499999, "NAMA_SUNGA": "Kali Ketiwon", "MUARA_ID": "M5", "RESPON": "Akresi", "TSS__BATAS": 30.4, "PROKSI_NER": "Deposisi Lokal" }, "geometry": { "type": "MultiLineString", "coordinates": [ [ [ 109.172243043402702, -6.850770761433946 ], [ 109.170617834398882, -6.849759968779687 ] ] ] } },
{ "type": "Feature", "properties": { "OBJECTID_1": 1778, "OBJECTID": 27, "ID": 0, "TAHUN": 2015, "DATE": "2015-01-01", "NAMA_TITIK": "T40", "ZONA": "SEL TIMUR", "SHAPE_LENG": 209.216085846, "TRANSECTID": 44, "TRANSORDER": 44, "SHORELINEI": "2015-01-01", "BASELINEID": 1, "DISTANCE": 293.83, "INTERSECTX": 297676.36231300002, "INTERSECTY": 9242581.6579, "UNCERTAINT": 10, "NAMA_TITI2": "T40", "D_TAHUN": 0.0, "LRR": -2.39, "SKOR_SHORE": 5, "RASTERVALU": 1.31742, "SKOR_SLOPE": 5, "RASTERVA_1": -2.87668, "SKOR_ELEV": 5, "GEOM_LAP": "Tambak", "SKOR_GEOM": 5, "KATEGORI": "Abrasi Tinggi", "GELOMBANG": 0.31765709729755598, "PASUT": 0.815, "SLR": 4.69, "SKOR_GEL": 5, "SKOR_PASUT": 5, "SKOR_SLR": 5, "CVI": 171.16329922035999, "KELAS_CVI": 5, "KELAS_CV_1": "Sangat Tinggi", "LAHAN": "Tambak", "JENIS": "Natural", "SKOR_LAHAN": 3, "DELTA_D": 0.0, "D_MEAN": 13.567647058823521, "D_MEDIAN": 11.66, "TSS_MIN_MG": 10.7, "TSS_RATA_R": 27.6, "TSS_MEDIAN": 21.7, "TSS_MAKS_M": 110.3, "TSS_STDDEV": 17.6, "HS": 0.317657097, "MWP_MEAN_S": 3.9139, "MWD_CIRCUL": 31.38, "JARAK_MUAR": 727.664323427044, "NAMA_SUNGA": "Kali Ketiwon", "MUARA_ID": "M5", "RESPON": "Akresi", "TSS__BATAS": 30.4, "PROKSI_NER": "Deposisi Lokal" }, "geometry": { "type": "MultiLineString", "coordinates": [ [ [ 109.169093026450383, -6.848786130500223 ], [ 109.168896928105113, -6.848639057452091 ], [ 109.168634016350708, -6.848441873098737 ], [ 109.168282584291362, -6.848178298601047 ], [ 109.168214060548024, -6.848126905034848 ], [ 109.168191401379801, -6.848081811890255 ], [ 109.168175614125062, -6.84805039398649 ], [ 109.168131780800707, -6.847963161790496 ], [ 109.168087580282318, -6.847875198545762 ], [ 109.168078304919078, -6.847856739327916 ], [ 109.168077225741797, -6.847854591474953 ], [ 109.168023103446558, -6.847746883559518 ], [ 109.168015499823383, -6.847731751656477 ], [ 109.167978940667936, -6.847658995502806 ], [ 109.167798722149399, -6.847536120825355 ], [ 109.167770672725879, -6.847516996917934 ], [ 109.16775611701982, -6.847507072635955 ], [ 109.167756040323596, -6.847507020807034 ] ] ] } },
{ "type": "Feature", "properties": { "OBJECTID_1": 1779, "OBJECTID": 27, "ID": 0, "TAHUN": 2015, "DATE": "2015-01-01", "NAMA_TITIK": "T41", "ZONA": "SEL TIMUR", "SHAPE_LENG": 200.11995743599999, "TRANSECTID": 45, "TRANSORDER": 45, "SHORELINEI": "2015-01-01", "BASELINEID": 1, "DISTANCE": 290.37, "INTERSECTX": 297845.32686099998, "INTERSECTY": 9242474.5927099995, "UNCERTAINT": 10, "NAMA_TITI2": "T41", "D_TAHUN": 0.0, "LRR": -2.12, "SKOR_SHORE": 5, "RASTERVALU": 9.05717, "SKOR_SLOPE": 2, "RASTERVA_1": -1.62402, "SKOR_ELEV": 5, "GEOM_LAP": "Tambak", "SKOR_GEOM": 5, "KATEGORI": "Abrasi Tinggi", "GELOMBANG": 0.31765709729755598, "PASUT": 0.815, "SLR": 4.69, "SKOR_GEL": 5, "SKOR_PASUT": 5, "SKOR_SLR": 5, "CVI": 108.25317547305001, "KELAS_CVI": 5, "KELAS_CV_1": "Sangat Tinggi", "LAHAN": "Tambak", "JENIS": "Natural", "SKOR_LAHAN": 3, "DELTA_D": 11.66, "D_MEAN": 13.567647058823521, "D_MEDIAN": 11.66, "TSS_MIN_MG": 10.7, "TSS_RATA_R": 27.6, "TSS_MEDIAN": 21.7, "TSS_MAKS_M": 110.3, "TSS_STDDEV": 17.6, "HS": 0.317657097, "MWP_MEAN_S": 3.9139, "MWD_CIRCUL": 31.38, "JARAK_MUAR": 936.29342666807304, "NAMA_SUNGA": "Kali Ketiwon", "MUARA_ID": "M5", "RESPON": "Akresi", "TSS__BATAS": 30.4, "PROKSI_NER": "Deposisi Lokal" }, "geometry": { "type": "MultiLineString", "coordinates": [ [ [ 109.170617834398882, -6.849759968779687 ], [ 109.170411181438155, -6.849631440771407 ], [ 109.17037693061917, -6.849610138753857 ], [ 109.170365226083447, -6.8496028591695 ], [ 109.170316199525558, -6.849572367152851 ], [ 109.170182868585186, -6.849489442457495 ], [ 109.169834802297714, -6.849272961537293 ], [ 109.169760452585479, -6.849226719471457 ], [ 109.169741439629192, -6.849214894903263 ], [ 109.169680017335651, -6.849176692951409 ], [ 109.169454257237859, -6.849036281867444 ], [ 109.169420726710086, -6.849015427389299 ], [ 109.169388475928088, -6.848995368916417 ], [ 109.169292038573445, -6.848935389081277 ], [ 109.169290054946131, -6.848933901429998 ], [ 109.16927950987764, -6.848925993339305 ], [ 109.169267460179981, -6.848916955657256 ], [ 109.169146058449897, -6.848825904499884 ], [ 109.169093026450383, -6.848786130500223 ] ] ] } },
{ "type": "Feature", "properties": { "OBJECTID_1": 1790, "OBJECTID": 27, "ID": 0, "TAHUN": 2015, "DATE": "2015-01-01", "NAMA_TITIK": "T51", "ZONA": "SEL BARAT", "SHAPE_LENG": 202.34665537199999, "TRANSECTID": 20, "TRANSORDER": 20, "SHORELINEI": "2015-01-01", "BASELINEID": 1, "DISTANCE": 260.58, "INTERSECTX": 292992.02191700001, "INTERSECTY": 9242631.07773, "UNCERTAINT": 10, "NAMA_TITI2": "T51", "D_TAHUN": 0.0, "LRR": 0.72, "SKOR_SHORE": 3, "RASTERVALU": 2.59289, "SKOR_SLOPE": 4, "RASTERVA_1": -2.65623, "SKOR_ELEV": 5, "GEOM_LAP": "Aluvial", "SKOR_GEOM": 4, "KATEGORI": "Stabil", "GELOMBANG": 0.31765709729755598, "PASUT": 0.815, "SLR": 4.69, "SKOR_GEL": 5, "SKOR_PASUT": 5, "SKOR_SLR": 5, "CVI": 122.47448713916, "KELAS_CVI": 5, "KELAS_CV_1": "Sangat Tinggi", "LAHAN": "Muara", "JENIS": "Natural", "SKOR_LAHAN": 4, "DELTA_D": -2.03, "D_MEAN": -2.254, "D_MEDIAN": -1.53, "TSS_MIN_MG": 13.7, "TSS_RATA_R": 26.7, "TSS_MEDIAN": 27.3, "TSS_MAKS_M": 79.2, "TSS_STDDEV": 7.8, "HS": 0.317657097, "MWP_MEAN_S": 3.9139, "MWD_CIRCUL": 31.38, "JARAK_MUAR": 19.716633507029201, "NAMA_SUNGA": "Kali Sibelis", "MUARA_ID": "M3", "RESPON": "Abrasi", "TSS__BATAS": 30.4, "PROKSI_NER": "Defisit/Erosi" }, "geometry": { "type": "MultiLineString", "coordinates": [ [ [ 109.126719556741662, -6.848176004325753 ], [ 109.126719235449073, -6.84817604375923 ], [ 109.126714932824413, -6.84817657669899 ], [ 109.126576111221553, -6.848193761934112 ], [ 109.126439478942743, -6.848210676285388 ], [ 109.126339070166154, -6.848208594117361 ], [ 109.126326000425877, -6.848208323459692 ], [ 109.12627432932328, -6.848207252236672 ], [ 109.126112320295462, -6.848203892816729 ], [ 109.126031996004613, -6.848202227040459 ], [ 109.125968413895819, -6.84820090862387 ], [ 109.125955507881059, -6.848200641307034 ], [ 109.125741323066237, -6.848196200395516 ], [ 109.125568035356096, -6.848192606941227 ], [ 109.125467315471283, -6.848190518858743 ], [ 109.124894784629419, -6.848178646483984 ], [ 109.124891584361421, -6.848178579750037 ] ] ] } },
{ "type": "Feature", "properties": { "OBJECTID_1": 1803, "OBJECTID": 27, "ID": 0, "TAHUN": 2015, "DATE": "2015-01-01", "NAMA_TITIK": "T39", "ZONA": "SEL TIMUR", "SHAPE_LENG": 200.224560604, "TRANSECTID": 43, "TRANSORDER": 43, "SHORELINEI": "2015-01-01", "BASELINEID": 1, "DISTANCE": 336.92, "INTERSECTX": 297528.0303, "INTERSECTY": 9242722.5653200001, "UNCERTAINT": 10, "NAMA_TITI2": "T39", "D_TAHUN": 0.0, "LRR": -3.6, "SKOR_SHORE": 5, "RASTERVALU": 0.000339, "SKOR_SLOPE": 5, "RASTERVA_1": -2.9425, "SKOR_ELEV": 5, "GEOM_LAP": "Pasir_Halus", "SKOR_GEOM": 3, "KATEGORI": "Abrasi Tinggi", "GELOMBANG": 0.31765709729755598, "PASUT": 0.815, "SLR": 4.69, "SKOR_GEL": 5, "SKOR_PASUT": 5, "SKOR_SLR": 5, "CVI": 108.25317547305001, "KELAS_CVI": 5, "KELAS_CV_1": "Sangat Tinggi", "LAHAN": "Pantai", "JENIS": "Natural", "SKOR_LAHAN": 2, "DELTA_D": 39.46, "D_MEAN": 13.567647058823521, "D_MEDIAN": 11.66, "TSS_MIN_MG": 10.7, "TSS_RATA_R": 27.6, "TSS_MEDIAN": 21.7, "TSS_MAKS_M": 110.3, "TSS_STDDEV": 17.6, "HS": 0.317657097, "MWP_MEAN_S": 3.9139, "MWD_CIRCUL": 31.38, "JARAK_MUAR": 535.47677602736997, "NAMA_SUNGA": "Kali Ketiwon", "MUARA_ID": "M5", "RESPON": "Akresi", "TSS__BATAS": 30.4, "PROKSI_NER": "Deposisi Lokal" }, "geometry": { "type": "MultiLineString", "coordinates": [ [ [ 109.167756040323596, -6.847507020807034 ], [ 109.167743553565444, -6.847498506748071 ], [ 109.167690295135088, -6.847462194690946 ], [ 109.167247333604323, -6.847160179009045 ], [ 109.16698743465183, -6.846982976473564 ], [ 109.166979544165017, -6.846977596532002 ], [ 109.166343171824138, -6.846543709420123 ], [ 109.16625975660439, -6.846486835798545 ] ] ] } },
{ "type": "Feature", "properties": { "OBJECTID_1": 1811, "OBJECTID": 27, "ID": 0, "TAHUN": 2015, "DATE": "2015-01-01", "NAMA_TITIK": "T37", "ZONA": "SEL TIMUR", "SHAPE_LENG": 201.144003809, "TRANSECTID": 41, "TRANSORDER": 41, "SHORELINEI": "2015-01-01", "BASELINEID": 1, "DISTANCE": 329.32, "INTERSECTX": 297205.61786100006, "INTERSECTY": 9242912.7855300009, "UNCERTAINT": 10, "NAMA_TITI2": "T37", "D_TAHUN": 0.0, "LRR": -4.54, "SKOR_SHORE": 5, "RASTERVALU": 0.000345, "SKOR_SLOPE": 5, "RASTERVA_1": -2.94128, "SKOR_ELEV": 5, "GEOM_LAP": "Pasir_Halus", "SKOR_GEOM": 3, "KATEGORI": "Abrasi Tinggi", "GELOMBANG": 0.31765709729755598, "PASUT": 0.815, "SLR": 4.69, "SKOR_GEL": 5, "SKOR_PASUT": 5, "SKOR_SLR": 5, "CVI": 108.25317547305001, "KELAS_CVI": 5, "KELAS_CV_1": "Sangat Tinggi", "LAHAN": "Pantai", "JENIS": "Natural", "SKOR_LAHAN": 2, "DELTA_D": -17.93, "D_MEAN": 13.567647058823521, "D_MEDIAN": 11.66, "TSS_MIN_MG": 10.7, "TSS_RATA_R": 27.6, "TSS_MEDIAN": 21.7, "TSS_MAKS_M": 110.3, "TSS_STDDEV": 17.6, "HS": 0.317657097, "MWP_MEAN_S": 3.9139, "MWD_CIRCUL": 31.38, "JARAK_MUAR": 155.29372815372599, "NAMA_SUNGA": "Kali Ketiwon", "MUARA_ID": "M5", "RESPON": "Akresi", "TSS__BATAS": 30.4, "PROKSI_NER": "Deposisi Lokal" }, "geometry": { "type": "MultiLineString", "coordinates": [ [ [ 109.164846000377054, -6.845776045018088 ], [ 109.164742463105753, -6.845739242448036 ], [ 109.164642371435662, -6.845703664572218 ], [ 109.164344098746497, -6.845466450910632 ], [ 109.164308993643331, -6.845438532403433 ], [ 109.16417222772715, -6.845329763779109 ], [ 109.164063999400824, -6.845243690625538 ], [ 109.164016016285046, -6.845205529565649 ], [ 109.163892203412729, -6.845107061586504 ], [ 109.163819113601903, -6.845048933273311 ], [ 109.163696307317309, -6.844951266566715 ], [ 109.163623438516964, -6.844893314484616 ], [ 109.163577082475229, -6.844856448023535 ], [ 109.163387653113858, -6.844705796008244 ] ] ] } },
{ "type": "Feature", "properties": { "OBJECTID_1": 1812, "OBJECTID": 27, "ID": 0, "TAHUN": 2015, "DATE": "2015-01-01", "NAMA_TITIK": "T38", "ZONA": "SEL TIMUR", "SHAPE_LENG": 176.39260043900001, "TRANSECTID": 42, "TRANSORDER": 42, "SHORELINEI": "2015-01-01", "BASELINEID": 1, "DISTANCE": 346.4, "INTERSECTX": 297362.19780299999, "INTERSECTY": 9242834.7678200006, "UNCERTAINT": 10, "NAMA_TITI2": "T38", "D_TAHUN": 0.0, "LRR": -4.04, "SKOR_SHORE": 5, "RASTERVALU": 0.000344, "SKOR_SLOPE": 5, "RASTERVA_1": -2.94192, "SKOR_ELEV": 5, "GEOM_LAP": "Pasir_Halus", "SKOR_GEOM": 3, "KATEGORI": "Abrasi Tinggi", "GELOMBANG": 0.31765709729755598, "PASUT": 0.815, "SLR": 4.69, "SKOR_GEL": 5, "SKOR_PASUT": 5, "SKOR_SLR": 5, "CVI": 108.25317547305001, "KELAS_CVI": 5, "KELAS_CV_1": "Sangat Tinggi", "LAHAN": "Pantai", "JENIS": "Natural", "SKOR_LAHAN": 2, "DELTA_D": -2.09, "D_MEAN": 13.567647058823521, "D_MEDIAN": 11.66, "TSS_MIN_MG": 10.7, "TSS_RATA_R": 27.6, "TSS_MEDIAN": 21.7, "TSS_MAKS_M": 110.3, "TSS_STDDEV": 17.6, "HS": 0.317657097, "MWP_MEAN_S": 3.9139, "MWD_CIRCUL": 31.38, "JARAK_MUAR": 355.43647958132902, "NAMA_SUNGA": "Kali Ketiwon", "MUARA_ID": "M5", "RESPON": "Akresi", "TSS__BATAS": 30.4, "PROKSI_NER": "Deposisi Lokal" }, "geometry": { "type": "MultiLineString", "coordinates": [ [ [ 109.16625975660439, -6.846486835798545 ], [ 109.165870829339525, -6.846221658816145 ], [ 109.165740109397575, -6.846132531779585 ], [ 109.165621618132874, -6.84605174242532 ], [ 109.165602400902799, -6.846044911490136 ], [ 109.165423457191665, -6.845981305334215 ], [ 109.164846000377054, -6.845776045018088 ] ] ] } },
{ "type": "Feature", "properties": { "OBJECTID_1": 1826, "OBJECTID": 27, "ID": 0, "TAHUN": 2015, "DATE": "2015-01-01", "NAMA_TITIK": "T44", "ZONA": "SEL BARAT", "SHAPE_LENG": 105.46367565200001, "TRANSECTID": 5, "TRANSORDER": 5, "SHORELINEI": "2015-01-01", "BASELINEID": 1, "DISTANCE": 319.89, "INTERSECTX": 290221.82160700002, "INTERSECTY": 9243611.3477899991, "UNCERTAINT": 10, "NAMA_TITI2": "T44", "D_TAHUN": 0.0, "LRR": -2.33, "SKOR_SHORE": 5, "RASTERVALU": 0.013365, "SKOR_SLOPE": 5, "RASTERVA_1": -2.91714, "SKOR_ELEV": 5, "GEOM_LAP": "Aluvial", "SKOR_GEOM": 4, "KATEGORI": "Abrasi Tinggi", "GELOMBANG": 0.31765709729755598, "PASUT": 0.815, "SLR": 4.69, "SKOR_GEL": 5, "SKOR_PASUT": 5, "SKOR_SLR": 5, "CVI": 176.77669529664001, "KELAS_CVI": 5, "KELAS_CV_1": "Sangat Tinggi", "LAHAN": "Muara", "JENIS": "Natural", "SKOR_LAHAN": 4, "DELTA_D": -1.57, "D_MEAN": -2.254, "D_MEDIAN": -1.53, "TSS_MIN_MG": 13.7, "TSS_RATA_R": 26.7, "TSS_MEDIAN": 27.3, "TSS_MAKS_M": 79.2, "TSS_STDDEV": 7.8, "HS": 0.317657097, "MWP_MEAN_S": 3.9139, "MWD_CIRCUL": 31.38, "JARAK_MUAR": 61.827697463302599, "NAMA_SUNGA": "KaliGangsa", "MUARA_ID": "M1", "RESPON": "Abrasi", "TSS__BATAS": 30.4, "PROKSI_NER": "Defisit/Erosi" }, "geometry": { "type": "MultiLineString", "coordinates": [ [ [ 109.101695464187117, -6.83921502717606 ], [ 109.101695429852626, -6.839215017095328 ], [ 109.101517926040955, -6.839163589551682 ], [ 109.101496482030043, -6.839157376846457 ], [ 109.101491086016324, -6.839155813134547 ], [ 109.101325554334323, -6.839107853941892 ], [ 109.101233945900844, -6.839081311978755 ], [ 109.101124026099825, -6.83904946471826 ], [ 109.100995983782937, -6.839012367141996 ], [ 109.100816254737737, -6.838960295004348 ], [ 109.10079124353382, -6.838953048351061 ], [ 109.100780545635217, -6.838946476601608 ] ] ] } },
{ "type": "Feature", "properties": { "OBJECTID_1": 1829, "OBJECTID": 27, "ID": 0, "TAHUN": 2015, "DATE": "2015-01-01", "NAMA_TITIK": "T05", "ZONA": "SEL BARAT", "SHAPE_LENG": 200.09305210400001, "TRANSECTID": 6, "TRANSORDER": 6, "SHORELINEI": "2015-01-01", "BASELINEID": 1, "DISTANCE": 325.99, "INTERSECTX": 290414.22141, "INTERSECTY": 9243556.3974200003, "UNCERTAINT": 10, "NAMA_TITI2": "T05", "D_TAHUN": 0.0, "LRR": -1.47, "SKOR_SHORE": 4, "RASTERVALU": 6.15341, "SKOR_SLOPE": 3, "RASTERVA_1": -2.46219, "SKOR_ELEV": 5, "GEOM_LAP": "Pasir_Halus", "SKOR_GEOM": 3, "KATEGORI": "Abrasi Sedang", "GELOMBANG": 0.31765709729755598, "PASUT": 0.815, "SLR": 4.69, "SKOR_GEL": 5, "SKOR_PASUT": 5, "SKOR_SLR": 5, "CVI": 106.06601717798, "KELAS_CVI": 5, "KELAS_CV_1": "Sangat Tinggi", "LAHAN": "Muara", "JENIS": "Natural", "SKOR_LAHAN": 4, "DELTA_D": -1.28, "D_MEAN": -2.254, "D_MEDIAN": -1.53, "TSS_MIN_MG": 13.7, "TSS_RATA_R": 26.7, "TSS_MEDIAN": 27.3, "TSS_MAKS_M": 79.2, "TSS_STDDEV": 7.8, "HS": 0.317657097, "MWP_MEAN_S": 3.9139, "MWD_CIRCUL": 31.38, "JARAK_MUAR": 4.2768385923696401, "NAMA_SUNGA": "KaliGangsa", "MUARA_ID": "M1", "RESPON": "Abrasi", "TSS__BATAS": 30.4, "PROKSI_NER": "Defisit/Erosi" }, "geometry": { "type": "MultiLineString", "coordinates": [ [ [ 109.103433900449929, -6.839718698274729 ], [ 109.101695464187117, -6.83921502717606 ] ] ] } },
{ "type": "Feature", "properties": { "OBJECTID_1": 1831, "OBJECTID": 27, "ID": 0, "TAHUN": 2015, "DATE": "2015-01-01", "NAMA_TITIK": "T03", "ZONA": "SEL BARAT", "SHAPE_LENG": 201.051062159, "TRANSECTID": 3, "TRANSORDER": 3, "SHORELINEI": "2015-01-01", "BASELINEID": 1, "DISTANCE": 312.63, "INTERSECTX": 289949.30150499998, "INTERSECTY": 9243744.5632399991, "UNCERTAINT": 10, "NAMA_TITI2": "T03", "D_TAHUN": 0.0, "LRR": -3.26, "SKOR_SHORE": 5, "RASTERVALU": 6.99672, "SKOR_SLOPE": 3, "RASTERVA_1": -1.58426, "SKOR_ELEV": 5, "GEOM_LAP": "Pasir_Halus", "SKOR_GEOM": 3, "KATEGORI": "Abrasi Tinggi", "GELOMBANG": 0.31765709729755598, "PASUT": 0.815, "SLR": 4.69, "SKOR_GEL": 5, "SKOR_PASUT": 5, "SKOR_SLR": 5, "CVI": 83.852549156240002, "KELAS_CVI": 5, "KELAS_CV_1": "Sangat Tinggi", "LAHAN": "Pantai", "JENIS": "Natural", "SKOR_LAHAN": 2, "DELTA_D": -5.24, "D_MEAN": -2.254, "D_MEDIAN": -1.53, "TSS_MIN_MG": 13.7, "TSS_RATA_R": 26.7, "TSS_MEDIAN": 27.3, "TSS_MAKS_M": 79.2, "TSS_STDDEV": 7.8, "HS": 0.317657097, "MWP_MEAN_S": 3.9139, "MWD_CIRCUL": 31.38, "JARAK_MUAR": 387.64661320961198, "NAMA_SUNGA": "KaliGangsa", "MUARA_ID": "M1", "RESPON": "Abrasi", "TSS__BATAS": 30.4, "PROKSI_NER": "Defisit/Erosi" }, "geometry": { "type": "MultiLineString", "coordinates": [ [ [ 109.099235086211962, -6.8380008928117 ], [ 109.098145468189884, -6.837347121759557 ], [ 109.097896295630775, -6.837108678584995 ], [ 109.097819901712896, -6.837035573746165 ], [ 109.097749798875142, -6.836968489852938 ] ] ] } },
{ "type": "Feature", "properties": { "OBJECTID_1": 1832, "OBJECTID": 27, "ID": 0, "TAHUN": 2015, "DATE": "2015-01-01", "NAMA_TITIK": "T04", "ZONA": "SEL BARAT", "SHAPE_LENG": 200.32082956299999, "TRANSECTID": 4, "TRANSORDER": 4, "SHORELINEI": "2015-01-01", "BASELINEID": 1, "DISTANCE": 323.93, "INTERSECTX": 290120.56205499999, "INTERSECTY": 9243640.6515800003, "UNCERTAINT": 10, "NAMA_TITI2": "T04", "D_TAHUN": 0.0, "LRR": -3.32, "SKOR_SHORE": 5, "RASTERVALU": 6.89058, "SKOR_SLOPE": 3, "RASTERVA_1": -2.22393, "SKOR_ELEV": 5, "GEOM_LAP": "Pasir_Halus", "SKOR_GEOM": 3, "KATEGORI": "Abrasi Tinggi", "GELOMBANG": 0.31765709729755598, "PASUT": 0.815, "SLR": 4.69, "SKOR_GEL": 5, "SKOR_PASUT": 5, "SKOR_SLR": 5, "CVI": 83.852549156240002, "KELAS_CVI": 5, "KELAS_CV_1": "Sangat Tinggi", "LAHAN": "Pantai", "JENIS": "Natural", "SKOR_LAHAN": 2, "DELTA_D": -1.49, "D_MEAN": -2.254, "D_MEDIAN": -1.53, "TSS_MIN_MG": 13.7, "TSS_RATA_R": 26.7, "TSS_MEDIAN": 27.3, "TSS_MAKS_M": 79.2, "TSS_STDDEV": 7.8, "HS": 0.317657097, "MWP_MEAN_S": 3.9139, "MWD_CIRCUL": 31.38, "JARAK_MUAR": 191.803552089433, "NAMA_SUNGA": "KaliGangsa", "MUARA_ID": "M1", "RESPON": "Abrasi", "TSS__BATAS": 30.4, "PROKSI_NER": "Defisit/Erosi" }, "geometry": { "type": "MultiLineString", "coordinates": [ [ [ 109.100780545635217, -6.838946476601608 ], [ 109.100780506831498, -6.838946452941424 ], [ 109.10072445722902, -6.838912026295068 ], [ 109.100708092283796, -6.838901974837066 ], [ 109.10063817468091, -6.838859030016569 ], [ 109.100412374667499, -6.838720339688396 ], [ 109.100408371644093, -6.838717880965267 ], [ 109.10013184189269, -6.838548030649569 ], [ 109.100030431763003, -6.838485742647848 ], [ 109.099492941159724, -6.838155605353473 ], [ 109.099235086211962, -6.8380008928117 ] ] ] } },
{ "type": "Feature", "properties": { "OBJECTID_1": 1834, "OBJECTID": 27, "ID": 0, "TAHUN": 2015, "DATE": "2015-01-01", "NAMA_TITIK": "T02", "ZONA": "SEL BARAT", "SHAPE_LENG": 201.46819175, "TRANSECTID": 2, "TRANSORDER": 2, "SHORELINEI": "2015-01-01", "BASELINEID": 1, "DISTANCE": 313.0, "INTERSECTX": 289784.65413799998, "INTERSECTY": 9243858.10348, "UNCERTAINT": 10, "NAMA_TITI2": "T02", "D_TAHUN": 0.0, "LRR": -2.19, "SKOR_SHORE": 5, "RASTERVALU": 6.56471, "SKOR_SLOPE": 3, "RASTERVA_1": -1.78074, "SKOR_ELEV": 5, "GEOM_LAP": "Pasir_Halus", "SKOR_GEOM": 3, "KATEGORI": "Abrasi Tinggi", "GELOMBANG": 0.31765709729755598, "PASUT": 0.815, "SLR": 4.69, "SKOR_GEL": 5, "SKOR_PASUT": 5, "SKOR_SLR": 5, "CVI": 83.852549156240002, "KELAS_CVI": 5, "KELAS_CV_1": "Sangat Tinggi", "LAHAN": "Pantai", "JENIS": "Natural", "SKOR_LAHAN": 2, "DELTA_D": 1.28, "D_MEAN": -2.254, "D_MEDIAN": -1.53, "TSS_MIN_MG": 13.7, "TSS_RATA_R": 26.7, "TSS_MEDIAN": 27.3, "TSS_MAKS_M": 79.2, "TSS_STDDEV": 7.8, "HS": 0.317657097, "MWP_MEAN_S": 3.9139, "MWD_CIRCUL": 31.38, "JARAK_MUAR": 579.82548354246296, "NAMA_SUNGA": "KaliGangsa", "MUARA_ID": "M1", "RESPON": "Abrasi", "TSS__BATAS": 30.4, "PROKSI_NER": "Defisit/Erosi" }, "geometry": { "type": "MultiLineString", "coordinates": [ [ [ 109.097749798875142, -6.836968489852938 ], [ 109.097641837067599, -6.836865176728074 ], [ 109.097509799701683, -6.836738824718175 ], [ 109.097487316463969, -6.836717309242426 ], [ 109.097417054213068, -6.836650072803843 ], [ 109.097291767608624, -6.836530181126382 ], [ 109.097263396162887, -6.836503031436129 ], [ 109.09726322486074, -6.836502887908911 ], [ 109.097001967688769, -6.836283730325297 ], [ 109.096990845723539, -6.836274401103434 ], [ 109.096815305231658, -6.836127142966753 ], [ 109.096815259234859, -6.836127108428555 ], [ 109.096514727676777, -6.835875004105457 ], [ 109.096383272218347, -6.835764730293698 ] ] ] } },
{ "type": "Feature", "properties": { "OBJECTID_1": 1835, "OBJECTID": 27, "ID": 0, "TAHUN": 2015, "DATE": "2015-01-01", "NAMA_TITIK": "T01", "ZONA": "SEL BARAT", "SHAPE_LENG": 82.302037946900001, "TRANSECTID": 1, "TRANSORDER": 1, "SHORELINEI": "2015-01-01", "BASELINEID": 1, "DISTANCE": 336.43, "INTERSECTX": 289633.05978100002, "INTERSECTY": 9243990.64848, "UNCERTAINT": 10, "NAMA_TITI2": "T01", "D_TAHUN": 0.0, "LRR": -0.96, "SKOR_SHORE": 3, "RASTERVALU": 0.111227, "SKOR_SLOPE": 5, "RASTERVA_1": -2.91494, "SKOR_ELEV": 5, "GEOM_LAP": "Pasir_Halus", "SKOR_GEOM": 3, "KATEGORI": "Stabil", "GELOMBANG": 0.31765709729755598, "PASUT": 0.815, "SLR": 4.69, "SKOR_GEL": 5, "SKOR_PASUT": 5, "SKOR_SLR": 5, "CVI": 83.852549156240002, "KELAS_CVI": 5, "KELAS_CV_1": "Sangat Tinggi", "LAHAN": "Pantai", "JENIS": "Natural", "SKOR_LAHAN": 2, "DELTA_D": 16.45, "D_MEAN": -2.254, "D_MEDIAN": -1.53, "TSS_MIN_MG": 13.7, "TSS_RATA_R": 26.7, "TSS_MEDIAN": 27.3, "TSS_MAKS_M": 79.2, "TSS_STDDEV": 7.8, "HS": 0.317657097, "MWP_MEAN_S": 3.9139, "MWD_CIRCUL": 31.38, "JARAK_MUAR": 778.10088489128304, "NAMA_SUNGA": "KaliGangsa", "MUARA_ID": "M1", "RESPON": "Abrasi", "TSS__BATAS": 30.4, "PROKSI_NER": "Defisit/Erosi" }, "geometry": { "type": "MultiLineString", "coordinates": [ [ [ 109.096383272218347, -6.835764730293698 ], [ 109.096362075079696, -6.83574694934735 ], [ 109.095826660169578, -6.835297810018953 ], [ 109.095813021941623, -6.835286368765393 ] ] ] } },
{ "type": "Feature", "properties": { "OBJECTID_1": 1837, "OBJECTID": 28, "ID": 0, "TAHUN": 2016, "DATE": "2016-01-01", "NAMA_TITIK": "T42", "ZONA": "SEL TIMUR", "SHAPE_LENG": 229.352951956, "TRANSECTID": 46, "TRANSORDER": 46, "SHORELINEI": "2016-01-01", "BASELINEID": 1, "DISTANCE": 271.59, "INTERSECTX": 298013.40834299993, "INTERSECTY": 9242346.8981800005, "UNCERTAINT": 10, "NAMA_TITI2": "T42", "D_TAHUN": 0.0, "LRR": -1.48, "SKOR_SHORE": 4, "RASTERVALU": 10.6361, "SKOR_SLOPE": 2, "RASTERVA_1": -1.41562, "SKOR_ELEV": 5, "GEOM_LAP": "Tambak", "SKOR_GEOM": 5, "KATEGORI": "Abrasi Sedang", "GELOMBANG": 0.22587467291775801, "PASUT": 0.809, "SLR": 4.69, "SKOR_GEL": 1, "SKOR_PASUT": 5, "SKOR_SLR": 5, "CVI": 43.301270189219998, "KELAS_CVI": 3, "KELAS_CV_1": "Sedang", "LAHAN": "Tambak", "JENIS": "Natural", "SKOR_LAHAN": 3, "DELTA_D": -20.43, "D_MEAN": -13.581666666666663, "D_MEDIAN": -18.69, "TSS_MIN_MG": 8.6, "TSS_RATA_R": 18.7, "TSS_MEDIAN": 14.8, "TSS_MAKS_M": 93.7, "TSS_STDDEV": 11.8, "HS": 0.225874673, "MWP_MEAN_S": 3.4499, "MWD_CIRCUL": 25.95, "JARAK_MUAR": 1130.0451134499999, "NAMA_SUNGA": "Kali Ketiwon", "MUARA_ID": "M5", "RESPON": "Abrasi", "TSS__BATAS": 30.4, "PROKSI_NER": "Defisit/Erosi" }, "geometry": { "type": "MultiLineString", "coordinates": [ [ [ 109.172256260708522, -6.850983938417691 ], [ 109.172133949187213, -6.850920290929346 ], [ 109.17207229235585, -6.850888206682653 ], [ 109.171943918228322, -6.850821404109293 ], [ 109.17192232105721, -6.850810165600495 ], [ 109.171892386032468, -6.850794587984836 ], [ 109.171821175242712, -6.850757531595237 ], [ 109.171755806831328, -6.850723515489126 ], [ 109.171543077425383, -6.850612817135364 ], [ 109.171470892522791, -6.8505752533879 ], [ 109.171468894510866, -6.850574213242466 ], [ 109.171413675124953, -6.850545478903816 ], [ 109.171155404235023, -6.850411081065856 ], [ 109.171062023144074, -6.850362488219675 ], [ 109.171033427114892, -6.850347607337675 ], [ 109.170909006012479, -6.850282862087385 ], [ 109.17087439022545, -6.850239095963667 ], [ 109.170811826316793, -6.850159994088117 ], [ 109.170617207776502, -6.849913930682635 ], [ 109.170603149551525, -6.849896155794583 ], [ 109.170564955113264, -6.849847865227139 ], [ 109.170564280786252, -6.849847012757587 ] ] ] } },
{ "type": "Feature", "properties": { "OBJECTID_1": 1849, "OBJECTID": 28, "ID": 0, "TAHUN": 2016, "DATE": "2016-01-01", "NAMA_TITIK": "T40", "ZONA": "SEL TIMUR", "SHAPE_LENG": 200.69203944399999, "TRANSECTID": 44, "TRANSORDER": 44, "SHORELINEI": "2016-01-01", "BASELINEID": 1, "DISTANCE": 290.0, "INTERSECTX": 297674.370391, "INTERSECTY": 9242578.3906800002, "UNCERTAINT": 10, "NAMA_TITI2": "T40", "D_TAHUN": 0.0, "LRR": -2.39, "SKOR_SHORE": 5, "RASTERVALU": 1.31742, "SKOR_SLOPE": 5, "RASTERVA_1": -2.87668, "SKOR_ELEV": 5, "GEOM_LAP": "Tambak", "SKOR_GEOM": 5, "KATEGORI": "Abrasi Tinggi", "GELOMBANG": 0.22587467291775801, "PASUT": 0.809, "SLR": 4.69, "SKOR_GEL": 1, "SKOR_PASUT": 5, "SKOR_SLR": 5, "CVI": 76.546554461970004, "KELAS_CVI": 5, "KELAS_CV_1": "Sangat Tinggi", "LAHAN": "Tambak", "JENIS": "Natural", "SKOR_LAHAN": 3, "DELTA_D": -3.83, "D_MEAN": -13.581666666666663, "D_MEDIAN": -18.69, "TSS_MIN_MG": 8.6, "TSS_RATA_R": 18.7, "TSS_MEDIAN": 14.8, "TSS_MAKS_M": 93.7, "TSS_STDDEV": 11.8, "HS": 0.225874673, "MWP_MEAN_S": 3.4499, "MWD_CIRCUL": 25.95, "JARAK_MUAR": 727.664323427044, "NAMA_SUNGA": "Kali Ketiwon", "MUARA_ID": "M5", "RESPON": "Abrasi", "TSS__BATAS": 30.4, "PROKSI_NER": "Defisit/Erosi" }, "geometry": { "type": "MultiLineString", "coordinates": [ [ [ 109.16907489364651, -6.848815601819075 ], [ 109.167612596279696, -6.847740167760063 ] ] ] } },
{ "type": "Feature", "properties": { "OBJECTID_1": 1850, "OBJECTID": 28, "ID": 0, "TAHUN": 2016, "DATE": "2016-01-01", "NAMA_TITIK": "T41", "ZONA": "SEL TIMUR", "SHAPE_LENG": 212.850713227, "TRANSECTID": 45, "TRANSORDER": 45, "SHORELINEI": "2016-01-01", "BASELINEID": 1, "DISTANCE": 279.06, "INTERSECTX": 297839.44372699992, "INTERSECTY": 9242464.9429800007, "UNCERTAINT": 10, "NAMA_TITI2": "T41", "D_TAHUN": 0.0, "LRR": -2.12, "SKOR_SHORE": 5, "RASTERVALU": 9.05717, "SKOR_SLOPE": 2, "RASTERVA_1": -1.62402, "SKOR_ELEV": 5, "GEOM_LAP": "Tambak", "SKOR_GEOM": 5, "KATEGORI": "Abrasi Tinggi", "GELOMBANG": 0.22587467291775801, "PASUT": 0.809, "SLR": 4.69, "SKOR_GEL": 1, "SKOR_PASUT": 5, "SKOR_SLR": 5, "CVI": 48.412291827590003, "KELAS_CVI": 3, "KELAS_CV_1": "Sedang", "LAHAN": "Tambak", "JENIS": "Natural", "SKOR_LAHAN": 3, "DELTA_D": -11.31, "D_MEAN": -13.581666666666663, "D_MEDIAN": -18.69, "TSS_MIN_MG": 8.6, "TSS_RATA_R": 18.7, "TSS_MEDIAN": 14.8, "TSS_MAKS_M": 93.7, "TSS_STDDEV": 11.8, "HS": 0.225874673, "MWP_MEAN_S": 3.4499, "MWD_CIRCUL": 25.95, "JARAK_MUAR": 936.29342666807304, "NAMA_SUNGA": "Kali Ketiwon", "MUARA_ID": "M5", "RESPON": "Abrasi", "TSS__BATAS": 30.4, "PROKSI_NER": "Defisit/Erosi" }, "geometry": { "type": "MultiLineString", "coordinates": [ [ [ 109.170564280786252, -6.849847012757587 ], [ 109.170508466539374, -6.849776444628811 ], [ 109.170476766897622, -6.849736365876333 ], [ 109.170466661906858, -6.849723589719959 ], [ 109.170401612389171, -6.849641345477003 ], [ 109.17037693061917, -6.849610138753857 ], [ 109.170177027735306, -6.849357392472329 ], [ 109.170103456068347, -6.849264372640344 ], [ 109.170072736916637, -6.849225533586191 ], [ 109.170065967559978, -6.849216974431095 ], [ 109.170056597530646, -6.849216914336599 ], [ 109.170046928978053, -6.84921685220096 ], [ 109.170007890203692, -6.849216602268059 ], [ 109.16987461560916, -6.849215748416301 ], [ 109.169856973758883, -6.84921563511476 ], [ 109.169757244202671, -6.849214995786372 ], [ 109.169741439629192, -6.849214894903263 ], [ 109.169708182274064, -6.849214681432757 ], [ 109.169653251189388, -6.849214329348044 ], [ 109.169647232768611, -6.84921429105334 ], [ 109.1696167399259, -6.849214095339756 ], [ 109.16961170254487, -6.849210390833708 ], [ 109.16960828625416, -6.84920787874823 ], [ 109.169523996748481, -6.849145889174796 ], [ 109.16943769195538, -6.849082417245445 ], [ 109.169316821081281, -6.848993524533733 ], [ 109.169233921806054, -6.848932557394044 ], [ 109.16907489364651, -6.848815601819075 ] ] ] } },
{ "type": "Feature", "properties": { "OBJECTID_1": 1858, "OBJECTID": 28, "ID": 0, "TAHUN": 2016, "DATE": "2016-01-01", "NAMA_TITIK": "T51", "ZONA": "SEL BARAT", "SHAPE_LENG": 206.12172656199999, "TRANSECTID": 20, "TRANSORDER": 20, "SHORELINEI": "2016-01-01", "BASELINEID": 1, "DISTANCE": 246.05, "INTERSECTX": 292990.021878, "INTERSECTY": 9242616.6838000007, "UNCERTAINT": 10, "NAMA_TITI2": "T51", "D_TAHUN": 0.0, "LRR": 0.72, "SKOR_SHORE": 3, "RASTERVALU": 2.59289, "SKOR_SLOPE": 4, "RASTERVA_1": -2.65623, "SKOR_ELEV": 5, "GEOM_LAP": "Aluvial", "SKOR_GEOM": 4, "KATEGORI": "Stabil", "GELOMBANG": 0.22587467291775801, "PASUT": 0.809, "SLR": 4.69, "SKOR_GEL": 1, "SKOR_PASUT": 5, "SKOR_SLR": 5, "CVI": 54.772255750520003, "KELAS_CVI": 4, "KELAS_CV_1": "Sedang", "LAHAN": "Muara", "JENIS": "Natural", "SKOR_LAHAN": 4, "DELTA_D": -14.53, "D_MEAN": -5.3589473684210516, "D_MEDIAN": -5.0, "TSS_MIN_MG": 8.6, "TSS_RATA_R": 13.0, "TSS_MEDIAN": 11.4, "TSS_MAKS_M": 51.8, "TSS_STDDEV": 4.6, "HS": 0.225874673, "MWP_MEAN_S": 3.4499, "MWD_CIRCUL": 25.95, "JARAK_MUAR": 19.716633507029201, "NAMA_SUNGA": "Kali Sibelis", "MUARA_ID": "M3", "RESPON": "Abrasi", "TSS__BATAS": 30.4, "PROKSI_NER": "Defisit/Erosi" }, "geometry": { "type": "MultiLineString", "coordinates": [ [ [ 109.12670095598061, -6.84830607129444 ], [ 109.126700932415091, -6.848306082956277 ], [ 109.126700845407427, -6.848306125111201 ], [ 109.12666481320106, -6.848323622413252 ], [ 109.126633158588589, -6.848338993085629 ], [ 109.126615003818429, -6.84834780809889 ], [ 109.126587310786178, -6.848361255757024 ], [ 109.126585296005175, -6.848362234308023 ], [ 109.126584661573133, -6.848362541951209 ], [ 109.126542852393158, -6.848382843029899 ], [ 109.126524974954549, -6.848391524404709 ], [ 109.126524308797826, -6.848391848198454 ], [ 109.126509989628062, -6.848398801186893 ], [ 109.126433397147736, -6.848435994119044 ], [ 109.126431490222146, -6.848436919746089 ], [ 109.126427468818193, -6.848438872357601 ], [ 109.126297448703824, -6.848428801568787 ], [ 109.125952400300335, -6.848402075448011 ], [ 109.125903855185584, -6.84839831483244 ], [ 109.125896351852745, -6.848397734053405 ], [ 109.125841771153944, -6.848393506871872 ], [ 109.125806651007139, -6.84839078681386 ], [ 109.125694883309095, -6.848382129681103 ], [ 109.125412211192653, -6.848360234909665 ], [ 109.125217291079522, -6.848345136884634 ], [ 109.125060574023735, -6.848332997860539 ], [ 109.124871684124997, -6.848318366249879 ], [ 109.124871594594154, -6.848318359571664 ] ] ] } },
{ "type": "Feature", "properties": { "OBJECTID_1": 1872, "OBJECTID": 28, "ID": 0, "TAHUN": 2016, "DATE": "2016-01-01", "NAMA_TITIK": "T39", "ZONA": "SEL TIMUR", "SHAPE_LENG": 201.54745476900001, "TRANSECTID": 43, "TRANSORDER": 43, "SHORELINEI": "2016-01-01", "BASELINEID": 1, "DISTANCE": 306.65, "INTERSECTX": 297512.272245, "INTERSECTY": 9242696.7183899991, "UNCERTAINT": 10, "NAMA_TITI2": "T39", "D_TAHUN": 0.0, "LRR": -3.6, "SKOR_SHORE": 5, "RASTERVALU": 0.000339, "SKOR_SLOPE": 5, "RASTERVA_1": -2.9425, "SKOR_ELEV": 5, "GEOM_LAP": "Pasir_Halus", "SKOR_GEOM": 3, "KATEGORI": "Abrasi Tinggi", "GELOMBANG": 0.22587467291775801, "PASUT": 0.809, "SLR": 4.69, "SKOR_GEL": 1, "SKOR_PASUT": 5, "SKOR_SLR": 5, "CVI": 48.412291827590003, "KELAS_CVI": 3, "KELAS_CV_1": "Sedang", "LAHAN": "Pantai", "JENIS": "Natural", "SKOR_LAHAN": 2, "DELTA_D": -30.27, "D_MEAN": -13.581666666666663, "D_MEDIAN": -18.69, "TSS_MIN_MG": 8.6, "TSS_RATA_R": 18.7, "TSS_MEDIAN": 14.8, "TSS_MAKS_M": 93.7, "TSS_STDDEV": 11.8, "HS": 0.225874673, "MWP_MEAN_S": 3.4499, "MWD_CIRCUL": 25.95, "JARAK_MUAR": 535.47677602736997, "NAMA_SUNGA": "Kali Ketiwon", "MUARA_ID": "M5", "RESPON": "Abrasi", "TSS__BATAS": 30.4, "PROKSI_NER": "Defisit/Erosi" }, "geometry": { "type": "MultiLineString", "coordinates": [ [ [ 109.167612596279696, -6.847740167760063 ], [ 109.167610876868949, -6.847738903532582 ], [ 109.167405576186184, -6.847587916215493 ], [ 109.167055702415226, -6.847266994176624 ], [ 109.166992636826123, -6.847209146701926 ], [ 109.166876703204025, -6.847102806080509 ], [ 109.166157769409566, -6.846652604037917 ] ] ] } },
{ "type": "Feature", "properties": { "OBJECTID_1": 1878, "OBJECTID": 28, "ID": 0, "TAHUN": 2016, "DATE": "2016-01-01", "NAMA_TITIK": "T37", "ZONA": "SEL TIMUR", "SHAPE_LENG": 200.888162956, "TRANSECTID": 41, "TRANSORDER": 41, "SHORELINEI": "2016-01-01", "BASELINEID": 1, "DISTANCE": 324.14, "INTERSECTX": 297202.58733299997, "INTERSECTY": 9242908.5871200003, "UNCERTAINT": 10, "NAMA_TITI2": "T37", "D_TAHUN": 0.0, "LRR": -4.54, "SKOR_SHORE": 5, "RASTERVALU": 0.000345, "SKOR_SLOPE": 5, "RASTERVA_1": -2.94128, "SKOR_ELEV": 5, "GEOM_LAP": "Pasir_Halus", "SKOR_GEOM": 3, "KATEGORI": "Abrasi Tinggi", "GELOMBANG": 0.22587467291775801, "PASUT": 0.809, "SLR": 4.69, "SKOR_GEL": 1, "SKOR_PASUT": 5, "SKOR_SLR": 5, "CVI": 48.412291827590003, "KELAS_CVI": 3, "KELAS_CV_1": "Sedang", "LAHAN": "Pantai", "JENIS": "Natural", "SKOR_LAHAN": 2, "DELTA_D": -5.18, "D_MEAN": -13.581666666666663, "D_MEDIAN": -18.69, "TSS_MIN_MG": 8.6, "TSS_RATA_R": 18.7, "TSS_MEDIAN": 14.8, "TSS_MAKS_M": 93.7, "TSS_STDDEV": 11.8, "HS": 0.225874673, "MWP_MEAN_S": 3.4499, "MWD_CIRCUL": 25.95, "JARAK_MUAR": 155.29372815372599, "NAMA_SUNGA": "Kali Ketiwon", "MUARA_ID": "M5", "RESPON": "Abrasi", "TSS__BATAS": 30.4, "PROKSI_NER": "Defisit/Erosi" }, "geometry": { "type": "MultiLineString", "coordinates": [ [ [ 109.164818440892603, -6.845813899588215 ], [ 109.164818322667571, -6.845813825900907 ], [ 109.16481126985542, -6.845809409338112 ], [ 109.164669756991756, -6.845720792421801 ], [ 109.164183660465397, -6.845434363125334 ], [ 109.164180282948664, -6.845432372856881 ], [ 109.164166237640245, -6.845424096903949 ], [ 109.16416055669535, -6.845420749755224 ], [ 109.163982321874826, -6.845315725047631 ], [ 109.163756818201165, -6.845182848324643 ], [ 109.163736780577167, -6.845171041383829 ], [ 109.163704443284956, -6.845151986834071 ], [ 109.16365704167778, -6.845124055690057 ], [ 109.16342565510017, -6.84498771158693 ], [ 109.16336373980927, -6.84495122780444 ], [ 109.163255432074195, -6.844887408012258 ] ] ] } },
{ "type": "Feature", "properties": { "OBJECTID_1": 1879, "OBJECTID": 28, "ID": 0, "TAHUN": 2016, "DATE": "2016-01-01", "NAMA_TITIK": "T38", "ZONA": "SEL TIMUR", "SHAPE_LENG": 174.71314734500001, "TRANSECTID": 42, "TRANSORDER": 42, "SHORELINEI": "2016-01-01", "BASELINEID": 1, "DISTANCE": 324.88, "INTERSECTX": 297350.99384800001, "INTERSECTY": 9242816.3906900007, "UNCERTAINT": 10, "NAMA_TITI2": "T38", "D_TAHUN": 0.0, "LRR": -4.04, "SKOR_SHORE": 5, "RASTERVALU": 0.000344, "SKOR_SLOPE": 5, "RASTERVA_1": -2.94192, "SKOR_ELEV": 5, "GEOM_LAP": "Pasir_Halus", "SKOR_GEOM": 3, "KATEGORI": "Abrasi Tinggi", "GELOMBANG": 0.22587467291775801, "PASUT": 0.809, "SLR": 4.69, "SKOR_GEL": 1, "SKOR_PASUT": 5, "SKOR_SLR": 5, "CVI": 48.412291827590003, "KELAS_CVI": 3, "KELAS_CV_1": "Sedang", "LAHAN": "Pantai", "JENIS": "Natural", "SKOR_LAHAN": 2, "DELTA_D": -21.52, "D_MEAN": -13.581666666666663, "D_MEDIAN": -18.69, "TSS_MIN_MG": 8.6, "TSS_RATA_R": 18.7, "TSS_MEDIAN": 14.8, "TSS_MAKS_M": 93.7, "TSS_STDDEV": 11.8, "HS": 0.225874673, "MWP_MEAN_S": 3.4499, "MWD_CIRCUL": 25.95, "JARAK_MUAR": 355.43647958132902, "NAMA_SUNGA": "Kali Ketiwon", "MUARA_ID": "M5", "RESPON": "Abrasi", "TSS__BATAS": 30.4, "PROKSI_NER": "Defisit/Erosi" }, "geometry": { "type": "MultiLineString", "coordinates": [ [ [ 109.166157769409566, -6.846652604037917 ], [ 109.165916380968312, -6.846501444293163 ], [ 109.165838921625209, -6.846452938631424 ], [ 109.165818661992105, -6.846440251166763 ], [ 109.165439204447551, -6.846202630517528 ], [ 109.165264183427382, -6.846093029848893 ], [ 109.164818440892603, -6.845813899588215 ] ] ] } },
{ "type": "Feature", "properties": { "OBJECTID_1": 1894, "OBJECTID": 28, "ID": 0, "TAHUN": 2016, "DATE": "2016-01-01", "NAMA_TITIK": "T44", "ZONA": "SEL BARAT", "SHAPE_LENG": 106.42483713199999, "TRANSECTID": 5, "TRANSORDER": 5, "SHORELINEI": "2016-01-01", "BASELINEID": 1, "DISTANCE": 304.95, "INTERSECTX": 290217.2828, "INTERSECTY": 9243597.1146900002, "UNCERTAINT": 10, "NAMA_TITI2": "T44", "D_TAHUN": 0.0, "LRR": -2.33, "SKOR_SHORE": 5, "RASTERVALU": 0.013365, "SKOR_SLOPE": 5, "RASTERVA_1": -2.91714, "SKOR_ELEV": 5, "GEOM_LAP": "Aluvial", "SKOR_GEOM": 4, "KATEGORI": "Abrasi Tinggi", "GELOMBANG": 0.22587467291775801, "PASUT": 0.809, "SLR": 4.69, "SKOR_GEL": 1, "SKOR_PASUT": 5, "SKOR_SLR": 5, "CVI": 79.056941504210002, "KELAS_CVI": 5, "KELAS_CV_1": "Sangat Tinggi", "LAHAN": "Muara", "JENIS": "Natural", "SKOR_LAHAN": 4, "DELTA_D": -14.94, "D_MEAN": -5.3589473684210516, "D_MEDIAN": -5.0, "TSS_MIN_MG": 8.6, "TSS_RATA_R": 13.0, "TSS_MEDIAN": 11.4, "TSS_MAKS_M": 51.8, "TSS_STDDEV": 4.6, "HS": 0.225874673, "MWP_MEAN_S": 3.4499, "MWD_CIRCUL": 25.95, "JARAK_MUAR": 61.827697463302599, "NAMA_SUNGA": "KaliGangsa", "MUARA_ID": "M1", "RESPON": "Abrasi", "TSS__BATAS": 30.4, "PROKSI_NER": "Defisit/Erosi" }, "geometry": { "type": "MultiLineString", "coordinates": [ [ [ 109.101653899279455, -6.839343547068954 ], [ 109.101653667193474, -6.839343447604628 ], [ 109.101165039807768, -6.839133795294835 ], [ 109.10103281984766, -6.839077064619362 ], [ 109.100806656025426, -6.838980025629279 ], [ 109.100778096053091, -6.838963182239206 ], [ 109.100771616224705, -6.838959361184809 ] ] ] } },
{ "type": "Feature", "properties": { "OBJECTID_1": 1895, "OBJECTID": 28, "ID": 0, "TAHUN": 2016, "DATE": "2016-01-01", "NAMA_TITIK": "T05", "ZONA": "SEL BARAT", "SHAPE_LENG": 200.881333514, "TRANSECTID": 6, "TRANSORDER": 6, "SHORELINEI": "2016-01-01", "BASELINEID": 1, "DISTANCE": 286.19, "INTERSECTX": 290402.13032499998, "INTERSECTY": 9243518.4813700002, "UNCERTAINT": 10, "NAMA_TITI2": "T05", "D_TAHUN": 0.0, "LRR": -1.47, "SKOR_SHORE": 4, "RASTERVALU": 6.15341, "SKOR_SLOPE": 3, "RASTERVA_1": -2.46219, "SKOR_ELEV": 5, "GEOM_LAP": "Pasir_Halus", "SKOR_GEOM": 3, "KATEGORI": "Abrasi Sedang", "GELOMBANG": 0.22587467291775801, "PASUT": 0.809, "SLR": 4.69, "SKOR_GEL": 1, "SKOR_PASUT": 5, "SKOR_SLR": 5, "CVI": 47.43416490253, "KELAS_CVI": 3, "KELAS_CV_1": "Sedang", "LAHAN": "Muara", "JENIS": "Natural", "SKOR_LAHAN": 4, "DELTA_D": -39.8, "D_MEAN": -5.3589473684210516, "D_MEDIAN": -5.0, "TSS_MIN_MG": 8.6, "TSS_RATA_R": 13.0, "TSS_MEDIAN": 11.4, "TSS_MAKS_M": 51.8, "TSS_STDDEV": 4.6, "HS": 0.225874673, "MWP_MEAN_S": 3.4499, "MWD_CIRCUL": 25.95, "JARAK_MUAR": 4.2768385923696401, "NAMA_SUNGA": "KaliGangsa", "MUARA_ID": "M1", "RESPON": "Abrasi", "TSS__BATAS": 30.4, "PROKSI_NER": "Defisit/Erosi" }, "geometry": { "type": "MultiLineString", "coordinates": [ [ [ 109.103323173892548, -6.840061067109612 ], [ 109.103305080791941, -6.840052003432287 ], [ 109.103281924529412, -6.840042068116478 ], [ 109.102794107198875, -6.83983276564918 ], [ 109.102679545161806, -6.839783611833715 ], [ 109.102580305345185, -6.83974103258332 ], [ 109.102201248525418, -6.839578394177595 ], [ 109.102164311662293, -6.839562545789993 ], [ 109.10215577686462, -6.839558883905865 ], [ 109.101996567838185, -6.839490573739987 ], [ 109.101942854898383, -6.839467527492228 ], [ 109.101930938155277, -6.839462414718875 ], [ 109.101724587844046, -6.839373876970168 ], [ 109.101679216471879, -6.839354409552811 ], [ 109.101653899279455, -6.839343547068954 ] ] ] } },
{ "type": "Feature", "properties": { "OBJECTID_1": 1896, "OBJECTID": 28, "ID": 0, "TAHUN": 2016, "DATE": "2016-01-01", "NAMA_TITIK": "T03", "ZONA": "SEL BARAT", "SHAPE_LENG": 200.407160758, "TRANSECTID": 3, "TRANSORDER": 3, "SHORELINEI": "2016-01-01", "BASELINEID": 1, "DISTANCE": 307.63, "INTERSECTX": 289946.472748, "INTERSECTY": 9243740.4446600005, "UNCERTAINT": 10, "NAMA_TITI2": "T03", "D_TAHUN": 0.0, "LRR": -3.26, "SKOR_SHORE": 5, "RASTERVALU": 6.99672, "SKOR_SLOPE": 3, "RASTERVA_1": -1.58426, "SKOR_ELEV": 5, "GEOM_LAP": "Pasir_Halus", "SKOR_GEOM": 3, "KATEGORI": "Abrasi Tinggi", "GELOMBANG": 0.22587467291775801, "PASUT": 0.809, "SLR": 4.69, "SKOR_GEL": 1, "SKOR_PASUT": 5, "SKOR_SLR": 5, "CVI": 37.5, "KELAS_CVI": 3, "KELAS_CV_1": "Sedang", "LAHAN": "Pantai", "JENIS": "Natural", "SKOR_LAHAN": 2, "DELTA_D": -5.0, "D_MEAN": -5.3589473684210516, "D_MEDIAN": -5.0, "TSS_MIN_MG": 8.6, "TSS_RATA_R": 13.0, "TSS_MEDIAN": 11.4, "TSS_MAKS_M": 51.8, "TSS_STDDEV": 4.6, "HS": 0.225874673, "MWP_MEAN_S": 3.4499, "MWD_CIRCUL": 25.95, "JARAK_MUAR": 387.64661320961198, "NAMA_SUNGA": "KaliGangsa", "MUARA_ID": "M1", "RESPON": "Abrasi", "TSS__BATAS": 30.4, "PROKSI_NER": "Defisit/Erosi" }, "geometry": { "type": "MultiLineString", "coordinates": [ [ [ 109.099209351462008, -6.838038028085855 ], [ 109.098939510385648, -6.837878890362612 ], [ 109.098022686699352, -6.837338197601201 ], [ 109.097973950529862, -6.837303451550787 ], [ 109.097668555178814, -6.837085721811532 ] ] ] } },
{ "type": "Feature", "properties": { "OBJECTID_1": 1898, "OBJECTID": 28, "ID": 0, "TAHUN": 2016, "DATE": "2016-01-01", "NAMA_TITIK": "T04", "ZONA": "SEL BARAT", "SHAPE_LENG": 200.529858, "TRANSECTID": 4, "TRANSORDER": 4, "SHORELINEI": "2016-01-01", "BASELINEID": 1, "DISTANCE": 322.2, "INTERSECTX": 290119.58057300001, "INTERSECTY": 9243639.2225800008, "UNCERTAINT": 10, "NAMA_TITI2": "T04", "D_TAHUN": 0.0, "LRR": -3.32, "SKOR_SHORE": 5, "RASTERVALU": 6.89058, "SKOR_SLOPE": 3, "RASTERVA_1": -2.22393, "SKOR_ELEV": 5, "GEOM_LAP": "Pasir_Halus", "SKOR_GEOM": 3, "KATEGORI": "Abrasi Tinggi", "GELOMBANG": 0.22587467291775801, "PASUT": 0.809, "SLR": 4.69, "SKOR_GEL": 1, "SKOR_PASUT": 5, "SKOR_SLR": 5, "CVI": 37.5, "KELAS_CVI": 3, "KELAS_CV_1": "Sedang", "LAHAN": "Pantai", "JENIS": "Natural", "SKOR_LAHAN": 2, "DELTA_D": -1.73, "D_MEAN": -5.3589473684210516, "D_MEDIAN": -5.0, "TSS_MIN_MG": 8.6, "TSS_RATA_R": 13.0, "TSS_MEDIAN": 11.4, "TSS_MAKS_M": 51.8, "TSS_STDDEV": 4.6, "HS": 0.225874673, "MWP_MEAN_S": 3.4499, "MWD_CIRCUL": 25.95, "JARAK_MUAR": 191.803552089433, "NAMA_SUNGA": "KaliGangsa", "MUARA_ID": "M1", "RESPON": "Abrasi", "TSS__BATAS": 30.4, "PROKSI_NER": "Defisit/Erosi" }, "geometry": { "type": "MultiLineString", "coordinates": [ [ [ 109.100771616224705, -6.838959361184809 ], [ 109.099209351462008, -6.838038028085855 ] ] ] } },
{ "type": "Feature", "properties": { "OBJECTID_1": 1899, "OBJECTID": 28, "ID": 0, "TAHUN": 2016, "DATE": "2016-01-01", "NAMA_TITIK": "T02", "ZONA": "SEL BARAT", "SHAPE_LENG": 200.019151537, "TRANSECTID": 2, "TRANSORDER": 2, "SHORELINEI": "2016-01-01", "BASELINEID": 1, "DISTANCE": 297.23, "INTERSECTX": 289775.72404, "INTERSECTY": 9243845.1015499998, "UNCERTAINT": 10, "NAMA_TITI2": "T02", "D_TAHUN": 0.0, "LRR": -2.19, "SKOR_SHORE": 5, "RASTERVALU": 6.56471, "SKOR_SLOPE": 3, "RASTERVA_1": -1.78074, "SKOR_ELEV": 5, "GEOM_LAP": "Pasir_Halus", "SKOR_GEOM": 3, "KATEGORI": "Abrasi Tinggi", "GELOMBANG": 0.22587467291775801, "PASUT": 0.809, "SLR": 4.69, "SKOR_GEL": 1, "SKOR_PASUT": 5, "SKOR_SLR": 5, "CVI": 37.5, "KELAS_CVI": 3, "KELAS_CV_1": "Sedang", "LAHAN": "Pantai", "JENIS": "Natural", "SKOR_LAHAN": 2, "DELTA_D": -15.77, "D_MEAN": -5.3589473684210516, "D_MEDIAN": -5.0, "TSS_MIN_MG": 8.6, "TSS_RATA_R": 13.0, "TSS_MEDIAN": 11.4, "TSS_MAKS_M": 51.8, "TSS_STDDEV": 4.6, "HS": 0.225874673, "MWP_MEAN_S": 3.4499, "MWD_CIRCUL": 25.95, "JARAK_MUAR": 579.82548354246296, "NAMA_SUNGA": "KaliGangsa", "MUARA_ID": "M1", "RESPON": "Abrasi", "TSS__BATAS": 30.4, "PROKSI_NER": "Defisit/Erosi" }, "geometry": { "type": "MultiLineString", "coordinates": [ [ [ 109.097668555178814, -6.837085721811532 ], [ 109.0974112404229, -6.836902270734543 ], [ 109.096630516152175, -6.83634565654465 ], [ 109.096523877806263, -6.836269628345519 ], [ 109.096459911953062, -6.836224024144412 ], [ 109.096238555007531, -6.836066208168134 ], [ 109.096195575889809, -6.836035565943266 ] ] ] } },
{ "type": "Feature", "properties": { "OBJECTID_1": 1900, "OBJECTID": 28, "ID": 0, "TAHUN": 2016, "DATE": "2016-01-01", "NAMA_TITIK": "T01", "ZONA": "SEL BARAT", "SHAPE_LENG": 64.605436749399999, "TRANSECTID": 1, "TRANSORDER": 1, "SHORELINEI": "2016-01-01", "BASELINEID": 1, "DISTANCE": 299.99, "INTERSECTX": 289612.428785, "INTERSECTY": 9243960.6104199998, "UNCERTAINT": 10, "NAMA_TITI2": "T01", "D_TAHUN": 0.0, "LRR": -0.96, "SKOR_SHORE": 3, "RASTERVALU": 0.111227, "SKOR_SLOPE": 5, "RASTERVA_1": -2.91494, "SKOR_ELEV": 5, "GEOM_LAP": "Pasir_Halus", "SKOR_GEOM": 3, "KATEGORI": "Stabil", "GELOMBANG": 0.22587467291775801, "PASUT": 0.809, "SLR": 4.69, "SKOR_GEL": 1, "SKOR_PASUT": 5, "SKOR_SLR": 5, "CVI": 37.5, "KELAS_CVI": 3, "KELAS_CV_1": "Sedang", "LAHAN": "Pantai", "JENIS": "Natural", "SKOR_LAHAN": 2, "DELTA_D": -36.44, "D_MEAN": -5.3589473684210516, "D_MEDIAN": -5.0, "TSS_MIN_MG": 8.6, "TSS_RATA_R": 13.0, "TSS_MEDIAN": 11.4, "TSS_MAKS_M": 51.8, "TSS_STDDEV": 4.6, "HS": 0.225874673, "MWP_MEAN_S": 3.4499, "MWD_CIRCUL": 25.95, "JARAK_MUAR": 778.10088489128304, "NAMA_SUNGA": "KaliGangsa", "MUARA_ID": "M1", "RESPON": "Abrasi", "TSS__BATAS": 30.4, "PROKSI_NER": "Defisit/Erosi" }, "geometry": { "type": "MultiLineString", "coordinates": [ [ [ 109.096195575889809, -6.836035565943266 ], [ 109.095822489387928, -6.835769574694286 ], [ 109.095719810332696, -6.835696369318017 ] ] ] } },
{ "type": "Feature", "properties": { "OBJECTID_1": 1903, "OBJECTID": 29, "ID": 0, "TAHUN": 2017, "DATE": "2017-01-01", "NAMA_TITIK": "T42", "ZONA": "SEL TIMUR", "SHAPE_LENG": 231.22806044500001, "TRANSECTID": 46, "TRANSORDER": 46, "SHORELINEI": "2017-01-01", "BASELINEID": 1, "DISTANCE": 267.61, "INTERSECTX": 298011.20827399998, "INTERSECTY": 9242343.5725100003, "UNCERTAINT": 10, "NAMA_TITI2": "T42", "D_TAHUN": 0.0, "LRR": -1.48, "SKOR_SHORE": 4, "RASTERVALU": 10.6361, "SKOR_SLOPE": 2, "RASTERVA_1": -1.41562, "SKOR_ELEV": 5, "GEOM_LAP": "Tambak", "SKOR_GEOM": 5, "KATEGORI": "Abrasi Sedang", "GELOMBANG": 0.26906780810917102, "PASUT": 0.854, "SLR": 4.69, "SKOR_GEL": 4, "SKOR_PASUT": 4, "SKOR_SLR": 5, "CVI": 77.45966692415, "KELAS_CVI": 5, "KELAS_CV_1": "Sangat Tinggi", "LAHAN": "Tambak", "JENIS": "Natural", "SKOR_LAHAN": 3, "DELTA_D": -3.98, "D_MEAN": -7.7022222222222139, "D_MEDIAN": -1.03, "TSS_MIN_MG": 10.4, "TSS_RATA_R": 21.7, "TSS_MEDIAN": 18.5, "TSS_MAKS_M": 148.1, "TSS_STDDEV": 10.7, "HS": 0.269067808, "MWP_MEAN_S": 3.7004, "MWD_CIRCUL": 21.93, "JARAK_MUAR": 1130.0451134499999, "NAMA_SUNGA": "Kali Ketiwon", "MUARA_ID": "M5", "RESPON": "Abrasi", "TSS__BATAS": 30.4, "PROKSI_NER": "Defisit/Erosi" }, "geometry": { "type": "MultiLineString", "coordinates": [ [ [ 109.172249335588106, -6.851025285159845 ], [ 109.172169783465634, -6.85098121973077 ], [ 109.172114132283951, -6.850950394312117 ], [ 109.17211393097142, -6.850950283239634 ], [ 109.172091259575467, -6.85093772510774 ], [ 109.172044352337707, -6.850911743040619 ], [ 109.171979301856297, -6.850875711002529 ], [ 109.171929105954973, -6.850847907205993 ], [ 109.171881481061533, -6.850821527282364 ], [ 109.171845923082145, -6.850801831555761 ], [ 109.171576069286175, -6.850652357377275 ], [ 109.171513134906021, -6.85061749699045 ], [ 109.171511356512212, -6.850616511930054 ], [ 109.171415981360298, -6.850563681923181 ], [ 109.171202122857125, -6.850445223348072 ], [ 109.171111504305614, -6.850395028017842 ], [ 109.171038293246312, -6.850354475712539 ], [ 109.170909006012479, -6.850282862087385 ], [ 109.170876740925991, -6.850240641970003 ], [ 109.170819260763082, -6.850165427408006 ], [ 109.170630374599185, -6.849918263777538 ], [ 109.170626030467034, -6.849912579114137 ], [ 109.170569473931664, -6.849838573291884 ] ] ] } },
{ "type": "Feature", "properties": { "OBJECTID_1": 1913, "OBJECTID": 29, "ID": 0, "TAHUN": 2017, "DATE": "2017-01-01", "NAMA_TITIK": "T40", "ZONA": "SEL TIMUR", "SHAPE_LENG": 202.80939762599999, "TRANSECTID": 44, "TRANSORDER": 44, "SHORELINEI": "2017-01-01", "BASELINEID": 1, "DISTANCE": 293.01, "INTERSECTX": 297675.93810099992, "INTERSECTY": 9242580.9620900005, "UNCERTAINT": 10, "NAMA_TITI2": "T40", "D_TAHUN": 0.0, "LRR": -2.39, "SKOR_SHORE": 5, "RASTERVALU": 1.31742, "SKOR_SLOPE": 5, "RASTERVA_1": -2.87668, "SKOR_ELEV": 5, "GEOM_LAP": "Tambak", "SKOR_GEOM": 5, "KATEGORI": "Abrasi Tinggi", "GELOMBANG": 0.26906780810917102, "PASUT": 0.854, "SLR": 4.69, "SKOR_GEL": 4, "SKOR_PASUT": 4, "SKOR_SLR": 5, "CVI": 136.93063937629, "KELAS_CVI": 5, "KELAS_CV_1": "Sangat Tinggi", "LAHAN": "Tambak", "JENIS": "Natural", "SKOR_LAHAN": 3, "DELTA_D": 3.01, "D_MEAN": -7.7022222222222139, "D_MEDIAN": -1.03, "TSS_MIN_MG": 10.4, "TSS_RATA_R": 21.7, "TSS_MEDIAN": 18.5, "TSS_MAKS_M": 148.1, "TSS_STDDEV": 10.7, "HS": 0.269067808, "MWP_MEAN_S": 3.7004, "MWD_CIRCUL": 21.93, "JARAK_MUAR": 727.664323427044, "NAMA_SUNGA": "Kali Ketiwon", "MUARA_ID": "M5", "RESPON": "Abrasi", "TSS__BATAS": 30.4, "PROKSI_NER": "Defisit/Erosi" }, "geometry": { "type": "MultiLineString", "coordinates": [ [ [ 109.169089164131094, -6.848792406864017 ], [ 109.168914653567427, -6.848659695315664 ], [ 109.168640862179828, -6.848451481370449 ], [ 109.168279802440779, -6.848176900128241 ], [ 109.168214060548024, -6.848126905034848 ], [ 109.168129237181333, -6.848084493548792 ], [ 109.168025297341188, -6.848032523747605 ], [ 109.16797788804945, -6.84800881886032 ], [ 109.167805381906774, -6.847922566303481 ], [ 109.167675070768084, -6.847857411057707 ], [ 109.167653007450483, -6.847816680889871 ], [ 109.167612046464583, -6.847741062580494 ] ] ] } },
{ "type": "Feature", "properties": { "OBJECTID_1": 1914, "OBJECTID": 29, "ID": 0, "TAHUN": 2017, "DATE": "2017-01-01", "NAMA_TITIK": "T41", "ZONA": "SEL TIMUR", "SHAPE_LENG": 208.06228714599999, "TRANSECTID": 45, "TRANSORDER": 45, "SHORELINEI": "2017-01-01", "BASELINEID": 1, "DISTANCE": 280.16, "INTERSECTX": 297840.01417699998, "INTERSECTY": 9242465.8786500003, "UNCERTAINT": 10, "NAMA_TITI2": "T41", "D_TAHUN": 0.0, "LRR": -2.12, "SKOR_SHORE": 5, "RASTERVALU": 9.05717, "SKOR_SLOPE": 2, "RASTERVA_1": -1.62402, "SKOR_ELEV": 5, "GEOM_LAP": "Tambak", "SKOR_GEOM": 5, "KATEGORI": "Abrasi Tinggi", "GELOMBANG": 0.26906780810917102, "PASUT": 0.854, "SLR": 4.69, "SKOR_GEL": 4, "SKOR_PASUT": 4, "SKOR_SLR": 5, "CVI": 86.602540378439997, "KELAS_CVI": 5, "KELAS_CV_1": "Sangat Tinggi", "LAHAN": "Tambak", "JENIS": "Natural", "SKOR_LAHAN": 3, "DELTA_D": 1.1, "D_MEAN": -7.7022222222222139, "D_MEDIAN": -1.03, "TSS_MIN_MG": 10.4, "TSS_RATA_R": 21.7, "TSS_MEDIAN": 18.5, "TSS_MAKS_M": 148.1, "TSS_STDDEV": 10.7, "HS": 0.269067808, "MWP_MEAN_S": 3.7004, "MWD_CIRCUL": 21.93, "JARAK_MUAR": 936.29342666807304, "NAMA_SUNGA": "Kali Ketiwon", "MUARA_ID": "M5", "RESPON": "Abrasi", "TSS__BATAS": 30.4, "PROKSI_NER": "Defisit/Erosi" }, "geometry": { "type": "MultiLineString", "coordinates": [ [ [ 109.170569473931664, -6.849838573291884 ], [ 109.170540011972136, -6.849800021130781 ], [ 109.170517553194173, -6.84977063298507 ], [ 109.170493243708947, -6.84973882280469 ], [ 109.170446378239518, -6.849677497525756 ], [ 109.170411181438155, -6.849631440771407 ], [ 109.170244969542765, -6.849413947247355 ], [ 109.170133153821268, -6.849267633080396 ], [ 109.170120234875583, -6.84925072779826 ], [ 109.170110753600753, -6.849238321099752 ], [ 109.170093152882984, -6.849232400601749 ], [ 109.170072736916637, -6.849225533586191 ], [ 109.170060087277307, -6.849221278400355 ], [ 109.170046928978053, -6.84921685220096 ], [ 109.16998192080176, -6.849194985482185 ], [ 109.169753959930404, -6.84911830695496 ], [ 109.169732563702198, -6.849111109795457 ], [ 109.169597780671353, -6.849065773147706 ], [ 109.169524684595288, -6.849041185722331 ], [ 109.169494066553952, -6.849030886547486 ], [ 109.169439050032508, -6.84901238058197 ], [ 109.169388475928088, -6.848995368916417 ], [ 109.169330336088152, -6.848975812173518 ], [ 109.169328401248279, -6.848974340982886 ], [ 109.169318888515051, -6.848967106800965 ], [ 109.169274742618484, -6.848933534780655 ], [ 109.169123912730427, -6.848818832852889 ], [ 109.169089164131094, -6.848792406864017 ] ] ] } },
{ "type": "Feature", "properties": { "OBJECTID_1": 1922, "OBJECTID": 29, "ID": 0, "TAHUN": 2017, "DATE": "2017-01-01", "NAMA_TITIK": "T51", "ZONA": "SEL BARAT", "SHAPE_LENG": 207.14344024, "TRANSECTID": 20, "TRANSORDER": 20, "SHORELINEI": "2017-01-01", "BASELINEID": 1, "DISTANCE": 253.81, "INTERSECTX": 292991.08976599999, "INTERSECTY": 9242624.3692000005, "UNCERTAINT": 10, "NAMA_TITI2": "T51", "D_TAHUN": 0.0, "LRR": 0.72, "SKOR_SHORE": 3, "RASTERVALU": 2.59289, "SKOR_SLOPE": 4, "RASTERVA_1": -2.65623, "SKOR_ELEV": 5, "GEOM_LAP": "Aluvial", "SKOR_GEOM": 4, "KATEGORI": "Stabil", "GELOMBANG": 0.26906780810917102, "PASUT": 0.854, "SLR": 4.69, "SKOR_GEL": 4, "SKOR_PASUT": 4, "SKOR_SLR": 5, "CVI": 97.979589711329993, "KELAS_CVI": 5, "KELAS_CV_1": "Sangat Tinggi", "LAHAN": "Muara", "JENIS": "Natural", "SKOR_LAHAN": 4, "DELTA_D": 7.76, "D_MEAN": 3.469, "D_MEDIAN": -0.47000000000001302, "TSS_MIN_MG": 8.8, "TSS_RATA_R": 14.3, "TSS_MEDIAN": 13.4, "TSS_MAKS_M": 62.8, "TSS_STDDEV": 3.7, "HS": 0.269067808, "MWP_MEAN_S": 3.7004, "MWD_CIRCUL": 21.93, "JARAK_MUAR": 19.716633507029201, "NAMA_SUNGA": "Kali Sibelis", "MUARA_ID": "M3", "RESPON": "Stabil", "TSS__BATAS": 30.4, "PROKSI_NER": "Relatif Seimbang" }, "geometry": { "type": "MultiLineString", "coordinates": [ [ [ 109.126710887368532, -6.848236624050458 ], [ 109.12671037292634, -6.84823678298026 ], [ 109.126694697913138, -6.848241605987373 ], [ 109.126694535791728, -6.848241655986678 ], [ 109.126680522741907, -6.848245968309477 ], [ 109.126664024442718, -6.848251044879024 ], [ 109.126622382902738, -6.848263857718785 ], [ 109.12652594990486, -6.848293529637369 ], [ 109.126455500635018, -6.848315207257524 ], [ 109.126440759400069, -6.848319742765661 ], [ 109.126414767509075, -6.848327740625235 ], [ 109.126388176043804, -6.848335922396259 ], [ 109.12637374908627, -6.848340361481284 ], [ 109.126327962128769, -6.848354450130313 ], [ 109.126287343119898, -6.848366947765143 ], [ 109.126275568062752, -6.848370570812 ], [ 109.126265598977838, -6.848373638531476 ], [ 109.126252163765571, -6.848377772266763 ], [ 109.126242012633057, -6.848380896236019 ], [ 109.126239855244364, -6.848381560496552 ], [ 109.126229687811261, -6.848384688922605 ], [ 109.126208423689846, -6.848391232376198 ], [ 109.126203510246668, -6.848392743909156 ], [ 109.126145132164098, -6.848392867090513 ], [ 109.12591864335505, -6.848393343735703 ], [ 109.125908603841495, -6.848393365162035 ], [ 109.125905005248569, -6.848393372827942 ], [ 109.125866227653447, -6.84839345487299 ], [ 109.125841771153944, -6.848393506871872 ], [ 109.125596416459359, -6.848394023712004 ], [ 109.125477347215025, -6.848394274459395 ], [ 109.125200576813853, -6.84839485752078 ], [ 109.124860552497708, -6.848395573355315 ] ] ] } },
{ "type": "Feature", "properties": { "OBJECTID_1": 1934, "OBJECTID": 29, "ID": 0, "TAHUN": 2017, "DATE": "2017-01-01", "NAMA_TITIK": "T39", "ZONA": "SEL TIMUR", "SHAPE_LENG": 210.46951586899999, "TRANSECTID": 43, "TRANSORDER": 43, "SHORELINEI": "2017-01-01", "BASELINEID": 1, "DISTANCE": 306.53, "INTERSECTX": 297512.21179099998, "INTERSECTY": 9242696.6192400008, "UNCERTAINT": 10, "NAMA_TITI2": "T39", "D_TAHUN": 0.0, "LRR": -3.6, "SKOR_SHORE": 5, "RASTERVALU": 0.000339, "SKOR_SLOPE": 5, "RASTERVA_1": -2.9425, "SKOR_ELEV": 5, "GEOM_LAP": "Pasir_Halus", "SKOR_GEOM": 3, "KATEGORI": "Abrasi Tinggi", "GELOMBANG": 0.26906780810917102, "PASUT": 0.854, "SLR": 4.69, "SKOR_GEL": 4, "SKOR_PASUT": 4, "SKOR_SLR": 5, "CVI": 86.602540378439997, "KELAS_CVI": 5, "KELAS_CV_1": "Sangat Tinggi", "LAHAN": "Pantai", "JENIS": "Natural", "SKOR_LAHAN": 2, "DELTA_D": -0.12000000000000501, "D_MEAN": -7.7022222222222139, "D_MEDIAN": -1.03, "TSS_MIN_MG": 10.4, "TSS_RATA_R": 21.7, "TSS_MEDIAN": 18.5, "TSS_MAKS_M": 148.1, "TSS_STDDEV": 10.7, "HS": 0.269067808, "MWP_MEAN_S": 3.7004, "MWD_CIRCUL": 21.93, "JARAK_MUAR": 535.47677602736997, "NAMA_SUNGA": "Kali Ketiwon", "MUARA_ID": "M5", "RESPON": "Abrasi", "TSS__BATAS": 30.4, "PROKSI_NER": "Defisit/Erosi" }, "geometry": { "type": "MultiLineString", "coordinates": [ [ [ 109.167612046464583, -6.847741062580494 ], [ 109.167611796735898, -6.847740601416192 ], [ 109.167610876868949, -6.847738903532582 ], [ 109.167487949953355, -6.847511968869711 ], [ 109.167451561384766, -6.847444791954655 ], [ 109.167397363919704, -6.84734473826051 ], [ 109.167393602712636, -6.847337795421273 ], [ 109.1673746087382, -6.847331701366309 ], [ 109.167203157024403, -6.847276691975553 ], [ 109.167109208182112, -6.847246548337808 ], [ 109.16700479469597, -6.847213047454324 ], [ 109.166992636826123, -6.847209146701926 ], [ 109.166646715010216, -6.847098158635274 ], [ 109.166583829573753, -6.84707370385384 ], [ 109.16649863823946, -6.847040574565389 ], [ 109.16630684488274, -6.846965989340474 ], [ 109.166030966885359, -6.846858704775906 ] ] ] } },
{ "type": "Feature", "properties": { "OBJECTID_1": 1943, "OBJECTID": 29, "ID": 0, "TAHUN": 2017, "DATE": "2017-01-01", "NAMA_TITIK": "T37", "ZONA": "SEL TIMUR", "SHAPE_LENG": 226.653772344, "TRANSECTID": 41, "TRANSORDER": 41, "SHORELINEI": "2017-01-01", "BASELINEID": 1, "DISTANCE": 263.03, "INTERSECTX": 297166.81963500002, "INTERSECTY": 9242859.0355900005, "UNCERTAINT": 10, "NAMA_TITI2": "T37", "D_TAHUN": 0.0, "LRR": -4.54, "SKOR_SHORE": 5, "RASTERVALU": 0.000345, "SKOR_SLOPE": 5, "RASTERVA_1": -2.94128, "SKOR_ELEV": 5, "GEOM_LAP": "Pasir_Halus", "SKOR_GEOM": 3, "KATEGORI": "Abrasi Tinggi", "GELOMBANG": 0.26906780810917102, "PASUT": 0.854, "SLR": 4.69, "SKOR_GEL": 4, "SKOR_PASUT": 4, "SKOR_SLR": 5, "CVI": 86.602540378439997, "KELAS_CVI": 5, "KELAS_CV_1": "Sangat Tinggi", "LAHAN": "Pantai", "JENIS": "Natural", "SKOR_LAHAN": 2, "DELTA_D": -61.11, "D_MEAN": -7.7022222222222139, "D_MEDIAN": -1.03, "TSS_MIN_MG": 10.4, "TSS_RATA_R": 21.7, "TSS_MEDIAN": 18.5, "TSS_MAKS_M": 148.1, "TSS_STDDEV": 10.7, "HS": 0.269067808, "MWP_MEAN_S": 3.7004, "MWD_CIRCUL": 21.93, "JARAK_MUAR": 155.29372815372599, "NAMA_SUNGA": "Kali Ketiwon", "MUARA_ID": "M5", "RESPON": "Abrasi", "TSS__BATAS": 30.4, "PROKSI_NER": "Defisit/Erosi" }, "geometry": { "type": "MultiLineString", "coordinates": [ [ [ 109.164493167697231, -6.846260677788756 ], [ 109.164470290102216, -6.846251781322169 ], [ 109.164441136462415, -6.846240443199011 ], [ 109.16444113625397, -6.846229847484796 ], [ 109.16444113599249, -6.846102584999799 ], [ 109.164441136145257, -6.846004796845058 ], [ 109.164441135992746, -6.845872057933357 ], [ 109.164441135931327, -6.845799411427939 ], [ 109.164441135809213, -6.845701454195336 ], [ 109.163982321874826, -6.845315725047631 ], [ 109.16390297764049, -6.845249019612756 ], [ 109.163756818201165, -6.845182848324643 ], [ 109.163739700586831, -6.84517509859768 ], [ 109.163282274472948, -6.844968006820149 ], [ 109.163218781790079, -6.844939261021985 ], [ 109.163217952774474, -6.844938886250408 ] ] ] } },
{ "type": "Feature", "properties": { "OBJECTID_1": 1944, "OBJECTID": 29, "ID": 0, "TAHUN": 2017, "DATE": "2017-01-01", "NAMA_TITIK": "T38", "ZONA": "SEL TIMUR", "SHAPE_LENG": 182.40743701100001, "TRANSECTID": 42, "TRANSORDER": 42, "SHORELINEI": "2017-01-01", "BASELINEID": 1, "DISTANCE": 298.12, "INTERSECTX": 297337.063823, "INTERSECTY": 9242793.5421600007, "UNCERTAINT": 10, "NAMA_TITI2": "T38", "D_TAHUN": 0.0, "LRR": -4.04, "SKOR_SHORE": 5, "RASTERVALU": 0.000344, "SKOR_SLOPE": 5, "RASTERVA_1": -2.94192, "SKOR_ELEV": 5, "GEOM_LAP": "Pasir_Halus", "SKOR_GEOM": 3, "KATEGORI": "Abrasi Tinggi", "GELOMBANG": 0.26906780810917102, "PASUT": 0.854, "SLR": 4.69, "SKOR_GEL": 4, "SKOR_PASUT": 4, "SKOR_SLR": 5, "CVI": 86.602540378439997, "KELAS_CVI": 5, "KELAS_CV_1": "Sangat Tinggi", "LAHAN": "Pantai", "JENIS": "Natural", "SKOR_LAHAN": 2, "DELTA_D": -26.76, "D_MEAN": -7.7022222222222139, "D_MEDIAN": -1.03, "TSS_MIN_MG": 10.4, "TSS_RATA_R": 21.7, "TSS_MEDIAN": 18.5, "TSS_MAKS_M": 148.1, "TSS_STDDEV": 10.7, "HS": 0.269067808, "MWP_MEAN_S": 3.7004, "MWD_CIRCUL": 21.93, "JARAK_MUAR": 355.43647958132902, "NAMA_SUNGA": "Kali Ketiwon", "MUARA_ID": "M5", "RESPON": "Abrasi", "TSS__BATAS": 30.4, "PROKSI_NER": "Defisit/Erosi" }, "geometry": { "type": "MultiLineString", "coordinates": [ [ [ 109.166030966885359, -6.846858704775906 ], [ 109.165577337641281, -6.846682295922562 ], [ 109.165316863871965, -6.846581001934221 ], [ 109.165311982491374, -6.846579103578903 ], [ 109.164526116961596, -6.846273491504966 ], [ 109.164493167697231, -6.846260677788756 ] ] ] } },
{ "type": "Feature", "properties": { "OBJECTID_1": 1958, "OBJECTID": 29, "ID": 0, "TAHUN": 2017, "DATE": "2017-01-01", "NAMA_TITIK": "T05", "ZONA": "SEL BARAT", "SHAPE_LENG": 200.61816172799999, "TRANSECTID": 6, "TRANSORDER": 6, "SHORELINEI": "2017-01-01", "BASELINEID": 1, "DISTANCE": 329.93, "INTERSECTX": 290415.420124, "INTERSECTY": 9243560.1564300004, "UNCERTAINT": 10, "NAMA_TITI2": "T05", "D_TAHUN": 0.0, "LRR": -1.47, "SKOR_SHORE": 4, "RASTERVALU": 6.15341, "SKOR_SLOPE": 3, "RASTERVA_1": -2.46219, "SKOR_ELEV": 5, "GEOM_LAP": "Pasir_Halus", "SKOR_GEOM": 3, "KATEGORI": "Abrasi Sedang", "GELOMBANG": 0.26906780810917102, "PASUT": 0.854, "SLR": 4.69, "SKOR_GEL": 4, "SKOR_PASUT": 4, "SKOR_SLR": 5, "CVI": 84.852813742389998, "KELAS_CVI": 5, "KELAS_CV_1": "Sangat Tinggi", "LAHAN": "Muara", "JENIS": "Natural", "SKOR_LAHAN": 4, "DELTA_D": 43.74, "D_MEAN": 3.469, "D_MEDIAN": -0.47000000000001302, "TSS_MIN_MG": 8.8, "TSS_RATA_R": 14.3, "TSS_MEDIAN": 13.4, "TSS_MAKS_M": 62.8, "TSS_STDDEV": 3.7, "HS": 0.269067808, "MWP_MEAN_S": 3.7004, "MWD_CIRCUL": 21.93, "JARAK_MUAR": 4.2768385923696401, "NAMA_SUNGA": "KaliGangsa", "MUARA_ID": "M1", "RESPON": "Stabil", "TSS__BATAS": 30.4, "PROKSI_NER": "Relatif Seimbang" }, "geometry": { "type": "MultiLineString", "coordinates": [ [ [ 109.103444877677703, -6.839684754849387 ], [ 109.103194992718628, -6.839581751035709 ], [ 109.101767203595955, -6.838993207511752 ] ] ] } },
{ "type": "Feature", "properties": { "OBJECTID_1": 1959, "OBJECTID": 29, "ID": 0, "TAHUN": 2017, "DATE": "2017-01-01", "NAMA_TITIK": "T03", "ZONA": "SEL BARAT", "SHAPE_LENG": 201.74796795500001, "TRANSECTID": 3, "TRANSORDER": 3, "SHORELINEI": "2017-01-01", "BASELINEID": 1, "DISTANCE": 310.05, "INTERSECTX": 289947.84276299999, "INTERSECTY": 9243742.4393600002, "UNCERTAINT": 10, "NAMA_TITI2": "T03", "D_TAHUN": 0.0, "LRR": -3.26, "SKOR_SHORE": 5, "RASTERVALU": 6.99672, "SKOR_SLOPE": 3, "RASTERVA_1": -1.58426, "SKOR_ELEV": 5, "GEOM_LAP": "Pasir_Halus", "SKOR_GEOM": 3, "KATEGORI": "Abrasi Tinggi", "GELOMBANG": 0.26906780810917102, "PASUT": 0.854, "SLR": 4.69, "SKOR_GEL": 4, "SKOR_PASUT": 4, "SKOR_SLR": 5, "CVI": 67.082039324990006, "KELAS_CVI": 4, "KELAS_CV_1": "Tinggi", "LAHAN": "Pantai", "JENIS": "Natural", "SKOR_LAHAN": 2, "DELTA_D": 2.42, "D_MEAN": 3.469, "D_MEDIAN": -0.47000000000001302, "TSS_MIN_MG": 8.8, "TSS_RATA_R": 14.3, "TSS_MEDIAN": 13.4, "TSS_MAKS_M": 62.8, "TSS_STDDEV": 3.7, "HS": 0.269067808, "MWP_MEAN_S": 3.7004, "MWD_CIRCUL": 21.93, "JARAK_MUAR": 387.64661320961198, "NAMA_SUNGA": "KaliGangsa", "MUARA_ID": "M1", "RESPON": "Stabil", "TSS__BATAS": 30.4, "PROKSI_NER": "Relatif Seimbang" }, "geometry": { "type": "MultiLineString", "coordinates": [ [ [ 109.099221815352266, -6.838020042914341 ], [ 109.098939510385648, -6.837878890362612 ], [ 109.098262584150007, -6.837540427748866 ], [ 109.097875973578979, -6.837347121908734 ], [ 109.097625256304553, -6.83714820042971 ] ] ] } },
{ "type": "Feature", "properties": { "OBJECTID_1": 1960, "OBJECTID": 29, "ID": 0, "TAHUN": 2017, "DATE": "2017-01-01", "NAMA_TITIK": "T44", "ZONA": "SEL BARAT", "SHAPE_LENG": 94.782430567700004, "TRANSECTID": 5, "TRANSORDER": 5, "SHORELINEI": "2017-01-01", "BASELINEID": 1, "DISTANCE": 345.67, "INTERSECTX": 290229.65537599998, "INTERSECTY": 9243635.9134599995, "UNCERTAINT": 10, "NAMA_TITI2": "T44", "D_TAHUN": 0.0, "LRR": -2.33, "SKOR_SHORE": 5, "RASTERVALU": 0.013365, "SKOR_SLOPE": 5, "RASTERVA_1": -2.91714, "SKOR_ELEV": 5, "GEOM_LAP": "Aluvial", "SKOR_GEOM": 4, "KATEGORI": "Abrasi Tinggi", "GELOMBANG": 0.26906780810917102, "PASUT": 0.854, "SLR": 4.69, "SKOR_GEL": 4, "SKOR_PASUT": 4, "SKOR_SLR": 5, "CVI": 141.42135623730999, "KELAS_CVI": 5, "KELAS_CV_1": "Sangat Tinggi", "LAHAN": "Muara", "JENIS": "Natural", "SKOR_LAHAN": 4, "DELTA_D": 40.72, "D_MEAN": 3.469, "D_MEDIAN": -0.47000000000001302, "TSS_MIN_MG": 8.8, "TSS_RATA_R": 14.3, "TSS_MEDIAN": 13.4, "TSS_MAKS_M": 62.8, "TSS_STDDEV": 3.7, "HS": 0.269067808, "MWP_MEAN_S": 3.7004, "MWD_CIRCUL": 21.93, "JARAK_MUAR": 61.827697463302599, "NAMA_SUNGA": "KaliGangsa", "MUARA_ID": "M1", "RESPON": "Stabil", "TSS__BATAS": 30.4, "PROKSI_NER": "Relatif Seimbang" }, "geometry": { "type": "MultiLineString", "coordinates": [ [ [ 109.101767203595955, -6.838993207511752 ], [ 109.101700079491337, -6.838965538946043 ], [ 109.101536396970019, -6.838898067249374 ], [ 109.101525421404716, -6.838893543147421 ], [ 109.101176357400462, -6.838749655466055 ], [ 109.100974585302112, -6.838666483427298 ] ] ] } },
{ "type": "Feature", "properties": { "OBJECTID_1": 1961, "OBJECTID": 29, "ID": 0, "TAHUN": 2017, "DATE": "2017-01-01", "NAMA_TITIK": "T04", "ZONA": "SEL BARAT", "SHAPE_LENG": 206.87890449700001, "TRANSECTID": 4, "TRANSORDER": 4, "SHORELINEI": "2017-01-01", "BASELINEID": 1, "DISTANCE": 361.6, "INTERSECTX": 290141.89044699998, "INTERSECTY": 9243671.7050299998, "UNCERTAINT": 10, "NAMA_TITI2": "T04", "D_TAHUN": 0.0, "LRR": -3.32, "SKOR_SHORE": 5, "RASTERVALU": 6.89058, "SKOR_SLOPE": 3, "RASTERVA_1": -2.22393, "SKOR_ELEV": 5, "GEOM_LAP": "Pasir_Halus", "SKOR_GEOM": 3, "KATEGORI": "Abrasi Tinggi", "GELOMBANG": 0.26906780810917102, "PASUT": 0.854, "SLR": 4.69, "SKOR_GEL": 4, "SKOR_PASUT": 4, "SKOR_SLR": 5, "CVI": 67.082039324990006, "KELAS_CVI": 4, "KELAS_CV_1": "Tinggi", "LAHAN": "Pantai", "JENIS": "Natural", "SKOR_LAHAN": 2, "DELTA_D": 39.4, "D_MEAN": 3.469, "D_MEDIAN": -0.47000000000001302, "TSS_MIN_MG": 8.8, "TSS_RATA_R": 14.3, "TSS_MEDIAN": 13.4, "TSS_MAKS_M": 62.8, "TSS_STDDEV": 3.7, "HS": 0.269067808, "MWP_MEAN_S": 3.7004, "MWD_CIRCUL": 21.93, "JARAK_MUAR": 191.803552089433, "NAMA_SUNGA": "KaliGangsa", "MUARA_ID": "M1", "RESPON": "Stabil", "TSS__BATAS": 30.4, "PROKSI_NER": "Relatif Seimbang" }, "geometry": { "type": "MultiLineString", "coordinates": [ [ [ 109.100974585302112, -6.838666483427298 ], [ 109.10082567889441, -6.838605102114879 ], [ 109.100700211049386, -6.838553383341015 ], [ 109.100618965113725, -6.838519892470258 ], [ 109.100482358394288, -6.838475698047548 ], [ 109.100474503074707, -6.83847315631179 ], [ 109.100277287116313, -6.838409354634472 ], [ 109.100271272083404, -6.838407408739884 ], [ 109.100256452227754, -6.838402614479545 ], [ 109.100253920819682, -6.838401795303059 ], [ 109.1002198416613, -6.838390769794178 ], [ 109.10007777200812, -6.838344807863328 ], [ 109.100015508584548, -6.838324665177149 ], [ 109.099989418462073, -6.838316224418067 ], [ 109.099845315252651, -6.838269604342714 ], [ 109.099840039229946, -6.838267897335689 ], [ 109.099672418911979, -6.838213670259057 ], [ 109.099640787177918, -6.838203436440177 ], [ 109.099614260716947, -6.838194854707513 ], [ 109.099606503883038, -6.838192344992952 ], [ 109.099501970921864, -6.838158526948229 ], [ 109.099492941159724, -6.838155605353473 ], [ 109.099221815352266, -6.838020042914341 ] ] ] } },
{ "type": "Feature", "properties": { "OBJECTID_1": 1962, "OBJECTID": 29, "ID": 0, "TAHUN": 2017, "DATE": "2017-01-01", "NAMA_TITIK": "T02", "ZONA": "SEL BARAT", "SHAPE_LENG": 200.75454809499999, "TRANSECTID": 2, "TRANSORDER": 2, "SHORELINEI": "2017-01-01", "BASELINEID": 1, "DISTANCE": 288.82, "INTERSECTX": 289770.96472, "INTERSECTY": 9243838.1721299998, "UNCERTAINT": 10, "NAMA_TITI2": "T02", "D_TAHUN": 0.0, "LRR": -2.19, "SKOR_SHORE": 5, "RASTERVALU": 6.56471, "SKOR_SLOPE": 3, "RASTERVA_1": -1.78074, "SKOR_ELEV": 5, "GEOM_LAP": "Pasir_Halus", "SKOR_GEOM": 3, "KATEGORI": "Abrasi Tinggi", "GELOMBANG": 0.26906780810917102, "PASUT": 0.854, "SLR": 4.69, "SKOR_GEL": 4, "SKOR_PASUT": 4, "SKOR_SLR": 5, "CVI": 67.082039324990006, "KELAS_CVI": 4, "KELAS_CV_1": "Tinggi", "LAHAN": "Pantai", "JENIS": "Natural", "SKOR_LAHAN": 2, "DELTA_D": -8.41, "D_MEAN": 3.469, "D_MEDIAN": -0.47000000000001302, "TSS_MIN_MG": 8.8, "TSS_RATA_R": 14.3, "TSS_MEDIAN": 13.4, "TSS_MAKS_M": 62.8, "TSS_STDDEV": 3.7, "HS": 0.269067808, "MWP_MEAN_S": 3.7004, "MWD_CIRCUL": 21.93, "JARAK_MUAR": 579.82548354246296, "NAMA_SUNGA": "KaliGangsa", "MUARA_ID": "M1", "RESPON": "Stabil", "TSS__BATAS": 30.4, "PROKSI_NER": "Relatif Seimbang" }, "geometry": { "type": "MultiLineString", "coordinates": [ [ [ 109.097625256304553, -6.83714820042971 ], [ 109.097204300769846, -6.83681421022151 ], [ 109.096565755204054, -6.836307581385649 ], [ 109.096523877806263, -6.836269628345519 ], [ 109.096470401001696, -6.836221164315597 ], [ 109.096326175933569, -6.836090456719456 ], [ 109.096222593452723, -6.835996581596528 ] ] ] } },
{ "type": "Feature", "properties": { "OBJECTID_1": 1963, "OBJECTID": 29, "ID": 0, "TAHUN": 2017, "DATE": "2017-01-01", "NAMA_TITIK": "T01", "ZONA": "SEL BARAT", "SHAPE_LENG": 75.029837767800004, "TRANSECTID": 1, "TRANSORDER": 1, "SHORELINEI": "2017-01-01", "BASELINEID": 1, "DISTANCE": 305.24, "INTERSECTX": 289615.39846699999, "INTERSECTY": 9243964.9341800008, "UNCERTAINT": 10, "NAMA_TITI2": "T01", "D_TAHUN": 0.0, "LRR": -0.96, "SKOR_SHORE": 3, "RASTERVALU": 0.111227, "SKOR_SLOPE": 5, "RASTERVA_1": -2.91494, "SKOR_ELEV": 5, "GEOM_LAP": "Pasir_Halus", "SKOR_GEOM": 3, "KATEGORI": "Stabil", "GELOMBANG": 0.26906780810917102, "PASUT": 0.854, "SLR": 4.69, "SKOR_GEL": 4, "SKOR_PASUT": 4, "SKOR_SLR": 5, "CVI": 67.082039324990006, "KELAS_CVI": 4, "KELAS_CV_1": "Sangat Tinggi", "LAHAN": "Pantai", "JENIS": "Natural", "SKOR_LAHAN": 2, "DELTA_D": 5.25, "D_MEAN": 3.469, "D_MEDIAN": -0.47000000000001302, "TSS_MIN_MG": 8.8, "TSS_RATA_R": 14.3, "TSS_MEDIAN": 13.4, "TSS_MAKS_M": 62.8, "TSS_STDDEV": 3.7, "HS": 0.269067808, "MWP_MEAN_S": 3.7004, "MWD_CIRCUL": 21.93, "JARAK_MUAR": 778.10088489128304, "NAMA_SUNGA": "KaliGangsa", "MUARA_ID": "M1", "RESPON": "Stabil", "TSS__BATAS": 30.4, "PROKSI_NER": "Relatif Seimbang" }, "geometry": { "type": "MultiLineString", "coordinates": [ [ [ 109.096222593452723, -6.835996581596528 ], [ 109.096049228992129, -6.835839464373341 ], [ 109.095719811596652, -6.835540919581554 ] ] ] } },
{ "type": "Feature", "properties": { "OBJECTID_1": 1966, "OBJECTID": 30, "ID": 0, "TAHUN": 2018, "DATE": "2018-01-01", "NAMA_TITIK": "T42", "ZONA": "SEL TIMUR", "SHAPE_LENG": 224.714762772, "TRANSECTID": 46, "TRANSORDER": 46, "SHORELINEI": "2018-01-01", "BASELINEID": 1, "DISTANCE": 264.88, "INTERSECTX": 298009.70616599999, "INTERSECTY": 9242341.3018900007, "UNCERTAINT": 10, "NAMA_TITI2": "T42", "D_TAHUN": 0.0, "LRR": -1.48, "SKOR_SHORE": 4, "RASTERVALU": 10.6361, "SKOR_SLOPE": 2, "RASTERVA_1": -1.41562, "SKOR_ELEV": 5, "GEOM_LAP": "Tambak", "SKOR_GEOM": 5, "KATEGORI": "Abrasi Sedang", "GELOMBANG": 0.270276146776535, "PASUT": 0.876, "SLR": 4.69, "SKOR_GEL": 4, "SKOR_PASUT": 3, "SKOR_SLR": 5, "CVI": 67.082039324990006, "KELAS_CVI": 4, "KELAS_CV_1": "Tinggi", "LAHAN": "Tambak", "JENIS": "Natural", "SKOR_LAHAN": 3, "DELTA_D": -2.73, "D_MEAN": -4.3794444444444496, "D_MEDIAN": -2.87, "TSS_MIN_MG": 9.7, "TSS_RATA_R": 21.7, "TSS_MEDIAN": 19.6, "TSS_MAKS_M": 175.4, "TSS_STDDEV": 10.9, "HS": 0.270276147, "MWP_MEAN_S": 3.7042, "MWD_CIRCUL": 31.54, "JARAK_MUAR": 1130.0451134499999, "NAMA_SUNGA": "Kali Ketiwon", "MUARA_ID": "M5", "RESPON": "Abrasi", "TSS__BATAS": 30.4, "PROKSI_NER": "Defisit/Erosi" }, "geometry": { "type": "MultiLineString", "coordinates": [ [ [ 109.172206371229763, -6.851046922608237 ], [ 109.170555214393744, -6.849861748451014 ] ] ] } },
{ "type": "Feature", "properties": { "OBJECTID_1": 1983, "OBJECTID": 30, "ID": 0, "TAHUN": 2018, "DATE": "2018-01-01", "NAMA_TITIK": "T40", "ZONA": "SEL TIMUR", "SHAPE_LENG": 200.31676714899999, "TRANSECTID": 44, "TRANSORDER": 44, "SHORELINEI": "2018-01-01", "BASELINEID": 1, "DISTANCE": 290.99, "INTERSECTX": 297674.88414699998, "INTERSECTY": 9242579.23336, "UNCERTAINT": 10, "NAMA_TITI2": "T40", "D_TAHUN": 0.0, "LRR": -2.39, "SKOR_SHORE": 5, "RASTERVALU": 1.31742, "SKOR_SLOPE": 5, "RASTERVA_1": -2.87668, "SKOR_ELEV": 5, "GEOM_LAP": "Tambak", "SKOR_GEOM": 5, "KATEGORI": "Abrasi Tinggi", "GELOMBANG": 0.270276146776535, "PASUT": 0.876, "SLR": 4.69, "SKOR_GEL": 4, "SKOR_PASUT": 3, "SKOR_SLR": 5, "CVI": 118.58541225630999, "KELAS_CVI": 5, "KELAS_CV_1": "Sangat Tinggi", "LAHAN": "Tambak", "JENIS": "Natural", "SKOR_LAHAN": 3, "DELTA_D": -2.02, "D_MEAN": -4.3794444444444496, "D_MEDIAN": -2.87, "TSS_MIN_MG": 9.7, "TSS_RATA_R": 21.7, "TSS_MEDIAN": 19.6, "TSS_MAKS_M": 175.4, "TSS_STDDEV": 10.9, "HS": 0.270276147, "MWP_MEAN_S": 3.7042, "MWD_CIRCUL": 31.54, "JARAK_MUAR": 727.664323427044, "NAMA_SUNGA": "Kali Ketiwon", "MUARA_ID": "M5", "RESPON": "Abrasi", "TSS__BATAS": 30.4, "PROKSI_NER": "Defisit/Erosi" }, "geometry": { "type": "MultiLineString", "coordinates": [ [ [ 109.16907957067167, -6.848808000362475 ], [ 109.167591723499143, -6.847774094160171 ] ] ] } },
{ "type": "Feature", "properties": { "OBJECTID_1": 1985, "OBJECTID": 30, "ID": 0, "TAHUN": 2018, "DATE": "2018-01-01", "NAMA_TITIK": "T41", "ZONA": "SEL TIMUR", "SHAPE_LENG": 200.48113455699999, "TRANSECTID": 45, "TRANSORDER": 45, "SHORELINEI": "2018-01-01", "BASELINEID": 1, "DISTANCE": 277.15, "INTERSECTX": 297838.44777099998, "INTERSECTY": 9242463.3093699999, "UNCERTAINT": 10, "NAMA_TITI2": "T41", "D_TAHUN": 0.0, "LRR": -2.12, "SKOR_SHORE": 5, "RASTERVALU": 9.05717, "SKOR_SLOPE": 2, "RASTERVA_1": -1.62402, "SKOR_ELEV": 5, "GEOM_LAP": "Tambak", "SKOR_GEOM": 5, "KATEGORI": "Abrasi Tinggi", "GELOMBANG": 0.270276146776535, "PASUT": 0.876, "SLR": 4.69, "SKOR_GEL": 4, "SKOR_PASUT": 3, "SKOR_SLR": 5, "CVI": 75.0, "KELAS_CVI": 4, "KELAS_CV_1": "Tinggi", "LAHAN": "Tambak", "JENIS": "Natural", "SKOR_LAHAN": 3, "DELTA_D": -3.01, "D_MEAN": -4.3794444444444496, "D_MEDIAN": -2.87, "TSS_MIN_MG": 9.7, "TSS_RATA_R": 21.7, "TSS_MEDIAN": 19.6, "TSS_MAKS_M": 175.4, "TSS_STDDEV": 10.9, "HS": 0.270276147, "MWP_MEAN_S": 3.7042, "MWD_CIRCUL": 31.54, "JARAK_MUAR": 936.29342666807304, "NAMA_SUNGA": "Kali Ketiwon", "MUARA_ID": "M5", "RESPON": "Abrasi", "TSS__BATAS": 30.4, "PROKSI_NER": "Defisit/Erosi" }, "geometry": { "type": "MultiLineString", "coordinates": [ [ [ 109.170555214393744, -6.849861748451014 ], [ 109.169951184046383, -6.849428182751302 ], [ 109.169770108424856, -6.849298208572478 ], [ 109.169654274250078, -6.849215063798667 ], [ 109.169653251189388, -6.849214329348044 ], [ 109.169495495026794, -6.849101093862517 ], [ 109.169370638359339, -6.849011472602832 ], [ 109.169357613738697, -6.849002123796927 ], [ 109.16935353773836, -6.848999197808685 ], [ 109.169317807320425, -6.848973551083977 ], [ 109.169259703467262, -6.848933174596433 ], [ 109.16907957067167, -6.848808000362475 ] ] ] } },
{ "type": "Feature", "properties": { "OBJECTID_1": 1990, "OBJECTID": 30, "ID": 0, "TAHUN": 2018, "DATE": "2018-01-01", "NAMA_TITIK": "T51", "ZONA": "SEL BARAT", "SHAPE_LENG": 206.291541628, "TRANSECTID": 20, "TRANSORDER": 20, "SHORELINEI": "2018-01-01", "BASELINEID": 1, "DISTANCE": 248.27, "INTERSECTX": 292990.32720900001, "INTERSECTY": 9242618.8812099993, "UNCERTAINT": 10, "NAMA_TITI2": "T51", "D_TAHUN": 0.0, "LRR": 0.72, "SKOR_SHORE": 3, "RASTERVALU": 2.59289, "SKOR_SLOPE": 4, "RASTERVA_1": -2.65623, "SKOR_ELEV": 5, "GEOM_LAP": "Aluvial", "SKOR_GEOM": 4, "KATEGORI": "Stabil", "GELOMBANG": 0.270276146776535, "PASUT": 0.876, "SLR": 4.69, "SKOR_GEL": 4, "SKOR_PASUT": 3, "SKOR_SLR": 5, "CVI": 84.852813742389998, "KELAS_CVI": 5, "KELAS_CV_1": "Tinggi", "LAHAN": "Muara", "JENIS": "Natural", "SKOR_LAHAN": 4, "DELTA_D": -5.54, "D_MEAN": -4.619, "D_MEDIAN": -3.295, "TSS_MIN_MG": 11.3, "TSS_RATA_R": 18.8, "TSS_MEDIAN": 17.3, "TSS_MAKS_M": 106.4, "TSS_STDDEV": 6.3, "HS": 0.270276147, "MWP_MEAN_S": 3.7042, "MWD_CIRCUL": 31.54, "JARAK_MUAR": 19.716633507029201, "NAMA_SUNGA": "Kali Sibelis", "MUARA_ID": "M3", "RESPON": "Abrasi", "TSS__BATAS": 30.4, "PROKSI_NER": "Defisit/Erosi" }, "geometry": { "type": "MultiLineString", "coordinates": [ [ [ 109.126703795256006, -6.848286215023868 ], [ 109.12664567830123, -6.848310293289164 ], [ 109.126631126635928, -6.848316322260077 ], [ 109.126561852189965, -6.848345023231196 ], [ 109.126556975658929, -6.848347043936857 ], [ 109.126550121155489, -6.848349883305921 ], [ 109.126548617059441, -6.848350506716491 ], [ 109.12653328978584, -6.848356857242639 ], [ 109.126477780520304, -6.848379855268728 ], [ 109.126472604074806, -6.848382000478091 ], [ 109.126464670428192, -6.848385286799153 ], [ 109.126444869829257, -6.848393490526005 ], [ 109.126399727944374, -6.848412192754657 ], [ 109.126344311514472, -6.848410938763632 ], [ 109.126342460831594, -6.848410897191392 ], [ 109.126245047677131, -6.848408693764751 ], [ 109.125989132617462, -6.848402905823959 ], [ 109.125952400300335, -6.848402075448011 ], [ 109.125901355508915, -6.848400920729536 ], [ 109.125890514640076, -6.848400675928936 ], [ 109.125596416459359, -6.848394023712004 ], [ 109.125551040408737, -6.848392996849432 ], [ 109.125459646086455, -6.848390929756999 ], [ 109.125253136908725, -6.848386259060355 ], [ 109.124882107187574, -6.848377866018501 ], [ 109.124863323600394, -6.848377441023116 ], [ 109.124863146312578, -6.848377436714864 ] ] ] } },
{ "type": "Feature", "properties": { "OBJECTID_1": 2005, "OBJECTID": 30, "ID": 0, "TAHUN": 2018, "DATE": "2018-01-01", "NAMA_TITIK": "T39", "ZONA": "SEL TIMUR", "SHAPE_LENG": 201.044518461, "TRANSECTID": 43, "TRANSORDER": 43, "SHORELINEI": "2018-01-01", "BASELINEID": 1, "DISTANCE": 302.25, "INTERSECTX": 297509.97921999998, "INTERSECTY": 9242692.9572899994, "UNCERTAINT": 10, "NAMA_TITI2": "T39", "D_TAHUN": 0.0, "LRR": -3.6, "SKOR_SHORE": 5, "RASTERVALU": 0.000339, "SKOR_SLOPE": 5, "RASTERVA_1": -2.9425, "SKOR_ELEV": 5, "GEOM_LAP": "Pasir_Halus", "SKOR_GEOM": 3, "KATEGORI": "Abrasi Tinggi", "GELOMBANG": 0.270276146776535, "PASUT": 0.876, "SLR": 4.69, "SKOR_GEL": 4, "SKOR_PASUT": 3, "SKOR_SLR": 5, "CVI": 75.0, "KELAS_CVI": 4, "KELAS_CV_1": "Tinggi", "LAHAN": "Pantai", "JENIS": "Natural", "SKOR_LAHAN": 2, "DELTA_D": -4.28, "D_MEAN": -4.3794444444444496, "D_MEDIAN": -2.87, "TSS_MIN_MG": 9.7, "TSS_RATA_R": 21.7, "TSS_MEDIAN": 19.6, "TSS_MAKS_M": 175.4, "TSS_STDDEV": 10.9, "HS": 0.270276147, "MWP_MEAN_S": 3.7042, "MWD_CIRCUL": 31.54, "JARAK_MUAR": 535.47677602736997, "NAMA_SUNGA": "Kali Ketiwon", "MUARA_ID": "M5", "RESPON": "Abrasi", "TSS__BATAS": 30.4, "PROKSI_NER": "Defisit/Erosi" }, "geometry": { "type": "MultiLineString", "coordinates": [ [ [ 109.167591723499143, -6.847774094160171 ], [ 109.167424739133864, -6.847658056359075 ], [ 109.166583829573753, -6.84707370385384 ], [ 109.166548174855578, -6.847048927077747 ], [ 109.166380798136416, -6.846954761627402 ], [ 109.166153068283847, -6.846826642035891 ], [ 109.166097589659429, -6.846750417667752 ] ] ] } },
{ "type": "Feature", "properties": { "OBJECTID_1": 2014, "OBJECTID": 30, "ID": 0, "TAHUN": 2018, "DATE": "2018-01-01", "NAMA_TITIK": "T37", "ZONA": "SEL TIMUR", "SHAPE_LENG": 203.7862223, "TRANSECTID": 41, "TRANSORDER": 41, "SHORELINEI": "2018-01-01", "BASELINEID": 1, "DISTANCE": 300.88, "INTERSECTX": 297188.97402099997, "INTERSECTY": 9242889.7276300006, "UNCERTAINT": 10, "NAMA_TITI2": "T37", "D_TAHUN": 0.0, "LRR": -4.54, "SKOR_SHORE": 5, "RASTERVALU": 0.000345, "SKOR_SLOPE": 5, "RASTERVA_1": -2.94128, "SKOR_ELEV": 5, "GEOM_LAP": "Pasir_Halus", "SKOR_GEOM": 3, "KATEGORI": "Abrasi Tinggi", "GELOMBANG": 0.270276146776535, "PASUT": 0.876, "SLR": 4.69, "SKOR_GEL": 4, "SKOR_PASUT": 3, "SKOR_SLR": 5, "CVI": 75.0, "KELAS_CVI": 4, "KELAS_CV_1": "Tinggi", "LAHAN": "Pantai", "JENIS": "Natural", "SKOR_LAHAN": 2, "DELTA_D": 37.85, "D_MEAN": -4.3794444444444496, "D_MEDIAN": -2.87, "TSS_MIN_MG": 9.7, "TSS_RATA_R": 21.7, "TSS_MEDIAN": 19.6, "TSS_MAKS_M": 175.4, "TSS_STDDEV": 10.9, "HS": 0.270276147, "MWP_MEAN_S": 3.7042, "MWD_CIRCUL": 31.54, "JARAK_MUAR": 155.29372815372599, "NAMA_SUNGA": "Kali Ketiwon", "MUARA_ID": "M5", "RESPON": "Abrasi", "TSS__BATAS": 30.4, "PROKSI_NER": "Defisit/Erosi" }, "geometry": { "type": "MultiLineString", "coordinates": [ [ [ 109.164694640957322, -6.845983945773471 ], [ 109.16465093753834, -6.845971109100369 ], [ 109.164441135992746, -6.845872057933357 ], [ 109.164138518732983, -6.84572918535952 ], [ 109.163710221281278, -6.845526977128499 ], [ 109.163164316835434, -6.84526924316562 ], [ 109.16311118351031, -6.845244157128089 ], [ 109.163080855411962, -6.845229838005475 ], [ 109.163025242460009, -6.84520358246595 ] ] ] } },
{ "type": "Feature", "properties": { "OBJECTID_1": 2015, "OBJECTID": 30, "ID": 0, "TAHUN": 2018, "DATE": "2018-01-01", "NAMA_TITIK": "T38", "ZONA": "SEL TIMUR", "SHAPE_LENG": 187.28494098499999, "TRANSECTID": 42, "TRANSORDER": 42, "SHORELINEI": "2018-01-01", "BASELINEID": 1, "DISTANCE": 312.18, "INTERSECTX": 297344.382759, "INTERSECTY": 9242805.5469499994, "UNCERTAINT": 10, "NAMA_TITI2": "T38", "D_TAHUN": 0.0, "LRR": -4.04, "SKOR_SHORE": 5, "RASTERVALU": 0.000344, "SKOR_SLOPE": 5, "RASTERVA_1": -2.94192, "SKOR_ELEV": 5, "GEOM_LAP": "Pasir_Halus", "SKOR_GEOM": 3, "KATEGORI": "Abrasi Tinggi", "GELOMBANG": 0.270276146776535, "PASUT": 0.876, "SLR": 4.69, "SKOR_GEL": 4, "SKOR_PASUT": 3, "SKOR_SLR": 5, "CVI": 75.0, "KELAS_CVI": 4, "KELAS_CV_1": "Tinggi", "LAHAN": "Pantai", "JENIS": "Natural", "SKOR_LAHAN": 2, "DELTA_D": 14.06, "D_MEAN": -4.3794444444444496, "D_MEDIAN": -2.87, "TSS_MIN_MG": 9.7, "TSS_RATA_R": 21.7, "TSS_MEDIAN": 19.6, "TSS_MAKS_M": 175.4, "TSS_STDDEV": 10.9, "HS": 0.270276147, "MWP_MEAN_S": 3.7042, "MWD_CIRCUL": 31.54, "JARAK_MUAR": 355.43647958132902, "NAMA_SUNGA": "Kali Ketiwon", "MUARA_ID": "M5", "RESPON": "Abrasi", "TSS__BATAS": 30.4, "PROKSI_NER": "Defisit/Erosi" }, "geometry": { "type": "MultiLineString", "coordinates": [ [ [ 109.166097589659429, -6.846750417667752 ], [ 109.166097245893639, -6.846749945294619 ], [ 109.166094659551774, -6.846746391163276 ], [ 109.165916380968312, -6.846501444293163 ], [ 109.165909881818123, -6.846492514533734 ], [ 109.165734055660309, -6.846250936816754 ], [ 109.16570141917731, -6.84624811430981 ], [ 109.165549258791486, -6.846234954280308 ], [ 109.165439204447551, -6.846202630517528 ], [ 109.165366802973736, -6.846181365311042 ], [ 109.165141100078557, -6.846115075203379 ], [ 109.164944375371732, -6.846057295158005 ], [ 109.164694640957322, -6.845983945773471 ] ] ] } },
{ "type": "Feature", "properties": { "OBJECTID_1": 2029, "OBJECTID": 30, "ID": 0, "TAHUN": 2018, "DATE": "2018-01-01", "NAMA_TITIK": "T44", "ZONA": "SEL BARAT", "SHAPE_LENG": 105.46776758199999, "TRANSECTID": 5, "TRANSORDER": 5, "SHORELINEI": "2018-01-01", "BASELINEID": 1, "DISTANCE": 319.75, "INTERSECTX": 290221.78159199998, "INTERSECTY": 9243611.2223099992, "UNCERTAINT": 10, "NAMA_TITI2": "T44", "D_TAHUN": 0.0, "LRR": -2.33, "SKOR_SHORE": 5, "RASTERVALU": 0.013365, "SKOR_SLOPE": 5, "RASTERVA_1": -2.91714, "SKOR_ELEV": 5, "GEOM_LAP": "Aluvial", "SKOR_GEOM": 4, "KATEGORI": "Abrasi Tinggi", "GELOMBANG": 0.270276146776535, "PASUT": 0.876, "SLR": 4.69, "SKOR_GEL": 4, "SKOR_PASUT": 3, "SKOR_SLR": 5, "CVI": 122.47448713916, "KELAS_CVI": 5, "KELAS_CV_1": "Sangat Tinggi", "LAHAN": "Muara", "JENIS": "Natural", "SKOR_LAHAN": 4, "DELTA_D": -25.92, "D_MEAN": -4.619, "D_MEDIAN": -3.295, "TSS_MIN_MG": 11.3, "TSS_RATA_R": 18.8, "TSS_MEDIAN": 17.3, "TSS_MAKS_M": 106.4, "TSS_STDDEV": 6.3, "HS": 0.270276147, "MWP_MEAN_S": 3.7042, "MWD_CIRCUL": 31.54, "JARAK_MUAR": 61.827697463302599, "NAMA_SUNGA": "KaliGangsa", "MUARA_ID": "M1", "RESPON": "Abrasi", "TSS__BATAS": 30.4, "PROKSI_NER": "Defisit/Erosi" }, "geometry": { "type": "MultiLineString", "coordinates": [ [ [ 109.101695097877467, -6.839216160397748 ], [ 109.101521079107414, -6.83916550334886 ], [ 109.101501107995844, -6.839159689745482 ], [ 109.101494054903341, -6.83915763669766 ], [ 109.101327504916213, -6.839109153620873 ], [ 109.101236629750872, -6.839082700442374 ], [ 109.101125794345464, -6.839050436388121 ], [ 109.100996642263084, -6.839012839881118 ], [ 109.100816391943283, -6.838960368779281 ], [ 109.10079124353382, -6.838953048351061 ], [ 109.100780162847016, -6.838947201096405 ], [ 109.100780075285755, -6.83894715464089 ] ] ] } },
{ "type": "Feature", "properties": { "OBJECTID_1": 2032, "OBJECTID": 30, "ID": 0, "TAHUN": 2018, "DATE": "2018-01-01", "NAMA_TITIK": "T05", "ZONA": "SEL BARAT", "SHAPE_LENG": 200.085412037, "TRANSECTID": 6, "TRANSORDER": 6, "SHORELINEI": "2018-01-01", "BASELINEID": 1, "DISTANCE": 325.6, "INTERSECTX": 290414.10446499998, "INTERSECTY": 9243556.0307, "UNCERTAINT": 10, "NAMA_TITI2": "T05", "D_TAHUN": 0.0, "LRR": -1.47, "SKOR_SHORE": 4, "RASTERVALU": 6.15341, "SKOR_SLOPE": 3, "RASTERVA_1": -2.46219, "SKOR_ELEV": 5, "GEOM_LAP": "Pasir_Halus", "SKOR_GEOM": 3, "KATEGORI": "Abrasi Sedang", "GELOMBANG": 0.270276146776535, "PASUT": 0.876, "SLR": 4.69, "SKOR_GEL": 4, "SKOR_PASUT": 3, "SKOR_SLR": 5, "CVI": 73.484692283499996, "KELAS_CVI": 4, "KELAS_CV_1": "Tinggi", "LAHAN": "Muara", "JENIS": "Natural", "SKOR_LAHAN": 4, "DELTA_D": -4.33, "D_MEAN": -4.619, "D_MEDIAN": -3.295, "TSS_MIN_MG": 11.3, "TSS_RATA_R": 18.8, "TSS_MEDIAN": 17.3, "TSS_MAKS_M": 106.4, "TSS_STDDEV": 6.3, "HS": 0.270276147, "MWP_MEAN_S": 3.7042, "MWD_CIRCUL": 31.54, "JARAK_MUAR": 4.2768385923696401, "NAMA_SUNGA": "KaliGangsa", "MUARA_ID": "M1", "RESPON": "Abrasi", "TSS__BATAS": 30.4, "PROKSI_NER": "Defisit/Erosi" }, "geometry": { "type": "MultiLineString", "coordinates": [ [ [ 109.103432829016867, -6.839722009451589 ], [ 109.101695097877467, -6.839216160397748 ] ] ] } },
{ "type": "Feature", "properties": { "OBJECTID_1": 2034, "OBJECTID": 30, "ID": 0, "TAHUN": 2018, "DATE": "2018-01-01", "NAMA_TITIK": "T03", "ZONA": "SEL BARAT", "SHAPE_LENG": 202.51050811499999, "TRANSECTID": 3, "TRANSORDER": 3, "SHORELINEI": "2018-01-01", "BASELINEID": 1, "DISTANCE": 296.58, "INTERSECTX": 289940.21976599999, "INTERSECTY": 9243731.3405300006, "UNCERTAINT": 10, "NAMA_TITI2": "T03", "D_TAHUN": 0.0, "LRR": -3.26, "SKOR_SHORE": 5, "RASTERVALU": 6.99672, "SKOR_SLOPE": 3, "RASTERVA_1": -1.58426, "SKOR_ELEV": 5, "GEOM_LAP": "Pasir_Halus", "SKOR_GEOM": 3, "KATEGORI": "Abrasi Tinggi", "GELOMBANG": 0.270276146776535, "PASUT": 0.876, "SLR": 4.69, "SKOR_GEL": 4, "SKOR_PASUT": 3, "SKOR_SLR": 5, "CVI": 58.094750193110002, "KELAS_CVI": 4, "KELAS_CV_1": "Tinggi", "LAHAN": "Pantai", "JENIS": "Natural", "SKOR_LAHAN": 2, "DELTA_D": -13.47, "D_MEAN": -4.619, "D_MEDIAN": -3.295, "TSS_MIN_MG": 11.3, "TSS_RATA_R": 18.8, "TSS_MEDIAN": 17.3, "TSS_MAKS_M": 106.4, "TSS_STDDEV": 6.3, "HS": 0.270276147, "MWP_MEAN_S": 3.7042, "MWD_CIRCUL": 31.54, "JARAK_MUAR": 387.64661320961198, "NAMA_SUNGA": "KaliGangsa", "MUARA_ID": "M1", "RESPON": "Abrasi", "TSS__BATAS": 30.4, "PROKSI_NER": "Defisit/Erosi" }, "geometry": { "type": "MultiLineString", "coordinates": [ [ [ 109.099152462444351, -6.838120115000792 ], [ 109.098145467843068, -6.837616616789546 ], [ 109.097875973578979, -6.837347121908734 ], [ 109.097646458587903, -6.837117606700596 ] ] ] } },
{ "type": "Feature", "properties": { "OBJECTID_1": 2035, "OBJECTID": 30, "ID": 0, "TAHUN": 2018, "DATE": "2018-01-01", "NAMA_TITIK": "T04", "ZONA": "SEL BARAT", "SHAPE_LENG": 201.85872858299999, "TRANSECTID": 4, "TRANSORDER": 4, "SHORELINEI": "2018-01-01", "BASELINEID": 1, "DISTANCE": 323.84, "INTERSECTX": 290120.51039499999, "INTERSECTY": 9243640.5763700008, "UNCERTAINT": 10, "NAMA_TITI2": "T04", "D_TAHUN": 0.0, "LRR": -3.32, "SKOR_SHORE": 5, "RASTERVALU": 6.89058, "SKOR_SLOPE": 3, "RASTERVA_1": -2.22393, "SKOR_ELEV": 5, "GEOM_LAP": "Pasir_Halus", "SKOR_GEOM": 3, "KATEGORI": "Abrasi Tinggi", "GELOMBANG": 0.270276146776535, "PASUT": 0.876, "SLR": 4.69, "SKOR_GEL": 4, "SKOR_PASUT": 3, "SKOR_SLR": 5, "CVI": 58.094750193110002, "KELAS_CVI": 4, "KELAS_CV_1": "Tinggi", "LAHAN": "Pantai", "JENIS": "Natural", "SKOR_LAHAN": 2, "DELTA_D": -37.76, "D_MEAN": -4.619, "D_MEDIAN": -3.295, "TSS_MIN_MG": 11.3, "TSS_RATA_R": 18.8, "TSS_MEDIAN": 17.3, "TSS_MAKS_M": 106.4, "TSS_STDDEV": 6.3, "HS": 0.270276147, "MWP_MEAN_S": 3.7042, "MWD_CIRCUL": 31.54, "JARAK_MUAR": 191.803552089433, "NAMA_SUNGA": "KaliGangsa", "MUARA_ID": "M1", "RESPON": "Abrasi", "TSS__BATAS": 30.4, "PROKSI_NER": "Defisit/Erosi" }, "geometry": { "type": "MultiLineString", "coordinates": [ [ [ 109.100780075285755, -6.83894715464089 ], [ 109.100735897866997, -6.838923844852106 ], [ 109.100608573342413, -6.83885666193359 ], [ 109.100503122258772, -6.838801020481871 ], [ 109.100301425036804, -6.838694594612541 ], [ 109.099152462444351, -6.838120115000792 ] ] ] } },
{ "type": "Feature", "properties": { "OBJECTID_1": 2037, "OBJECTID": 30, "ID": 0, "TAHUN": 2018, "DATE": "2018-01-01", "NAMA_TITIK": "T02", "ZONA": "SEL BARAT", "SHAPE_LENG": 200.63182968800001, "TRANSECTID": 2, "TRANSORDER": 2, "SHORELINEI": "2018-01-01", "BASELINEID": 1, "DISTANCE": 292.94, "INTERSECTX": 289773.29520699999, "INTERSECTY": 9243841.56525, "UNCERTAINT": 10, "NAMA_TITI2": "T02", "D_TAHUN": 0.0, "LRR": -2.19, "SKOR_SHORE": 5, "RASTERVALU": 6.56471, "SKOR_SLOPE": 3, "RASTERVA_1": -1.78074, "SKOR_ELEV": 5, "GEOM_LAP": "Pasir_Halus", "SKOR_GEOM": 3, "KATEGORI": "Abrasi Tinggi", "GELOMBANG": 0.270276146776535, "PASUT": 0.876, "SLR": 4.69, "SKOR_GEL": 4, "SKOR_PASUT": 3, "SKOR_SLR": 5, "CVI": 58.094750193110002, "KELAS_CVI": 4, "KELAS_CV_1": "Tinggi", "LAHAN": "Pantai", "JENIS": "Natural", "SKOR_LAHAN": 2, "DELTA_D": 4.12, "D_MEAN": -4.619, "D_MEDIAN": -3.295, "TSS_MIN_MG": 11.3, "TSS_RATA_R": 18.8, "TSS_MEDIAN": 17.3, "TSS_MAKS_M": 106.4, "TSS_STDDEV": 6.3, "HS": 0.270276147, "MWP_MEAN_S": 3.7042, "MWD_CIRCUL": 31.54, "JARAK_MUAR": 579.82548354246296, "NAMA_SUNGA": "KaliGangsa", "MUARA_ID": "M1", "RESPON": "Abrasi", "TSS__BATAS": 30.4, "PROKSI_NER": "Defisit/Erosi" }, "geometry": { "type": "MultiLineString", "coordinates": [ [ [ 109.097646458587903, -6.837117606700596 ], [ 109.097606478708997, -6.83707762785816 ], [ 109.097322082268448, -6.83686433066528 ], [ 109.096630516152175, -6.83634565654465 ], [ 109.096528500309546, -6.836269143935022 ], [ 109.09647486539059, -6.836219946947708 ], [ 109.09633694218661, -6.83609343585502 ], [ 109.096225996915081, -6.835991671249129 ] ] ] } },
{ "type": "Feature", "properties": { "OBJECTID_1": 2038, "OBJECTID": 30, "ID": 0, "TAHUN": 2018, "DATE": "2018-01-01", "NAMA_TITIK": "T01", "ZONA": "SEL BARAT", "SHAPE_LENG": 33.966070597600002, "TRANSECTID": 1, "TRANSORDER": 1, "SHORELINEI": "2018-01-01", "BASELINEID": 1, "DISTANCE": 305.9, "INTERSECTX": 289615.77248599997, "INTERSECTY": 9243965.4787399992, "UNCERTAINT": 10, "NAMA_TITI2": "T01", "D_TAHUN": 0.0, "LRR": -0.96, "SKOR_SHORE": 3, "RASTERVALU": 0.111227, "SKOR_SLOPE": 5, "RASTERVA_1": -2.91494, "SKOR_ELEV": 5, "GEOM_LAP": "Pasir_Halus", "SKOR_GEOM": 3, "KATEGORI": "Stabil", "GELOMBANG": 0.270276146776535, "PASUT": 0.876, "SLR": 4.69, "SKOR_GEL": 4, "SKOR_PASUT": 3, "SKOR_SLR": 5, "CVI": 58.094750193110002, "KELAS_CVI": 4, "KELAS_CV_1": "Tinggi", "LAHAN": "Pantai", "JENIS": "Natural", "SKOR_LAHAN": 2, "DELTA_D": 0.65999999999996795, "D_MEAN": -4.619, "D_MEDIAN": -3.295, "TSS_MIN_MG": 11.3, "TSS_RATA_R": 18.8, "TSS_MEDIAN": 17.3, "TSS_MAKS_M": 106.4, "TSS_STDDEV": 6.3, "HS": 0.270276147, "MWP_MEAN_S": 3.7042, "MWD_CIRCUL": 31.54, "JARAK_MUAR": 778.10088489128304, "NAMA_SUNGA": "KaliGangsa", "MUARA_ID": "M1", "RESPON": "Abrasi", "TSS__BATAS": 30.4, "PROKSI_NER": "Defisit/Erosi" }, "geometry": { "type": "MultiLineString", "coordinates": [ [ [ 109.096225996915081, -6.835991671249129 ], [ 109.096079830509794, -6.835857599866418 ], [ 109.095999627030523, -6.835784034070834 ] ] ] } },
{ "type": "Feature", "properties": { "OBJECTID_1": 2041, "OBJECTID": 31, "ID": 0, "TAHUN": 2019, "DATE": "2019-01-01", "NAMA_TITIK": "T42", "ZONA": "SEL TIMUR", "SHAPE_LENG": 234.82720851600001, "TRANSECTID": 46, "TRANSORDER": 46, "SHORELINEI": "2019-01-01", "BASELINEID": 1, "DISTANCE": 267.91, "INTERSECTX": 298011.37914799998, "INTERSECTY": 9242343.8308099993, "UNCERTAINT": 10, "NAMA_TITI2": "T42", "D_TAHUN": 0.0, "LRR": -1.48, "SKOR_SHORE": 4, "RASTERVALU": 10.6361, "SKOR_SLOPE": 2, "RASTERVA_1": -1.41562, "SKOR_ELEV": 5, "GEOM_LAP": "Tambak", "SKOR_GEOM": 5, "KATEGORI": "Abrasi Sedang", "GELOMBANG": 0.27045398599961201, "PASUT": 0.88, "SLR": 4.69, "SKOR_GEL": 4, "SKOR_PASUT": 3, "SKOR_SLR": 5, "CVI": 67.082039324990006, "KELAS_CVI": 4, "KELAS_CV_1": "Tinggi", "LAHAN": "Tambak", "JENIS": "Natural", "SKOR_LAHAN": 3, "DELTA_D": 3.03, "D_MEAN": -5.025, "D_MEDIAN": 0.39500000000001001, "TSS_MIN_MG": 11.0, "TSS_RATA_R": 26.2, "TSS_MEDIAN": 25.6, "TSS_MAKS_M": 149.5, "TSS_STDDEV": 11.9, "HS": 0.270453986, "MWP_MEAN_S": 3.7762, "MWD_CIRCUL": 31.52, "JARAK_MUAR": 1130.0451134499999, "NAMA_SUNGA": "Kali Ketiwon", "MUARA_ID": "M5", "RESPON": "Stabil", "TSS__BATAS": 30.4, "PROKSI_NER": "Relatif Seimbang" }, "geometry": { "type": "MultiLineString", "coordinates": [ [ [ 109.172253496279453, -6.851006222479158 ], [ 109.1721503400438, -6.850962669409613 ], [ 109.172115485881037, -6.850947953731443 ], [ 109.172115001770294, -6.85094774935948 ], [ 109.172091259575467, -6.85093772510774 ], [ 109.172059413043996, -6.850924279449377 ], [ 109.172024649206676, -6.850909602084102 ], [ 109.172001359513374, -6.850899769422524 ], [ 109.171816346226649, -6.850821656456423 ], [ 109.171790026337803, -6.85081054463507 ], [ 109.171663474859216, -6.850757114107996 ], [ 109.171659629074668, -6.850755490082324 ], [ 109.171644916101215, -6.850749277720976 ], [ 109.171644428379352, -6.850749071526581 ], [ 109.171581605152369, -6.850722547845296 ], [ 109.171427883961442, -6.850657646872259 ], [ 109.171279014759719, -6.850594794149202 ], [ 109.171178500574854, -6.850552356749955 ], [ 109.171104921855033, -6.85044851244953 ], [ 109.171038293246312, -6.850354475712539 ], [ 109.171033427114892, -6.850347607337675 ], [ 109.17102839901861, -6.85034051050009 ], [ 109.171028220856442, -6.850340259371947 ], [ 109.170995711883307, -6.850294378325795 ], [ 109.170827812381575, -6.850057415695058 ], [ 109.170782094357705, -6.849992891390684 ], [ 109.170764106425608, -6.849967503961599 ], [ 109.170759278088937, -6.849960689978878 ], [ 109.17075161453495, -6.849958167153794 ], [ 109.170733776573385, -6.84995229639975 ], [ 109.170636978338933, -6.849920437183396 ], [ 109.170630374599185, -6.849918263777538 ], [ 109.170617207776502, -6.849913930682635 ], [ 109.170612828474702, -6.84991248906675 ], [ 109.170538955867215, -6.84988817546305 ] ] ] } },
{ "type": "Feature", "properties": { "OBJECTID_1": 2054, "OBJECTID": 31, "ID": 0, "TAHUN": 2019, "DATE": "2019-01-01", "NAMA_TITIK": "T40", "ZONA": "SEL TIMUR", "SHAPE_LENG": 201.09515874900001, "TRANSECTID": 44, "TRANSORDER": 44, "SHORELINEI": "2019-01-01", "BASELINEID": 1, "DISTANCE": 291.35, "INTERSECTX": 297675.07219500002, "INTERSECTY": 9242579.5417999998, "UNCERTAINT": 10, "NAMA_TITI2": "T40", "D_TAHUN": 0.0, "LRR": -2.39, "SKOR_SHORE": 5, "RASTERVALU": 1.31742, "SKOR_SLOPE": 5, "RASTERVA_1": -2.87668, "SKOR_ELEV": 5, "GEOM_LAP": "Tambak", "SKOR_GEOM": 5, "KATEGORI": "Abrasi Tinggi", "GELOMBANG": 0.27045398599961201, "PASUT": 0.88, "SLR": 4.69, "SKOR_GEL": 4, "SKOR_PASUT": 3, "SKOR_SLR": 5, "CVI": 118.58541225630999, "KELAS_CVI": 5, "KELAS_CV_1": "Sangat Tinggi", "LAHAN": "Tambak", "JENIS": "Natural", "SKOR_LAHAN": 3, "DELTA_D": 0.36000000000001398, "D_MEAN": -5.025, "D_MEDIAN": 0.39500000000001001, "TSS_MIN_MG": 11.0, "TSS_RATA_R": 26.2, "TSS_MEDIAN": 25.6, "TSS_MAKS_M": 149.5, "TSS_STDDEV": 11.9, "HS": 0.270453986, "MWP_MEAN_S": 3.7762, "MWD_CIRCUL": 31.52, "JARAK_MUAR": 727.664323427044, "NAMA_SUNGA": "Kali Ketiwon", "MUARA_ID": "M5", "RESPON": "Stabil", "TSS__BATAS": 30.4, "PROKSI_NER": "Relatif Seimbang" }, "geometry": { "type": "MultiLineString", "coordinates": [ [ [ 109.16908128200231, -6.848805218482559 ], [ 109.169080536586463, -6.848804979659281 ], [ 109.169070706094573, -6.848801840065173 ], [ 109.169045033870717, -6.848793641970013 ], [ 109.169023908249571, -6.848786896083339 ], [ 109.168862334014023, -6.848735299025289 ], [ 109.168857653688008, -6.848733804713931 ], [ 109.16879742206838, -6.848714569964616 ], [ 109.168758751566983, -6.848702221100712 ], [ 109.168316766994252, -6.848426283547071 ], [ 109.168176540304174, -6.848338737292153 ], [ 109.167503030986055, -6.847918253602871 ] ] ] } },
{ "type": "Feature", "properties": { "OBJECTID_1": 2055, "OBJECTID": 31, "ID": 0, "TAHUN": 2019, "DATE": "2019-01-01", "NAMA_TITIK": "T41", "ZONA": "SEL TIMUR", "SHAPE_LENG": 210.77594742900001, "TRANSECTID": 45, "TRANSORDER": 45, "SHORELINEI": "2019-01-01", "BASELINEID": 1, "DISTANCE": 273.72, "INTERSECTX": 297836.66165299999, "INTERSECTY": 9242460.3797200006, "UNCERTAINT": 10, "NAMA_TITI2": "T41", "D_TAHUN": 0.0, "LRR": -2.12, "SKOR_SHORE": 5, "RASTERVALU": 9.05717, "SKOR_SLOPE": 2, "RASTERVA_1": -1.62402, "SKOR_ELEV": 5, "GEOM_LAP": "Tambak", "SKOR_GEOM": 5, "KATEGORI": "Abrasi Tinggi", "GELOMBANG": 0.27045398599961201, "PASUT": 0.88, "SLR": 4.69, "SKOR_GEL": 4, "SKOR_PASUT": 3, "SKOR_SLR": 5, "CVI": 75.0, "KELAS_CVI": 4, "KELAS_CV_1": "Tinggi", "LAHAN": "Tambak", "JENIS": "Natural", "SKOR_LAHAN": 3, "DELTA_D": -3.42999999999995, "D_MEAN": -5.025, "D_MEDIAN": 0.39500000000001001, "TSS_MIN_MG": 11.0, "TSS_RATA_R": 26.2, "TSS_MEDIAN": 25.6, "TSS_MAKS_M": 149.5, "TSS_STDDEV": 11.9, "HS": 0.270453986, "MWP_MEAN_S": 3.7762, "MWD_CIRCUL": 31.52, "JARAK_MUAR": 936.29342666807304, "NAMA_SUNGA": "Kali Ketiwon", "MUARA_ID": "M5", "RESPON": "Stabil", "TSS__BATAS": 30.4, "PROKSI_NER": "Relatif Seimbang" }, "geometry": { "type": "MultiLineString", "coordinates": [ [ [ 109.170538955867215, -6.84988817546305 ], [ 109.170360280914778, -6.849829367250932 ], [ 109.170358693451504, -6.849828844935848 ], [ 109.170301945055456, -6.849810166982829 ], [ 109.170100522582274, -6.849743872496203 ], [ 109.169971000908433, -6.849569172849895 ], [ 109.169932725199999, -6.849517546532939 ], [ 109.169853210969862, -6.849410297114799 ], [ 109.169803888543129, -6.849343771714703 ], [ 109.169770108424856, -6.849298208572478 ], [ 109.169713267336718, -6.849221539797459 ], [ 109.169708182274064, -6.849214681432757 ], [ 109.169680017335651, -6.849176692951409 ], [ 109.169647734852489, -6.84913315086274 ], [ 109.169597780671353, -6.849065773147706 ], [ 109.16958633614189, -6.849050336389341 ], [ 109.169525004952945, -6.84896761258566 ], [ 109.169519937894677, -6.848960778700947 ], [ 109.169504900528153, -6.848940496475167 ], [ 109.169499993407939, -6.848938929877247 ], [ 109.169364858372475, -6.848895776269184 ], [ 109.169304213779611, -6.848876409802103 ], [ 109.169193674005186, -6.84884111017409 ], [ 109.169193367706114, -6.848841012263057 ], [ 109.169187741372355, -6.848839215980671 ], [ 109.169146058449897, -6.848825904499884 ], [ 109.169123912730427, -6.848818832852889 ], [ 109.16908128200231, -6.848805218482559 ] ] ] } },
{ "type": "Feature", "properties": { "OBJECTID_1": 2063, "OBJECTID": 31, "ID": 0, "TAHUN": 2019, "DATE": "2019-01-01", "NAMA_TITIK": "T51", "ZONA": "SEL BARAT", "SHAPE_LENG": 205.295315606, "TRANSECTID": 20, "TRANSORDER": 20, "SHORELINEI": "2019-01-01", "BASELINEID": 1, "DISTANCE": 251.86, "INTERSECTX": 292990.82153000002, "INTERSECTY": 9242622.4387500007, "UNCERTAINT": 10, "NAMA_TITI2": "T51", "D_TAHUN": 0.0, "LRR": 0.72, "SKOR_SHORE": 3, "RASTERVALU": 2.59289, "SKOR_SLOPE": 4, "RASTERVA_1": -2.65623, "SKOR_ELEV": 5, "GEOM_LAP": "Aluvial", "SKOR_GEOM": 4, "KATEGORI": "Stabil", "GELOMBANG": 0.27045398599961201, "PASUT": 0.88, "SLR": 4.69, "SKOR_GEL": 4, "SKOR_PASUT": 3, "SKOR_SLR": 5, "CVI": 84.852813742389998, "KELAS_CVI": 5, "KELAS_CV_1": "Tinggi", "LAHAN": "Muara", "JENIS": "Natural", "SKOR_LAHAN": 4, "DELTA_D": 3.59, "D_MEAN": 3.7045, "D_MEDIAN": 6.765, "TSS_MIN_MG": 13.7, "TSS_RATA_R": 23.9, "TSS_MEDIAN": 21.3, "TSS_MAKS_M": 128.4, "TSS_STDDEV": 9.1, "HS": 0.270453986, "MWP_MEAN_S": 3.7762, "MWD_CIRCUL": 31.52, "JARAK_MUAR": 19.716633507029201, "NAMA_SUNGA": "Kali Sibelis", "MUARA_ID": "M3", "RESPON": "Akresi", "TSS__BATAS": 30.4, "PROKSI_NER": "Deposisi Lokal" }, "geometry": { "type": "MultiLineString", "coordinates": [ [ [ 109.126708392213274, -6.848254068541426 ], [ 109.126707308897494, -6.848254425970506 ], [ 109.126702734689019, -6.848255937023424 ], [ 109.12670136604946, -6.848256389178039 ], [ 109.126696821731656, -6.848257890401966 ], [ 109.126563993933729, -6.848301774420056 ], [ 109.126506341681264, -6.848320821190171 ], [ 109.126487659883381, -6.848326993182199 ], [ 109.126477512382536, -6.848330345915992 ], [ 109.126450712947275, -6.848339199552102 ], [ 109.126429689695215, -6.848346145389254 ], [ 109.126376542807776, -6.848363703425983 ], [ 109.126365817417906, -6.848367246483528 ], [ 109.126347798651338, -6.848373199542434 ], [ 109.126345971682596, -6.848373803610907 ], [ 109.126317764653407, -6.848383122801752 ], [ 109.12631074935301, -6.848385440761593 ], [ 109.126242012633057, -6.848380896236019 ], [ 109.126236107915972, -6.848380506137491 ], [ 109.12621700011475, -6.848379242707163 ], [ 109.126132840050843, -6.848373679654094 ], [ 109.125965972382801, -6.848362648677889 ], [ 109.125958910058444, -6.848362181731673 ], [ 109.125946054256346, -6.848361332350183 ], [ 109.125939733526025, -6.848360914406146 ], [ 109.125541514893811, -6.848334590048946 ], [ 109.125201696870718, -6.848312125989103 ], [ 109.124956967469942, -6.848295947508316 ], [ 109.124922914776832, -6.848293696275618 ], [ 109.12487556947751, -6.848290566803274 ] ] ] } },
{ "type": "Feature", "properties": { "OBJECTID_1": 2079, "OBJECTID": 31, "ID": 0, "TAHUN": 2019, "DATE": "2019-01-01", "NAMA_TITIK": "T39", "ZONA": "SEL TIMUR", "SHAPE_LENG": 201.77965041, "TRANSECTID": 43, "TRANSORDER": 43, "SHORELINEI": "2019-01-01", "BASELINEID": 1, "DISTANCE": 283.53, "INTERSECTX": 297500.23578400002, "INTERSECTY": 9242676.9757599998, "UNCERTAINT": 10, "NAMA_TITI2": "T39", "D_TAHUN": 0.0, "LRR": -3.6, "SKOR_SHORE": 5, "RASTERVALU": 0.000339, "SKOR_SLOPE": 5, "RASTERVA_1": -2.9425, "SKOR_ELEV": 5, "GEOM_LAP": "Pasir_Halus", "SKOR_GEOM": 3, "KATEGORI": "Abrasi Tinggi", "GELOMBANG": 0.27045398599961201, "PASUT": 0.88, "SLR": 4.69, "SKOR_GEL": 4, "SKOR_PASUT": 3, "SKOR_SLR": 5, "CVI": 75.0, "KELAS_CVI": 4, "KELAS_CV_1": "Tinggi", "LAHAN": "Pantai", "JENIS": "Natural", "SKOR_LAHAN": 2, "DELTA_D": -18.72, "D_MEAN": -5.025, "D_MEDIAN": 0.39500000000001001, "TSS_MIN_MG": 11.0, "TSS_RATA_R": 26.2, "TSS_MEDIAN": 25.6, "TSS_MAKS_M": 149.5, "TSS_STDDEV": 11.9, "HS": 0.270453986, "MWP_MEAN_S": 3.7762, "MWD_CIRCUL": 31.52, "JARAK_MUAR": 535.47677602736997, "NAMA_SUNGA": "Kali Ketiwon", "MUARA_ID": "M5", "RESPON": "Stabil", "TSS__BATAS": 30.4, "PROKSI_NER": "Relatif Seimbang" }, "geometry": { "type": "MultiLineString", "coordinates": [ [ [ 109.167503030986055, -6.847918253602871 ], [ 109.167405576108067, -6.847857410682842 ], [ 109.167136081714318, -6.847587916633818 ], [ 109.16630684488274, -6.846965989340474 ], [ 109.166072907314316, -6.84679053553153 ] ] ] } },
{ "type": "Feature", "properties": { "OBJECTID_1": 2087, "OBJECTID": 31, "ID": 0, "TAHUN": 2019, "DATE": "2019-01-01", "NAMA_TITIK": "T37", "ZONA": "SEL TIMUR", "SHAPE_LENG": 203.605955894, "TRANSECTID": 41, "TRANSORDER": 41, "SHORELINEI": "2019-01-01", "BASELINEID": 1, "DISTANCE": 267.68, "INTERSECTX": 297169.540408, "INTERSECTY": 9242862.8048700001, "UNCERTAINT": 10, "NAMA_TITI2": "T37", "D_TAHUN": 0.0, "LRR": -4.54, "SKOR_SHORE": 5, "RASTERVALU": 0.000345, "SKOR_SLOPE": 5, "RASTERVA_1": -2.94128, "SKOR_ELEV": 5, "GEOM_LAP": "Pasir_Halus", "SKOR_GEOM": 3, "KATEGORI": "Abrasi Tinggi", "GELOMBANG": 0.27045398599961201, "PASUT": 0.88, "SLR": 4.69, "SKOR_GEL": 4, "SKOR_PASUT": 3, "SKOR_SLR": 5, "CVI": 75.0, "KELAS_CVI": 4, "KELAS_CV_1": "Tinggi", "LAHAN": "Pantai", "JENIS": "Natural", "SKOR_LAHAN": 2, "DELTA_D": -33.2, "D_MEAN": -5.025, "D_MEDIAN": 0.39500000000001001, "TSS_MIN_MG": 11.0, "TSS_RATA_R": 26.2, "TSS_MEDIAN": 25.6, "TSS_MAKS_M": 149.5, "TSS_STDDEV": 11.9, "HS": 0.270453986, "MWP_MEAN_S": 3.7762, "MWD_CIRCUL": 31.52, "JARAK_MUAR": 155.29372815372599, "NAMA_SUNGA": "Kali Ketiwon", "MUARA_ID": "M5", "RESPON": "Stabil", "TSS__BATAS": 30.4, "PROKSI_NER": "Relatif Seimbang" }, "geometry": { "type": "MultiLineString", "coordinates": [ [ [ 109.164517910806509, -6.846226692198667 ], [ 109.164452511845937, -6.846238406187427 ], [ 109.164441136462415, -6.846240443199011 ], [ 109.163660952849568, -6.845783334587289 ], [ 109.16363537203857, -6.845768346467007 ], [ 109.162919453030867, -6.845348888883911 ] ] ] } },
{ "type": "Feature", "properties": { "OBJECTID_1": 2088, "OBJECTID": 31, "ID": 0, "TAHUN": 2019, "DATE": "2019-01-01", "NAMA_TITIK": "T38", "ZONA": "SEL TIMUR", "SHAPE_LENG": 217.767854191, "TRANSECTID": 42, "TRANSORDER": 42, "SHORELINEI": "2019-01-01", "BASELINEID": 1, "DISTANCE": 306.97, "INTERSECTX": 297341.67127300001, "INTERSECTY": 9242801.0994700007, "UNCERTAINT": 10, "NAMA_TITI2": "T38", "D_TAHUN": 0.0, "LRR": -4.04, "SKOR_SHORE": 5, "RASTERVALU": 0.000344, "SKOR_SLOPE": 5, "RASTERVA_1": -2.94192, "SKOR_ELEV": 5, "GEOM_LAP": "Pasir_Halus", "SKOR_GEOM": 3, "KATEGORI": "Abrasi Tinggi", "GELOMBANG": 0.27045398599961201, "PASUT": 0.88, "SLR": 4.69, "SKOR_GEL": 4, "SKOR_PASUT": 3, "SKOR_SLR": 5, "CVI": 75.0, "KELAS_CVI": 4, "KELAS_CV_1": "Tinggi", "LAHAN": "Pantai", "JENIS": "Natural", "SKOR_LAHAN": 2, "DELTA_D": -5.21, "D_MEAN": -5.025, "D_MEDIAN": 0.39500000000001001, "TSS_MIN_MG": 11.0, "TSS_RATA_R": 26.2, "TSS_MEDIAN": 25.6, "TSS_MAKS_M": 149.5, "TSS_STDDEV": 11.9, "HS": 0.270453986, "MWP_MEAN_S": 3.7762, "MWD_CIRCUL": 31.52, "JARAK_MUAR": 355.43647958132902, "NAMA_SUNGA": "Kali Ketiwon", "MUARA_ID": "M5", "RESPON": "Stabil", "TSS__BATAS": 30.4, "PROKSI_NER": "Relatif Seimbang" }, "geometry": { "type": "MultiLineString", "coordinates": [ [ [ 109.166072907314316, -6.84679053553153 ], [ 109.166058103785531, -6.846779432161088 ], [ 109.165979745193027, -6.846662708650734 ], [ 109.165838921625209, -6.846452938631424 ], [ 109.165837744160854, -6.846451184610703 ], [ 109.16570141917731, -6.84624811430981 ], [ 109.165612248584921, -6.846115285516548 ], [ 109.165561552914468, -6.846039768340077 ], [ 109.165517065264424, -6.846047736826376 ], [ 109.165264183427382, -6.846093029848893 ], [ 109.165224901875121, -6.846100065201504 ], [ 109.165141100078557, -6.846115075203379 ], [ 109.165023260845516, -6.846136181238278 ], [ 109.164723289634722, -6.846189908031711 ], [ 109.164632454937035, -6.846206176786507 ], [ 109.164517910806509, -6.846226692198667 ] ] ] } },
{ "type": "Feature", "properties": { "OBJECTID_1": 2109, "OBJECTID": 31, "ID": 0, "TAHUN": 2019, "DATE": "2019-01-01", "NAMA_TITIK": "T44", "ZONA": "SEL BARAT", "SHAPE_LENG": 106.990806284, "TRANSECTID": 5, "TRANSORDER": 5, "SHORELINEI": "2019-01-01", "BASELINEID": 1, "DISTANCE": 298.18, "INTERSECTX": 290215.22598699998, "INTERSECTY": 9243590.6647999994, "UNCERTAINT": 10, "NAMA_TITI2": "T44", "D_TAHUN": 0.0, "LRR": -2.33, "SKOR_SHORE": 5, "RASTERVALU": 0.013365, "SKOR_SLOPE": 5, "RASTERVA_1": -2.91714, "SKOR_ELEV": 5, "GEOM_LAP": "Aluvial", "SKOR_GEOM": 4, "KATEGORI": "Abrasi Tinggi", "GELOMBANG": 0.27045398599961201, "PASUT": 0.88, "SLR": 4.69, "SKOR_GEL": 4, "SKOR_PASUT": 3, "SKOR_SLR": 5, "CVI": 122.47448713916, "KELAS_CVI": 5, "KELAS_CV_1": "Sangat Tinggi", "LAHAN": "Muara", "JENIS": "Natural", "SKOR_LAHAN": 4, "DELTA_D": -21.57, "D_MEAN": 3.7045, "D_MEDIAN": 6.765, "TSS_MIN_MG": 13.7, "TSS_RATA_R": 23.9, "TSS_MEDIAN": 21.3, "TSS_MAKS_M": 128.4, "TSS_STDDEV": 9.1, "HS": 0.270453986, "MWP_MEAN_S": 3.7762, "MWD_CIRCUL": 31.52, "JARAK_MUAR": 61.827697463302599, "NAMA_SUNGA": "KaliGangsa", "MUARA_ID": "M1", "RESPON": "Akresi", "TSS__BATAS": 30.4, "PROKSI_NER": "Deposisi Lokal" }, "geometry": { "type": "MultiLineString", "coordinates": [ [ [ 109.101635063738371, -6.839401787397113 ], [ 109.101246347617533, -6.839192196578371 ], [ 109.10103281984766, -6.839077064619362 ], [ 109.100869001839442, -6.838988736016455 ], [ 109.100816391943283, -6.838960368779281 ], [ 109.100816254737737, -6.838960295004348 ], [ 109.100783287690291, -6.838942519256244 ] ] ] } },
{ "type": "Feature", "properties": { "OBJECTID_1": 2110, "OBJECTID": 31, "ID": 0, "TAHUN": 2019, "DATE": "2019-01-01", "NAMA_TITIK": "T05", "ZONA": "SEL BARAT", "SHAPE_LENG": 203.361479562, "TRANSECTID": 6, "TRANSORDER": 6, "SHORELINEI": "2019-01-01", "BASELINEID": 1, "DISTANCE": 261.35, "INTERSECTX": 290394.58451700001, "INTERSECTY": 9243494.8187099993, "UNCERTAINT": 10, "NAMA_TITI2": "T05", "D_TAHUN": 0.0, "LRR": -1.47, "SKOR_SHORE": 4, "RASTERVALU": 6.15341, "SKOR_SLOPE": 3, "RASTERVA_1": -2.46219, "SKOR_ELEV": 5, "GEOM_LAP": "Pasir_Halus", "SKOR_GEOM": 3, "KATEGORI": "Abrasi Sedang", "GELOMBANG": 0.27045398599961201, "PASUT": 0.88, "SLR": 4.69, "SKOR_GEL": 4, "SKOR_PASUT": 3, "SKOR_SLR": 5, "CVI": 73.484692283499996, "KELAS_CVI": 4, "KELAS_CV_1": "Tinggi", "LAHAN": "Muara", "JENIS": "Natural", "SKOR_LAHAN": 4, "DELTA_D": -64.25, "D_MEAN": 3.7045, "D_MEDIAN": 6.765, "TSS_MIN_MG": 13.7, "TSS_RATA_R": 23.9, "TSS_MEDIAN": 21.3, "TSS_MAKS_M": 128.4, "TSS_STDDEV": 9.1, "HS": 0.270453986, "MWP_MEAN_S": 3.7762, "MWD_CIRCUL": 31.52, "JARAK_MUAR": 4.2768385923696401, "NAMA_SUNGA": "KaliGangsa", "MUARA_ID": "M1", "RESPON": "Akresi", "TSS__BATAS": 30.4, "PROKSI_NER": "Deposisi Lokal" }, "geometry": { "type": "MultiLineString", "coordinates": [ [ [ 109.103254072241029, -6.840274732461284 ], [ 109.102258603391576, -6.839737990929017 ], [ 109.102105194395165, -6.839655274849371 ], [ 109.101914971152553, -6.839552709192135 ], [ 109.101890784231003, -6.83953966863654 ], [ 109.101720602965315, -6.839447909330878 ], [ 109.101693296450591, -6.83943318565351 ], [ 109.101691108393297, -6.839432005286131 ], [ 109.101635063738371, -6.839401787397113 ] ] ] } },
{ "type": "Feature", "properties": { "OBJECTID_1": 2111, "OBJECTID": 31, "ID": 0, "TAHUN": 2019, "DATE": "2019-01-01", "NAMA_TITIK": "T03", "ZONA": "SEL BARAT", "SHAPE_LENG": 200.94389762599999, "TRANSECTID": 3, "TRANSORDER": 3, "SHORELINEI": "2019-01-01", "BASELINEID": 1, "DISTANCE": 302.16, "INTERSECTX": 289943.37641099998, "INTERSECTY": 9243735.9364999998, "UNCERTAINT": 10, "NAMA_TITI2": "T03", "D_TAHUN": 0.0, "LRR": -3.26, "SKOR_SHORE": 5, "RASTERVALU": 6.99672, "SKOR_SLOPE": 3, "RASTERVA_1": -1.58426, "SKOR_ELEV": 5, "GEOM_LAP": "Pasir_Halus", "SKOR_GEOM": 3, "KATEGORI": "Abrasi Tinggi", "GELOMBANG": 0.27045398599961201, "PASUT": 0.88, "SLR": 4.69, "SKOR_GEL": 4, "SKOR_PASUT": 3, "SKOR_SLR": 5, "CVI": 58.094750193110002, "KELAS_CVI": 4, "KELAS_CV_1": "Tinggi", "LAHAN": "Pantai", "JENIS": "Natural", "SKOR_LAHAN": 2, "DELTA_D": 5.58, "D_MEAN": 3.7045, "D_MEDIAN": 6.765, "TSS_MIN_MG": 13.7, "TSS_RATA_R": 23.9, "TSS_MEDIAN": 21.3, "TSS_MAKS_M": 128.4, "TSS_STDDEV": 9.1, "HS": 0.270453986, "MWP_MEAN_S": 3.7762, "MWD_CIRCUL": 31.52, "JARAK_MUAR": 387.64661320961198, "NAMA_SUNGA": "KaliGangsa", "MUARA_ID": "M1", "RESPON": "Akresi", "TSS__BATAS": 30.4, "PROKSI_NER": "Deposisi Lokal" }, "geometry": { "type": "MultiLineString", "coordinates": [ [ [ 109.099181181250785, -6.838078676173468 ], [ 109.098414962762888, -6.837665534593806 ], [ 109.098262584150007, -6.837540427748866 ], [ 109.097973950529862, -6.837303451550787 ], [ 109.097683135212876, -6.837064683718125 ] ] ] } },
{ "type": "Feature", "properties": { "OBJECTID_1": 2112, "OBJECTID": 31, "ID": 0, "TAHUN": 2019, "DATE": "2019-01-01", "NAMA_TITIK": "T04", "ZONA": "SEL BARAT", "SHAPE_LENG": 201.239743546, "TRANSECTID": 4, "TRANSORDER": 4, "SHORELINEI": "2019-01-01", "BASELINEID": 1, "DISTANCE": 324.46, "INTERSECTX": 290120.86349900003, "INTERSECTY": 9243641.0904799998, "UNCERTAINT": 10, "NAMA_TITI2": "T04", "D_TAHUN": 0.0, "LRR": -3.32, "SKOR_SHORE": 5, "RASTERVALU": 6.89058, "SKOR_SLOPE": 3, "RASTERVA_1": -2.22393, "SKOR_ELEV": 5, "GEOM_LAP": "Pasir_Halus", "SKOR_GEOM": 3, "KATEGORI": "Abrasi Tinggi", "GELOMBANG": 0.27045398599961201, "PASUT": 0.88, "SLR": 4.69, "SKOR_GEL": 4, "SKOR_PASUT": 3, "SKOR_SLR": 5, "CVI": 58.094750193110002, "KELAS_CVI": 4, "KELAS_CV_1": "Tinggi", "LAHAN": "Pantai", "JENIS": "Natural", "SKOR_LAHAN": 2, "DELTA_D": 0.62, "D_MEAN": 3.7045, "D_MEDIAN": 6.765, "TSS_MIN_MG": 13.7, "TSS_RATA_R": 23.9, "TSS_MEDIAN": 21.3, "TSS_MAKS_M": 128.4, "TSS_STDDEV": 9.1, "HS": 0.270453986, "MWP_MEAN_S": 3.7762, "MWD_CIRCUL": 31.52, "JARAK_MUAR": 191.803552089433, "NAMA_SUNGA": "KaliGangsa", "MUARA_ID": "M1", "RESPON": "Akresi", "TSS__BATAS": 30.4, "PROKSI_NER": "Deposisi Lokal" }, "geometry": { "type": "MultiLineString", "coordinates": [ [ [ 109.100783287690291, -6.838942519256244 ], [ 109.100721969819716, -6.838909456924357 ], [ 109.100708092283796, -6.838901974837066 ], [ 109.100626750665882, -6.838858116071616 ], [ 109.100313932266076, -6.838689447124103 ], [ 109.099181181250785, -6.838078676173468 ] ] ] } },
{ "type": "Feature", "properties": { "OBJECTID_1": 2113, "OBJECTID": 31, "ID": 0, "TAHUN": 2019, "DATE": "2019-01-01", "NAMA_TITIK": "T02", "ZONA": "SEL BARAT", "SHAPE_LENG": 200.672590853, "TRANSECTID": 2, "TRANSORDER": 2, "SHORELINEI": "2019-01-01", "BASELINEID": 1, "DISTANCE": 300.06, "INTERSECTX": 289777.326634, "INTERSECTY": 9243847.4348700009, "UNCERTAINT": 10, "NAMA_TITI2": "T02", "D_TAHUN": 0.0, "LRR": -2.19, "SKOR_SHORE": 5, "RASTERVALU": 6.56471, "SKOR_SLOPE": 3, "RASTERVA_1": -1.78074, "SKOR_ELEV": 5, "GEOM_LAP": "Pasir_Halus", "SKOR_GEOM": 3, "KATEGORI": "Abrasi Tinggi", "GELOMBANG": 0.27045398599961201, "PASUT": 0.88, "SLR": 4.69, "SKOR_GEL": 4, "SKOR_PASUT": 3, "SKOR_SLR": 5, "CVI": 58.094750193110002, "KELAS_CVI": 4, "KELAS_CV_1": "Tinggi", "LAHAN": "Pantai", "JENIS": "Natural", "SKOR_LAHAN": 2, "DELTA_D": 7.12, "D_MEAN": 3.7045, "D_MEDIAN": 6.765, "TSS_MIN_MG": 13.7, "TSS_RATA_R": 23.9, "TSS_MEDIAN": 21.3, "TSS_MAKS_M": 128.4, "TSS_STDDEV": 9.1, "HS": 0.270453986, "MWP_MEAN_S": 3.7762, "MWD_CIRCUL": 31.52, "JARAK_MUAR": 579.82548354246296, "NAMA_SUNGA": "KaliGangsa", "MUARA_ID": "M1", "RESPON": "Akresi", "TSS__BATAS": 30.4, "PROKSI_NER": "Deposisi Lokal" }, "geometry": { "type": "MultiLineString", "coordinates": [ [ [ 109.097683135212876, -6.837064683718125 ], [ 109.09756502425985, -6.836967711708462 ], [ 109.096609545903092, -6.836183232656418 ], [ 109.096583172689819, -6.836161579720709 ], [ 109.096558281790792, -6.83614114325413 ], [ 109.096335212326736, -6.835957995407459 ], [ 109.096280478728133, -6.835913056967156 ] ] ] } },
{ "type": "Feature", "properties": { "OBJECTID_1": 2114, "OBJECTID": 31, "ID": 0, "TAHUN": 2019, "DATE": "2019-01-01", "NAMA_TITIK": "T01", "ZONA": "SEL BARAT", "SHAPE_LENG": 80.212679627900002, "TRANSECTID": 1, "TRANSORDER": 1, "SHORELINEI": "2019-01-01", "BASELINEID": 1, "DISTANCE": 316.48, "INTERSECTX": 289621.76096099999, "INTERSECTY": 9243974.1977600008, "UNCERTAINT": 10, "NAMA_TITI2": "T01", "D_TAHUN": 0.0, "LRR": -0.96, "SKOR_SHORE": 3, "RASTERVALU": 0.111227, "SKOR_SLOPE": 5, "RASTERVA_1": -2.91494, "SKOR_ELEV": 5, "GEOM_LAP": "Pasir_Halus", "SKOR_GEOM": 3, "KATEGORI": "Stabil", "GELOMBANG": 0.27045398599961201, "PASUT": 0.88, "SLR": 4.69, "SKOR_GEL": 4, "SKOR_PASUT": 3, "SKOR_SLR": 5, "CVI": 58.094750193110002, "KELAS_CVI": 4, "KELAS_CV_1": "Tinggi", "LAHAN": "Pantai", "JENIS": "Natural", "SKOR_LAHAN": 2, "DELTA_D": 10.58, "D_MEAN": 3.7045, "D_MEDIAN": 6.765, "TSS_MIN_MG": 13.7, "TSS_RATA_R": 23.9, "TSS_MEDIAN": 21.3, "TSS_MAKS_M": 128.4, "TSS_STDDEV": 9.1, "HS": 0.270453986, "MWP_MEAN_S": 3.7762, "MWD_CIRCUL": 31.52, "JARAK_MUAR": 778.10088489128304, "NAMA_SUNGA": "KaliGangsa", "MUARA_ID": "M1", "RESPON": "Akresi", "TSS__BATAS": 30.4, "PROKSI_NER": "Deposisi Lokal" }, "geometry": { "type": "MultiLineString", "coordinates": [ [ [ 109.096280478728133, -6.835913056967156 ], [ 109.096061668863314, -6.835733406732232 ], [ 109.095840119071795, -6.835551506114342 ], [ 109.095719811594151, -6.83545272959109 ] ] ] } },
{ "type": "Feature", "properties": { "OBJECTID_1": 2115, "OBJECTID": 32, "ID": 0, "TAHUN": 2020, "DATE": "2020-01-01", "NAMA_TITIK": "T42", "ZONA": "SEL TIMUR", "SHAPE_LENG": 209.902557247, "TRANSECTID": 46, "TRANSORDER": 46, "SHORELINEI": "2020", "BASELINEID": 1, "DISTANCE": 258.0, "INTERSECTX": 298005.90809799999, "INTERSECTY": 9242335.5606399998, "UNCERTAINT": 10, "NAMA_TITI2": "T42", "D_TAHUN": 0.0, "LRR": -1.48, "SKOR_SHORE": 4, "RASTERVALU": 10.6361, "SKOR_SLOPE": 2, "RASTERVA_1": -1.41562, "SKOR_ELEV": 5, "GEOM_LAP": "Tambak", "SKOR_GEOM": 5, "KATEGORI": "Abrasi Sedang", "GELOMBANG": 0.27479169298620698, "PASUT": 0.89, "SLR": 4.69, "SKOR_GEL": 4, "SKOR_PASUT": 2, "SKOR_SLR": 5, "CVI": 54.772255750520003, "KELAS_CVI": 4, "KELAS_CV_1": "Tinggi", "LAHAN": "Tambak", "JENIS": "Natural", "SKOR_LAHAN": 3, "DELTA_D": -9.91, "D_MEAN": 2.461111111111105, "D_MEDIAN": 2.89, "TSS_MIN_MG": 8.3, "TSS_RATA_R": 29.4, "TSS_MEDIAN": 25.5, "TSS_MAKS_M": 200.2, "TSS_STDDEV": 20.8, "HS": 0.269473498, "MWP_MEAN_S": 3.7462, "MWD_CIRCUL": 27.43, "JARAK_MUAR": 1130.0451134499999, "NAMA_SUNGA": "Kali Ketiwon", "MUARA_ID": "M5", "RESPON": "Akresi", "TSS__BATAS": 30.4, "PROKSI_NER": "Deposisi Lokal" }, "geometry": { "type": "MultiLineString", "coordinates": [ [ [ 109.172068263897131, -6.851001039453013 ], [ 109.171913849296047, -6.850922672233271 ], [ 109.171719858026506, -6.850824220533964 ], [ 109.171430374626127, -6.850677305373577 ], [ 109.171296128280318, -6.850609173815532 ], [ 109.171279014759719, -6.850594794149202 ], [ 109.171104921855033, -6.85044851244953 ], [ 109.170914656097537, -6.850288640328428 ], [ 109.170834294448781, -6.850221117070477 ], [ 109.170788359993622, -6.850182520284458 ], [ 109.170626416729519, -6.850046446496707 ], [ 109.170597213633158, -6.85002518088253 ], [ 109.170498767884482, -6.849953493836221 ] ] ] } },
{ "type": "Feature", "properties": { "OBJECTID_1": 2129, "OBJECTID": 32, "ID": 0, "TAHUN": 2020, "DATE": "2020-01-01", "NAMA_TITIK": "T40", "ZONA": "SEL TIMUR", "SHAPE_LENG": 200.61545120599999, "TRANSECTID": 44, "TRANSORDER": 44, "SHORELINEI": "2020-01-01", "BASELINEID": 1, "DISTANCE": 280.94, "INTERSECTX": 297669.65495499998, "INTERSECTY": 9242570.65625, "UNCERTAINT": 10, "NAMA_TITI2": "T40", "D_TAHUN": 0.0, "LRR": -2.39, "SKOR_SHORE": 5, "RASTERVALU": 1.31742, "SKOR_SLOPE": 5, "RASTERVA_1": -2.87668, "SKOR_ELEV": 5, "GEOM_LAP": "Tambak", "SKOR_GEOM": 5, "KATEGORI": "Abrasi Tinggi", "GELOMBANG": 0.26947349835844597, "PASUT": 0.852, "SLR": 4.69, "SKOR_GEL": 4, "SKOR_PASUT": 4, "SKOR_SLR": 5, "CVI": 136.93063937629, "KELAS_CVI": 5, "KELAS_CV_1": "Sangat Tinggi", "LAHAN": "Tambak", "JENIS": "Natural", "SKOR_LAHAN": 3, "DELTA_D": -10.41, "D_MEAN": 2.461111111111105, "D_MEDIAN": 2.89, "TSS_MIN_MG": 8.3, "TSS_RATA_R": 29.4, "TSS_MEDIAN": 25.5, "TSS_MAKS_M": 200.2, "TSS_STDDEV": 20.8, "HS": 0.269473498, "MWP_MEAN_S": 3.7462, "MWD_CIRCUL": 27.43, "JARAK_MUAR": 727.664323427044, "NAMA_SUNGA": "Kali Ketiwon", "MUARA_ID": "M5", "RESPON": "Akresi", "TSS__BATAS": 30.4, "PROKSI_NER": "Deposisi Lokal" }, "geometry": { "type": "MultiLineString", "coordinates": [ [ [ 109.169031970217802, -6.84888536889116 ], [ 109.16879742206838, -6.848714569964616 ], [ 109.168703406374277, -6.848646107492872 ], [ 109.168117688767111, -6.84821958379158 ], [ 109.167753120136553, -6.847954101826843 ], [ 109.167596443808762, -6.847840008399336 ], [ 109.167565178737249, -6.847817241152467 ] ] ] } },
{ "type": "Feature", "properties": { "OBJECTID_1": 2130, "OBJECTID": 32, "ID": 0, "TAHUN": 2020, "DATE": "2020-01-01", "NAMA_TITIK": "T41", "ZONA": "SEL TIMUR", "SHAPE_LENG": 200.61537016, "TRANSECTID": 45, "TRANSORDER": 45, "SHORELINEI": "2020-01-01", "BASELINEID": 1, "DISTANCE": 265.24, "INTERSECTX": 297832.246874, "INTERSECTY": 9242453.1384399999, "UNCERTAINT": 10, "NAMA_TITI2": "T41", "D_TAHUN": 0.0, "LRR": -2.12, "SKOR_SHORE": 5, "RASTERVALU": 9.05717, "SKOR_SLOPE": 2, "RASTERVA_1": -1.62402, "SKOR_ELEV": 5, "GEOM_LAP": "Tambak", "SKOR_GEOM": 5, "KATEGORI": "Abrasi Tinggi", "GELOMBANG": 0.26947349835844597, "PASUT": 0.852, "SLR": 4.69, "SKOR_GEL": 4, "SKOR_PASUT": 4, "SKOR_SLR": 5, "CVI": 86.602540378439997, "KELAS_CVI": 5, "KELAS_CV_1": "Sangat Tinggi", "LAHAN": "Tambak", "JENIS": "Natural", "SKOR_LAHAN": 3, "DELTA_D": -8.48, "D_MEAN": 2.461111111111105, "D_MEDIAN": 2.89, "TSS_MIN_MG": 8.3, "TSS_RATA_R": 29.4, "TSS_MEDIAN": 25.5, "TSS_MAKS_M": 200.2, "TSS_STDDEV": 20.8, "HS": 0.269473498, "MWP_MEAN_S": 3.7462, "MWD_CIRCUL": 27.43, "JARAK_MUAR": 936.29342666807304, "NAMA_SUNGA": "Kali Ketiwon", "MUARA_ID": "M5", "RESPON": "Akresi", "TSS__BATAS": 30.4, "PROKSI_NER": "Deposisi Lokal" }, "geometry": { "type": "MultiLineString", "coordinates": [ [ [ 109.170498767884482, -6.849953493836221 ], [ 109.170301945055456, -6.849810166982829 ], [ 109.169971000908433, -6.849569172849895 ], [ 109.169031970217802, -6.84888536889116 ] ] ] } },
{ "type": "Feature", "properties": { "OBJECTID_1": 2139, "OBJECTID": 32, "ID": 0, "TAHUN": 2020, "DATE": "2020-01-01", "NAMA_TITIK": "T51", "ZONA": "SEL BARAT", "SHAPE_LENG": 203.58527635300001, "TRANSECTID": 20, "TRANSORDER": 20, "SHORELINEI": "2020-01-01", "BASELINEID": 1, "DISTANCE": 246.05, "INTERSECTX": 292990.02116599999, "INTERSECTY": 9242616.6786700003, "UNCERTAINT": 10, "NAMA_TITI2": "T51", "D_TAHUN": 0.0, "LRR": 0.72, "SKOR_SHORE": 3, "RASTERVALU": 2.59289, "SKOR_SLOPE": 4, "RASTERVA_1": -2.65623, "SKOR_ELEV": 5, "GEOM_LAP": "Aluvial", "SKOR_GEOM": 4, "KATEGORI": "Stabil", "GELOMBANG": 0.26947349835844597, "PASUT": 0.852, "SLR": 4.69, "SKOR_GEL": 4, "SKOR_PASUT": 4, "SKOR_SLR": 5, "CVI": 97.979589711329993, "KELAS_CVI": 5, "KELAS_CV_1": "Sangat Tinggi", "LAHAN": "Muara", "JENIS": "Natural", "SKOR_LAHAN": 4, "DELTA_D": -5.81, "D_MEAN": -6.649, "D_MEDIAN": -4.185, "TSS_MIN_MG": 10.2, "TSS_RATA_R": 29.1, "TSS_MEDIAN": 25.3, "TSS_MAKS_M": 134.7, "TSS_STDDEV": 13.9, "HS": 0.269473498, "MWP_MEAN_S": 3.7462, "MWD_CIRCUL": 27.43, "JARAK_MUAR": 19.716633507029201, "NAMA_SUNGA": "Kali Sibelis", "MUARA_ID": "M3", "RESPON": "Abrasi", "TSS__BATAS": 30.4, "PROKSI_NER": "Defisit/Erosi" }, "geometry": { "type": "MultiLineString", "coordinates": [ [ [ 109.126700950373078, -6.848306117383184 ], [ 109.126700845407427, -6.848306125111201 ], [ 109.12669760230618, -6.848306370146655 ], [ 109.12664567830123, -6.848310293289164 ], [ 109.126630323340478, -6.848311453104917 ], [ 109.126614258949104, -6.848312667114865 ], [ 109.126583590650199, -6.848314984193636 ], [ 109.126506341681264, -6.848320821190171 ], [ 109.126476890451116, -6.848323046264569 ], [ 109.126457332306771, -6.848324524216624 ], [ 109.126414767509075, -6.848327740625235 ], [ 109.126401929028575, -6.848328710431429 ], [ 109.126339932774385, -6.848333394426349 ], [ 109.126320539321284, -6.848334859452752 ], [ 109.126252215217875, -6.848340022365114 ], [ 109.126244645871765, -6.848340594098887 ], [ 109.126126054617188, -6.848349553637189 ], [ 109.126122074036076, -6.848349854561417 ], [ 109.126102988244128, -6.848351296366796 ], [ 109.126079421470777, -6.848353076925756 ], [ 109.126011913576903, -6.848358177887834 ], [ 109.126002634908005, -6.848358878571654 ], [ 109.125968308173597, -6.848361471569111 ], [ 109.125967857540445, -6.848361505977019 ], [ 109.125958910058444, -6.848362181731673 ], [ 109.125953838188266, -6.848362565195354 ], [ 109.125936924116814, -6.848363842773884 ], [ 109.125707019597158, -6.848381213212008 ], [ 109.125694883309095, -6.848382129681103 ], [ 109.125632834584735, -6.848386816992821 ], [ 109.125551040408737, -6.848392996849432 ], [ 109.125547244423515, -6.848393284022638 ], [ 109.125470399463126, -6.848392961688408 ], [ 109.125218624572142, -6.848391905424866 ], [ 109.125012402705806, -6.848391039414397 ], [ 109.124882107187574, -6.848377866018501 ], [ 109.124863356484155, -6.848375970134525 ] ] ] } },
{ "type": "Feature", "properties": { "OBJECTID_1": 2157, "OBJECTID": 32, "ID": 0, "TAHUN": 2020, "DATE": "2020-01-01", "NAMA_TITIK": "T39", "ZONA": "SEL TIMUR", "SHAPE_LENG": 200.61553225200001, "TRANSECTID": 43, "TRANSORDER": 43, "SHORELINEI": "2020-01-01", "BASELINEID": 1, "DISTANCE": 296.64, "INTERSECTX": 297507.06303600001, "INTERSECTY": 9242688.1740600001, "UNCERTAINT": 10, "NAMA_TITI2": "T39", "D_TAHUN": 0.0, "LRR": -3.6, "SKOR_SHORE": 5, "RASTERVALU": 0.000339, "SKOR_SLOPE": 5, "RASTERVA_1": -2.9425, "SKOR_ELEV": 5, "GEOM_LAP": "Pasir_Halus", "SKOR_GEOM": 3, "KATEGORI": "Abrasi Tinggi", "GELOMBANG": 0.26947349835844597, "PASUT": 0.852, "SLR": 4.69, "SKOR_GEL": 4, "SKOR_PASUT": 4, "SKOR_SLR": 5, "CVI": 86.602540378439997, "KELAS_CVI": 5, "KELAS_CV_1": "Sangat Tinggi", "LAHAN": "Pantai", "JENIS": "Natural", "SKOR_LAHAN": 2, "DELTA_D": 13.11, "D_MEAN": 2.461111111111105, "D_MEDIAN": 2.89, "TSS_MIN_MG": 8.3, "TSS_RATA_R": 29.4, "TSS_MEDIAN": 25.5, "TSS_MAKS_M": 200.2, "TSS_STDDEV": 20.8, "HS": 0.269473498, "MWP_MEAN_S": 3.7462, "MWD_CIRCUL": 27.43, "JARAK_MUAR": 535.47677602736997, "NAMA_SUNGA": "Kali Ketiwon", "MUARA_ID": "M5", "RESPON": "Akresi", "TSS__BATAS": 30.4, "PROKSI_NER": "Deposisi Lokal" }, "geometry": { "type": "MultiLineString", "coordinates": [ [ [ 109.167565178737249, -6.847817241152467 ], [ 109.166098393442269, -6.846749110622239 ] ] ] } },
{ "type": "Feature", "properties": { "OBJECTID_1": 2170, "OBJECTID": 32, "ID": 0, "TAHUN": 2020, "DATE": "2020-01-01", "NAMA_TITIK": "T37", "ZONA": "SEL TIMUR", "SHAPE_LENG": 216.71774089499999, "TRANSECTID": 41, "TRANSORDER": 41, "SHORELINEI": "2020-01-01", "BASELINEID": 1, "DISTANCE": 261.57, "INTERSECTX": 297165.96643799997, "INTERSECTY": 9242857.8535999991, "UNCERTAINT": 10, "NAMA_TITI2": "T37", "D_TAHUN": 0.0, "LRR": -4.54, "SKOR_SHORE": 5, "RASTERVALU": 0.000345, "SKOR_SLOPE": 5, "RASTERVA_1": -2.94128, "SKOR_ELEV": 5, "GEOM_LAP": "Pasir_Halus", "SKOR_GEOM": 3, "KATEGORI": "Abrasi Tinggi", "GELOMBANG": 0.26947349835844597, "PASUT": 0.852, "SLR": 4.69, "SKOR_GEL": 4, "SKOR_PASUT": 4, "SKOR_SLR": 5, "CVI": 86.602540378439997, "KELAS_CVI": 5, "KELAS_CV_1": "Sangat Tinggi", "LAHAN": "Pantai", "JENIS": "Natural", "SKOR_LAHAN": 2, "DELTA_D": -6.11, "D_MEAN": 2.461111111111105, "D_MEDIAN": 2.89, "TSS_MIN_MG": 8.3, "TSS_RATA_R": 29.4, "TSS_MEDIAN": 25.5, "TSS_MAKS_M": 200.2, "TSS_STDDEV": 20.8, "HS": 0.269473498, "MWP_MEAN_S": 3.7462, "MWD_CIRCUL": 27.43, "JARAK_MUAR": 155.29372815372599, "NAMA_SUNGA": "Kali Ketiwon", "MUARA_ID": "M5", "RESPON": "Akresi", "TSS__BATAS": 30.4, "PROKSI_NER": "Deposisi Lokal" }, "geometry": { "type": "MultiLineString", "coordinates": [ [ [ 109.16448540864711, -6.846271335196331 ], [ 109.164118952465643, -6.846251926148454 ], [ 109.163902147234538, -6.846240443663091 ], [ 109.163672786504748, -6.845805761063787 ], [ 109.163660952849568, -6.845783334587289 ], [ 109.163643693646875, -6.845750624404732 ], [ 109.163559337337801, -6.845692311955085 ], [ 109.162967355108407, -6.845283094454897 ] ] ] } },
{ "type": "Feature", "properties": { "OBJECTID_1": 2171, "OBJECTID": 32, "ID": 0, "TAHUN": 2020, "DATE": "2020-01-01", "NAMA_TITIK": "T38", "ZONA": "SEL TIMUR", "SHAPE_LENG": 193.70473461099999, "TRANSECTID": 42, "TRANSORDER": 42, "SHORELINEI": "2020-01-01", "BASELINEID": 1, "DISTANCE": 312.35, "INTERSECTX": 297344.47111699998, "INTERSECTY": 9242805.6918700002, "UNCERTAINT": 10, "NAMA_TITI2": "T38", "D_TAHUN": 0.0, "LRR": -4.04, "SKOR_SHORE": 5, "RASTERVALU": 0.000344, "SKOR_SLOPE": 5, "RASTERVA_1": -2.94192, "SKOR_ELEV": 5, "GEOM_LAP": "Pasir_Halus", "SKOR_GEOM": 3, "KATEGORI": "Abrasi Tinggi", "GELOMBANG": 0.26947349835844597, "PASUT": 0.852, "SLR": 4.69, "SKOR_GEL": 4, "SKOR_PASUT": 4, "SKOR_SLR": 5, "CVI": 86.602540378439997, "KELAS_CVI": 5, "KELAS_CV_1": "Sangat Tinggi", "LAHAN": "Pantai", "JENIS": "Natural", "SKOR_LAHAN": 2, "DELTA_D": 5.38, "D_MEAN": 2.461111111111105, "D_MEDIAN": 2.89, "TSS_MIN_MG": 8.3, "TSS_RATA_R": 29.4, "TSS_MEDIAN": 25.5, "TSS_MAKS_M": 200.2, "TSS_STDDEV": 20.8, "HS": 0.269473498, "MWP_MEAN_S": 3.7462, "MWD_CIRCUL": 27.43, "JARAK_MUAR": 355.43647958132902, "NAMA_SUNGA": "Kali Ketiwon", "MUARA_ID": "M5", "RESPON": "Akresi", "TSS__BATAS": 30.4, "PROKSI_NER": "Deposisi Lokal" }, "geometry": { "type": "MultiLineString", "coordinates": [ [ [ 109.166098393442269, -6.846749110622239 ], [ 109.166094659551774, -6.846746391163276 ], [ 109.165979745193027, -6.846662708650734 ], [ 109.165517356564422, -6.846325989728103 ], [ 109.165196052889229, -6.84630897256202 ], [ 109.164877898581139, -6.846292122722545 ], [ 109.164781785544037, -6.846287032545642 ], [ 109.164526116961596, -6.846273491504966 ], [ 109.164497104972114, -6.846271954892746 ], [ 109.16448540864711, -6.846271335196331 ] ] ] } },
{ "type": "Feature", "properties": { "OBJECTID_1": 2186, "OBJECTID": 32, "ID": 0, "TAHUN": 2020, "DATE": "2020-01-01", "NAMA_TITIK": "T05", "ZONA": "SEL BARAT", "SHAPE_LENG": 202.34890769699999, "TRANSECTID": 6, "TRANSORDER": 6, "SHORELINEI": "2020-01-01", "BASELINEID": 1, "DISTANCE": 304.48, "INTERSECTX": 290407.68744000001, "INTERSECTY": 9243535.9077499993, "UNCERTAINT": 10, "NAMA_TITI2": "T05", "D_TAHUN": 0.0, "LRR": -1.47, "SKOR_SHORE": 4, "RASTERVALU": 6.15341, "SKOR_SLOPE": 3, "RASTERVA_1": -2.46219, "SKOR_ELEV": 5, "GEOM_LAP": "Pasir_Halus", "SKOR_GEOM": 3, "KATEGORI": "Abrasi Sedang", "GELOMBANG": 0.26947349835844597, "PASUT": 0.852, "SLR": 4.69, "SKOR_GEL": 4, "SKOR_PASUT": 4, "SKOR_SLR": 5, "CVI": 84.852813742389998, "KELAS_CVI": 5, "KELAS_CV_1": "Sangat Tinggi", "LAHAN": "Muara", "JENIS": "Natural", "SKOR_LAHAN": 4, "DELTA_D": 43.13, "D_MEAN": -6.649, "D_MEDIAN": -4.185, "TSS_MIN_MG": 10.2, "TSS_RATA_R": 29.1, "TSS_MEDIAN": 25.3, "TSS_MAKS_M": 134.7, "TSS_STDDEV": 13.9, "HS": 0.269473498, "MWP_MEAN_S": 3.7462, "MWD_CIRCUL": 27.43, "JARAK_MUAR": 4.2768385923696401, "NAMA_SUNGA": "KaliGangsa", "MUARA_ID": "M1", "RESPON": "Abrasi", "TSS__BATAS": 30.4, "PROKSI_NER": "Defisit/Erosi" }, "geometry": { "type": "MultiLineString", "coordinates": [ [ [ 109.103374063712394, -6.839903712535608 ], [ 109.103356985557483, -6.839887543784332 ], [ 109.103353746567549, -6.839884476907164 ], [ 109.103284026252524, -6.839818469104965 ], [ 109.103129456404844, -6.839750188384681 ], [ 109.103022257811759, -6.839702833936825 ], [ 109.102952757355268, -6.839672132762781 ], [ 109.102667245284792, -6.839546009197619 ], [ 109.1026544775807, -6.839540369600267 ], [ 109.102488334044409, -6.839466975508676 ], [ 109.102464150462779, -6.839456292025853 ], [ 109.102356203434709, -6.839408607222663 ], [ 109.102344793872803, -6.839403566980026 ], [ 109.102342086641755, -6.839402371006016 ], [ 109.102292609688973, -6.839380515044676 ], [ 109.102250260218682, -6.839361807297244 ], [ 109.102244484553225, -6.839359255703395 ], [ 109.102047495189439, -6.839272235950358 ], [ 109.101772427943274, -6.839150725295308 ], [ 109.101723281557568, -6.839129015251896 ] ] ] } },
{ "type": "Feature", "properties": { "OBJECTID_1": 2187, "OBJECTID": 32, "ID": 0, "TAHUN": 2020, "DATE": "2020-01-01", "NAMA_TITIK": "T03", "ZONA": "SEL BARAT", "SHAPE_LENG": 202.862770383, "TRANSECTID": 3, "TRANSORDER": 3, "SHORELINEI": "2020-01-01", "BASELINEID": 1, "DISTANCE": 224.17, "INTERSECTX": 289899.22160200001, "INTERSECTY": 9243671.6485300008, "UNCERTAINT": 10, "NAMA_TITI2": "T03", "D_TAHUN": 0.0, "LRR": -3.26, "SKOR_SHORE": 5, "RASTERVALU": 6.99672, "SKOR_SLOPE": 3, "RASTERVA_1": -1.58426, "SKOR_ELEV": 5, "GEOM_LAP": "Pasir_Halus", "SKOR_GEOM": 3, "KATEGORI": "Abrasi Tinggi", "GELOMBANG": 0.26947349835844597, "PASUT": 0.852, "SLR": 4.69, "SKOR_GEL": 4, "SKOR_PASUT": 4, "SKOR_SLR": 5, "CVI": 67.082039324990006, "KELAS_CVI": 4, "KELAS_CV_1": "Tinggi", "LAHAN": "Pantai", "JENIS": "Natural", "SKOR_LAHAN": 2, "DELTA_D": -77.99, "D_MEAN": -6.649, "D_MEDIAN": -4.185, "TSS_MIN_MG": 10.2, "TSS_RATA_R": 29.1, "TSS_MEDIAN": 25.3, "TSS_MAKS_M": 134.7, "TSS_STDDEV": 13.9, "HS": 0.269473498, "MWP_MEAN_S": 3.7462, "MWD_CIRCUL": 27.43, "JARAK_MUAR": 387.64661320961198, "NAMA_SUNGA": "KaliGangsa", "MUARA_ID": "M1", "RESPON": "Abrasi", "TSS__BATAS": 30.4, "PROKSI_NER": "Defisit/Erosi" }, "geometry": { "type": "MultiLineString", "coordinates": [ [ [ 109.098779472201187, -6.83865832631969 ], [ 109.09746717113768, -6.837376311252402 ] ] ] } },
{ "type": "Feature", "properties": { "OBJECTID_1": 2188, "OBJECTID": 32, "ID": 0, "TAHUN": 2020, "DATE": "2020-01-01", "NAMA_TITIK": "T44", "ZONA": "SEL BARAT", "SHAPE_LENG": 104.057800308, "TRANSECTID": 5, "TRANSORDER": 5, "SHORELINEI": "2020-01-01", "BASELINEID": 1, "DISTANCE": 329.88, "INTERSECTX": 290224.859207, "INTERSECTY": 9243620.8733099997, "UNCERTAINT": 10, "NAMA_TITI2": "T44", "D_TAHUN": 0.0, "LRR": -2.33, "SKOR_SHORE": 5, "RASTERVALU": 0.013365, "SKOR_SLOPE": 5, "RASTERVA_1": -2.91714, "SKOR_ELEV": 5, "GEOM_LAP": "Aluvial", "SKOR_GEOM": 4, "KATEGORI": "Abrasi Tinggi", "GELOMBANG": 0.26947349835844597, "PASUT": 0.852, "SLR": 4.69, "SKOR_GEL": 4, "SKOR_PASUT": 4, "SKOR_SLR": 5, "CVI": 141.42135623730999, "KELAS_CVI": 5, "KELAS_CV_1": "Sangat Tinggi", "LAHAN": "Muara", "JENIS": "Natural", "SKOR_LAHAN": 4, "DELTA_D": 31.7, "D_MEAN": -6.649, "D_MEDIAN": -4.185, "TSS_MIN_MG": 10.2, "TSS_RATA_R": 29.1, "TSS_MEDIAN": 25.3, "TSS_MAKS_M": 134.7, "TSS_STDDEV": 13.9, "HS": 0.269473498, "MWP_MEAN_S": 3.7462, "MWD_CIRCUL": 27.43, "JARAK_MUAR": 61.827697463302599, "NAMA_SUNGA": "KaliGangsa", "MUARA_ID": "M1", "RESPON": "Abrasi", "TSS__BATAS": 30.4, "PROKSI_NER": "Defisit/Erosi" }, "geometry": { "type": "MultiLineString", "coordinates": [ [ [ 109.101723281557568, -6.839129015251896 ], [ 109.101599641289511, -6.839074397123985 ], [ 109.101216916544786, -6.838905328993199 ], [ 109.101075182008557, -6.838893989950755 ], [ 109.101073612143864, -6.838893864412723 ], [ 109.101063264239414, -6.838893036998626 ], [ 109.100995155995946, -6.838887588555293 ], [ 109.100987790472374, -6.838886999841763 ], [ 109.100980445750409, -6.838886412114308 ], [ 109.100949621790079, -6.838883946102786 ], [ 109.100834586734024, -6.838874742999617 ], [ 109.100831288751777, -6.838874479543992 ], [ 109.100830485735329, -6.838874414894998 ] ] ] } },
{ "type": "Feature", "properties": { "OBJECTID_1": 2189, "OBJECTID": 32, "ID": 0, "TAHUN": 2020, "DATE": "2020-01-01", "NAMA_TITIK": "T04", "ZONA": "SEL BARAT", "SHAPE_LENG": 229.995228239, "TRANSECTID": 4, "TRANSORDER": 4, "SHORELINEI": "2020-01-01", "BASELINEID": 1, "DISTANCE": 333.63, "INTERSECTX": 290126.051324, "INTERSECTY": 9243648.6437800005, "UNCERTAINT": 10, "NAMA_TITI2": "T04", "D_TAHUN": 0.0, "LRR": -3.32, "SKOR_SHORE": 5, "RASTERVALU": 6.89058, "SKOR_SLOPE": 3, "RASTERVA_1": -2.22393, "SKOR_ELEV": 5, "GEOM_LAP": "Pasir_Halus", "SKOR_GEOM": 3, "KATEGORI": "Abrasi Tinggi", "GELOMBANG": 0.26947349835844597, "PASUT": 0.852, "SLR": 4.69, "SKOR_GEL": 4, "SKOR_PASUT": 4, "SKOR_SLR": 5, "CVI": 67.082039324990006, "KELAS_CVI": 4, "KELAS_CV_1": "Tinggi", "LAHAN": "Pantai", "JENIS": "Natural", "SKOR_LAHAN": 2, "DELTA_D": 9.17, "D_MEAN": -6.649, "D_MEDIAN": -4.185, "TSS_MIN_MG": 10.2, "TSS_RATA_R": 29.1, "TSS_MEDIAN": 25.3, "TSS_MAKS_M": 134.7, "TSS_STDDEV": 13.9, "HS": 0.269473498, "MWP_MEAN_S": 3.7462, "MWD_CIRCUL": 27.43, "JARAK_MUAR": 191.803552089433, "NAMA_SUNGA": "KaliGangsa", "MUARA_ID": "M1", "RESPON": "Abrasi", "TSS__BATAS": 30.4, "PROKSI_NER": "Defisit/Erosi" }, "geometry": { "type": "MultiLineString", "coordinates": [ [ [ 109.100830485735329, -6.838874414894998 ], [ 109.100801035408665, -6.838872059172856 ], [ 109.100800593205449, -6.838872023975386 ], [ 109.100750627940656, -6.838868026782058 ], [ 109.100683467424901, -6.838862653461991 ], [ 109.10067608834197, -6.838862062882126 ], [ 109.100672851853176, -6.838861804188753 ], [ 109.10063817468091, -6.838859030016569 ], [ 109.100626750665882, -6.838858116071616 ], [ 109.100608573342413, -6.83885666193359 ], [ 109.100595728671479, -6.838855634790884 ], [ 109.099220681640887, -6.838745631054435 ], [ 109.09919223060686, -6.838743355130611 ], [ 109.09883745545477, -6.838714972191172 ], [ 109.098779472201187, -6.83865832631969 ] ] ] } },
{ "type": "Feature", "properties": { "OBJECTID_1": 2191, "OBJECTID": 32, "ID": 0, "TAHUN": 2020, "DATE": "2020-01-01", "NAMA_TITIK": "T02", "ZONA": "SEL BARAT", "SHAPE_LENG": 202.86284217299999, "TRANSECTID": 2, "TRANSORDER": 2, "SHORELINEI": "2020-01-01", "BASELINEID": 1, "DISTANCE": 258.13, "INTERSECTX": 289753.588391, "INTERSECTY": 9243812.8727599997, "UNCERTAINT": 10, "NAMA_TITI2": "T02", "D_TAHUN": 0.0, "LRR": -2.19, "SKOR_SHORE": 5, "RASTERVALU": 6.56471, "SKOR_SLOPE": 3, "RASTERVA_1": -1.78074, "SKOR_ELEV": 5, "GEOM_LAP": "Pasir_Halus", "SKOR_GEOM": 3, "KATEGORI": "Abrasi Tinggi", "GELOMBANG": 0.26947349835844597, "PASUT": 0.852, "SLR": 4.69, "SKOR_GEL": 4, "SKOR_PASUT": 4, "SKOR_SLR": 5, "CVI": 67.082039324990006, "KELAS_CVI": 4, "KELAS_CV_1": "Tinggi", "LAHAN": "Pantai", "JENIS": "Natural", "SKOR_LAHAN": 2, "DELTA_D": -41.93, "D_MEAN": -6.649, "D_MEDIAN": -4.185, "TSS_MIN_MG": 10.2, "TSS_RATA_R": 29.1, "TSS_MEDIAN": 25.3, "TSS_MAKS_M": 134.7, "TSS_STDDEV": 13.9, "HS": 0.269473498, "MWP_MEAN_S": 3.7462, "MWD_CIRCUL": 27.43, "JARAK_MUAR": 579.82548354246296, "NAMA_SUNGA": "KaliGangsa", "MUARA_ID": "M1", "RESPON": "Abrasi", "TSS__BATAS": 30.4, "PROKSI_NER": "Defisit/Erosi" }, "geometry": { "type": "MultiLineString", "coordinates": [ [ [ 109.09746717113768, -6.837376311252402 ], [ 109.096926461700505, -6.836848078518842 ], [ 109.096700307483985, -6.836627142813682 ], [ 109.09655939609479, -6.836489483043314 ], [ 109.096325245919346, -6.836260733924165 ], [ 109.096154876216659, -6.836094294472659 ] ] ] } },
{ "type": "Feature", "properties": { "OBJECTID_1": 2192, "OBJECTID": 32, "ID": 0, "TAHUN": 2020, "DATE": "2020-01-01", "NAMA_TITIK": "T01", "ZONA": "SEL BARAT", "SHAPE_LENG": 67.255493309299993, "TRANSECTID": 1, "TRANSORDER": 1, "SHORELINEI": "2020-01-01", "BASELINEID": 1, "DISTANCE": 292.09, "INTERSECTX": 289607.95518, "INTERSECTY": 9243954.0969900005, "UNCERTAINT": 10, "NAMA_TITI2": "T01", "D_TAHUN": 0.0, "LRR": -0.96, "SKOR_SHORE": 3, "RASTERVALU": 0.111227, "SKOR_SLOPE": 5, "RASTERVA_1": -2.91494, "SKOR_ELEV": 5, "GEOM_LAP": "Pasir_Halus", "SKOR_GEOM": 3, "KATEGORI": "Stabil", "GELOMBANG": 0.26947349835844597, "PASUT": 0.852, "SLR": 4.69, "SKOR_GEL": 4, "SKOR_PASUT": 4, "SKOR_SLR": 5, "CVI": 67.082039324990006, "KELAS_CVI": 4, "KELAS_CV_1": "Sangat Tinggi", "LAHAN": "Pantai", "JENIS": "Natural", "SKOR_LAHAN": 2, "DELTA_D": -24.39, "D_MEAN": -6.649, "D_MEDIAN": -4.185, "TSS_MIN_MG": 10.2, "TSS_RATA_R": 29.1, "TSS_MEDIAN": 25.3, "TSS_MAKS_M": 134.7, "TSS_STDDEV": 13.9, "HS": 0.269473498, "MWP_MEAN_S": 3.7462, "MWD_CIRCUL": 27.43, "JARAK_MUAR": 778.10088489128304, "NAMA_SUNGA": "KaliGangsa", "MUARA_ID": "M1", "RESPON": "Abrasi", "TSS__BATAS": 30.4, "PROKSI_NER": "Defisit/Erosi" }, "geometry": { "type": "MultiLineString", "coordinates": [ [ [ 109.096154876216659, -6.836094294472659 ], [ 109.09608168945816, -6.836022796107105 ], [ 109.095822489387928, -6.835769574694286 ], [ 109.095719810911689, -6.835669263983203 ] ] ] } },
{ "type": "Feature", "properties": { "OBJECTID_1": 2194, "OBJECTID": 33, "ID": 0, "TAHUN": 2021, "DATE": "2021-01-01", "NAMA_TITIK": "T41", "ZONA": "SEL TIMUR", "SHAPE_LENG": 200.00037281499999, "TRANSECTID": 45, "TRANSORDER": 45, "SHORELINEI": "2021-01-01", "BASELINEID": 1, "DISTANCE": 261.1, "INTERSECTX": 297830.09415100003, "INTERSECTY": 9242449.6074700002, "UNCERTAINT": 10, "NAMA_TITI2": "T41", "D_TAHUN": 0.0, "LRR": -2.12, "SKOR_SHORE": 5, "RASTERVALU": 9.05717, "SKOR_SLOPE": 2, "RASTERVA_1": -1.62402, "SKOR_ELEV": 5, "GEOM_LAP": "Tambak", "SKOR_GEOM": 5, "KATEGORI": "Abrasi Tinggi", "GELOMBANG": 0.27479169298620698, "PASUT": 0.89, "SLR": 4.69, "SKOR_GEL": 4, "SKOR_PASUT": 2, "SKOR_SLR": 5, "CVI": 61.237243569580002, "KELAS_CVI": 4, "KELAS_CV_1": "Tinggi", "LAHAN": "Tambak", "JENIS": "Natural", "SKOR_LAHAN": 3, "DELTA_D": -4.14, "D_MEAN": -5.3629411764705921, "D_MEDIAN": -4.14, "TSS_MIN_MG": 11.1, "TSS_RATA_R": 24.2, "TSS_MEDIAN": 21.5, "TSS_MAKS_M": 173.4, "TSS_STDDEV": 11.9, "HS": 0.274791693, "MWP_MEAN_S": 3.6145, "MWD_CIRCUL": 21.94, "JARAK_MUAR": 936.29342666807304, "NAMA_SUNGA": "Kali Ketiwon", "MUARA_ID": "M5", "RESPON": "Abrasi", "TSS__BATAS": 30.4, "PROKSI_NER": "Defisit/Erosi" }, "geometry": { "type": "MultiLineString", "coordinates": [ [ [ 109.170479172260428, -6.849985344798638 ], [ 109.168940013502208, -6.849034833524279 ] ] ] } },
{ "type": "Feature", "properties": { "OBJECTID_1": 2195, "OBJECTID": 33, "ID": 0, "TAHUN": 2021, "DATE": "2021-01-01", "NAMA_TITIK": "T42", "ZONA": "SEL TIMUR", "SHAPE_LENG": 235.17671141599999, "TRANSECTID": 46, "TRANSORDER": 46, "SHORELINEI": "2021-01-01", "BASELINEID": 1, "DISTANCE": 258.0, "INTERSECTX": 298005.90809799999, "INTERSECTY": 9242335.5606399998, "UNCERTAINT": 10, "NAMA_TITI2": "T42", "D_TAHUN": 0.0, "LRR": -1.48, "SKOR_SHORE": 4, "RASTERVALU": 10.6361, "SKOR_SLOPE": 2, "RASTERVA_1": -1.41562, "SKOR_ELEV": 5, "GEOM_LAP": "Tambak", "SKOR_GEOM": 5, "KATEGORI": "Abrasi Sedang", "GELOMBANG": 0.27479169298620698, "PASUT": 0.89, "SLR": 4.69, "SKOR_GEL": 4, "SKOR_PASUT": 2, "SKOR_SLR": 5, "CVI": 54.772255750520003, "KELAS_CVI": 4, "KELAS_CV_1": "Tinggi", "LAHAN": "Tambak", "JENIS": "Natural", "SKOR_LAHAN": 3, "DELTA_D": 0.0, "D_MEAN": -5.3629411764705921, "D_MEDIAN": -4.14, "TSS_MIN_MG": 11.1, "TSS_RATA_R": 24.2, "TSS_MEDIAN": 21.5, "TSS_MAKS_M": 173.4, "TSS_STDDEV": 11.9, "HS": 0.274791693, "MWP_MEAN_S": 3.6145, "MWD_CIRCUL": 21.94, "JARAK_MUAR": 1130.0451134499999, "NAMA_SUNGA": "Kali Ketiwon", "MUARA_ID": "M5", "RESPON": "Abrasi", "TSS__BATAS": 30.4, "PROKSI_NER": "Defisit/Erosi" }, "geometry": { "type": "MultiLineString", "coordinates": [ [ [ 109.172259210509111, -6.851149790999727 ], [ 109.172065708704523, -6.851022539503393 ], [ 109.171913849296047, -6.850922672233271 ], [ 109.171760409880122, -6.850821767281409 ], [ 109.171752290240718, -6.850816427203385 ], [ 109.171665148046401, -6.850759119554898 ], [ 109.171659629074668, -6.850755490082324 ], [ 109.171634800016491, -6.850739162452075 ], [ 109.171633861539902, -6.850738544961542 ], [ 109.171420345272153, -6.850598131336142 ], [ 109.171330572723093, -6.850539093939738 ], [ 109.171111504305614, -6.850395028017842 ], [ 109.171062023144074, -6.850362488219675 ], [ 109.17102916835691, -6.850340882322518 ], [ 109.171028220856442, -6.850340259371947 ], [ 109.170876740925991, -6.850240641970003 ], [ 109.17087439022545, -6.850239095963667 ], [ 109.170873582594893, -6.850238564864642 ], [ 109.170788359993622, -6.850182520284458 ], [ 109.170784603383112, -6.850180050307628 ], [ 109.170632740960983, -6.850080180044283 ], [ 109.170479172260428, -6.849985344798638 ] ] ] } },
{ "type": "Feature", "properties": { "OBJECTID_1": 2196, "OBJECTID": 33, "ID": 0, "TAHUN": 2021, "DATE": "2021-01-01", "NAMA_TITIK": "T51", "ZONA": "SEL BARAT", "SHAPE_LENG": 209.464359871, "TRANSECTID": 20, "TRANSORDER": 20, "SHORELINEI": "2021-01-01", "BASELINEID": 1, "DISTANCE": 231.39, "INTERSECTX": 292988.00345100003, "INTERSECTY": 9242602.1575199999, "UNCERTAINT": 10, "NAMA_TITI2": "T51", "D_TAHUN": 0.0, "LRR": 0.72, "SKOR_SHORE": 3, "RASTERVALU": 2.59289, "SKOR_SLOPE": 4, "RASTERVA_1": -2.65623, "SKOR_ELEV": 5, "GEOM_LAP": "Aluvial", "SKOR_GEOM": 4, "KATEGORI": "Stabil", "GELOMBANG": 0.27479169298620698, "PASUT": 0.89, "SLR": 4.69, "SKOR_GEL": 4, "SKOR_PASUT": 2, "SKOR_SLR": 5, "CVI": 69.282032302760001, "KELAS_CVI": 4, "KELAS_CV_1": "Tinggi", "LAHAN": "Muara", "JENIS": "Natural", "SKOR_LAHAN": 4, "DELTA_D": -14.66, "D_MEAN": -6.0975, "D_MEDIAN": -6.625, "TSS_MIN_MG": 10.4, "TSS_RATA_R": 19.5, "TSS_MEDIAN": 18.7, "TSS_MAKS_M": 127.4, "TSS_STDDEV": 7.7, "HS": 0.274791693, "MWP_MEAN_S": 3.6145, "MWD_CIRCUL": 21.94, "JARAK_MUAR": 19.716633507029201, "NAMA_SUNGA": "Kali Sibelis", "MUARA_ID": "M3", "RESPON": "Abrasi", "TSS__BATAS": 30.4, "PROKSI_NER": "Defisit/Erosi" }, "geometry": { "type": "MultiLineString", "coordinates": [ [ [ 109.126682185894722, -6.848437333762126 ], [ 109.12666350721355, -6.848454760374077 ], [ 109.126625566954047, -6.848490159224784 ], [ 109.126517654006577, -6.848590840989676 ], [ 109.126035745636258, -6.848499784182822 ], [ 109.125841691173974, -6.848463117251397 ], [ 109.12578708449351, -6.848452799748451 ], [ 109.125477347215025, -6.848394274459395 ], [ 109.125470399463126, -6.848392961688408 ], [ 109.125459646086455, -6.848390929756999 ], [ 109.125411081430528, -6.848381753285929 ], [ 109.125350567475579, -6.848370319604427 ], [ 109.125217291079522, -6.848345136884634 ], [ 109.125203175921214, -6.84834246979312 ], [ 109.125112445696431, -6.848325326172692 ], [ 109.124956967469942, -6.848295947508316 ], [ 109.124956633912035, -6.84829588472619 ], [ 109.124876961717021, -6.848280830251841 ] ] ] } },
{ "type": "Feature", "properties": { "OBJECTID_1": 2208, "OBJECTID": 33, "ID": 0, "TAHUN": 2021, "DATE": "2021-01-01", "NAMA_TITIK": "T40", "ZONA": "SEL TIMUR", "SHAPE_LENG": 200.00045808499999, "TRANSECTID": 44, "TRANSORDER": 44, "SHORELINEI": "2021-01-01", "BASELINEID": 1, "DISTANCE": 261.54, "INTERSECTX": 297659.55295699998, "INTERSECTY": 9242554.0865899995, "UNCERTAINT": 10, "NAMA_TITI2": "T40", "D_TAHUN": 0.0, "LRR": -2.39, "SKOR_SHORE": 5, "RASTERVALU": 1.31742, "SKOR_SLOPE": 5, "RASTERVA_1": -2.87668, "SKOR_ELEV": 5, "GEOM_LAP": "Tambak", "SKOR_GEOM": 5, "KATEGORI": "Abrasi Tinggi", "GELOMBANG": 0.27479169298620698, "PASUT": 0.89, "SLR": 4.69, "SKOR_GEL": 4, "SKOR_PASUT": 2, "SKOR_SLR": 5, "CVI": 96.824583655189997, "KELAS_CVI": 5, "KELAS_CV_1": "Sangat Tinggi", "LAHAN": "Tambak", "JENIS": "Natural", "SKOR_LAHAN": 3, "DELTA_D": -19.4, "D_MEAN": -5.3629411764705921, "D_MEDIAN": -4.14, "TSS_MIN_MG": 11.1, "TSS_RATA_R": 24.2, "TSS_MEDIAN": 21.5, "TSS_MAKS_M": 173.4, "TSS_STDDEV": 11.9, "HS": 0.274791693, "MWP_MEAN_S": 3.6145, "MWD_CIRCUL": 21.94, "JARAK_MUAR": 727.664323427044, "NAMA_SUNGA": "Kali Ketiwon", "MUARA_ID": "M5", "RESPON": "Abrasi", "TSS__BATAS": 30.4, "PROKSI_NER": "Defisit/Erosi" }, "geometry": { "type": "MultiLineString", "coordinates": [ [ [ 109.168940013502208, -6.849034833524279 ], [ 109.168289830337088, -6.848633309911004 ], [ 109.167400860749837, -6.848084318897784 ] ] ] } },
{ "type": "Feature", "properties": { "OBJECTID_1": 2231, "OBJECTID": 33, "ID": 0, "TAHUN": 2021, "DATE": "2021-01-01", "NAMA_TITIK": "T38", "ZONA": "SEL TIMUR", "SHAPE_LENG": 177.95233224500001, "TRANSECTID": 42, "TRANSORDER": 42, "SHORELINEI": "2021-01-01", "BASELINEID": 1, "DISTANCE": 280.05, "INTERSECTX": 297327.65977700002, "INTERSECTY": 9242778.1173100006, "UNCERTAINT": 10, "NAMA_TITI2": "T38", "D_TAHUN": 0.0, "LRR": -4.04, "SKOR_SHORE": 5, "RASTERVALU": 0.000344, "SKOR_SLOPE": 5, "RASTERVA_1": -2.94192, "SKOR_ELEV": 5, "GEOM_LAP": "Pasir_Halus", "SKOR_GEOM": 3, "KATEGORI": "Abrasi Tinggi", "GELOMBANG": 0.27479169298620698, "PASUT": 0.89, "SLR": 4.69, "SKOR_GEL": 4, "SKOR_PASUT": 2, "SKOR_SLR": 5, "CVI": 61.237243569580002, "KELAS_CVI": 4, "KELAS_CV_1": "Tinggi", "LAHAN": "Pantai", "JENIS": "Natural", "SKOR_LAHAN": 2, "DELTA_D": -32.3, "D_MEAN": -5.3629411764705921, "D_MEDIAN": -4.14, "TSS_MIN_MG": 11.1, "TSS_RATA_R": 24.2, "TSS_MEDIAN": 21.5, "TSS_MAKS_M": 173.4, "TSS_STDDEV": 11.9, "HS": 0.274791693, "MWP_MEAN_S": 3.6145, "MWD_CIRCUL": 21.94, "JARAK_MUAR": 355.43647958132902, "NAMA_SUNGA": "Kali Ketiwon", "MUARA_ID": "M5", "RESPON": "Abrasi", "TSS__BATAS": 30.4, "PROKSI_NER": "Defisit/Erosi" }, "geometry": { "type": "MultiLineString", "coordinates": [ [ [ 109.165945362828054, -6.846997841338992 ], [ 109.165320777727572, -6.8465849182733 ], [ 109.165311982491374, -6.846579103578903 ], [ 109.165270245951376, -6.846551511511434 ], [ 109.164877898581139, -6.846292122722545 ], [ 109.164723289634722, -6.846189908031711 ], [ 109.164634112052198, -6.846130950736812 ], [ 109.164602608277747, -6.84611035602286 ] ] ] } },
{ "type": "Feature", "properties": { "OBJECTID_1": 2232, "OBJECTID": 33, "ID": 0, "TAHUN": 2021, "DATE": "2021-01-01", "NAMA_TITIK": "T39", "ZONA": "SEL TIMUR", "SHAPE_LENG": 201.97477637700001, "TRANSECTID": 43, "TRANSORDER": 43, "SHORELINEI": "2021-01-01", "BASELINEID": 1, "DISTANCE": 261.97, "INTERSECTX": 297489.011764, "INTERSECTY": 9242658.5657199994, "UNCERTAINT": 10, "NAMA_TITI2": "T39", "D_TAHUN": 0.0, "LRR": -3.6, "SKOR_SHORE": 5, "RASTERVALU": 0.000339, "SKOR_SLOPE": 5, "RASTERVA_1": -2.9425, "SKOR_ELEV": 5, "GEOM_LAP": "Pasir_Halus", "SKOR_GEOM": 3, "KATEGORI": "Abrasi Tinggi", "GELOMBANG": 0.27479169298620698, "PASUT": 0.89, "SLR": 4.69, "SKOR_GEL": 4, "SKOR_PASUT": 2, "SKOR_SLR": 5, "CVI": 61.237243569580002, "KELAS_CVI": 4, "KELAS_CV_1": "Tinggi", "LAHAN": "Pantai", "JENIS": "Natural", "SKOR_LAHAN": 2, "DELTA_D": -34.67, "D_MEAN": -5.3629411764705921, "D_MEDIAN": -4.14, "TSS_MIN_MG": 11.1, "TSS_RATA_R": 24.2, "TSS_MEDIAN": 21.5, "TSS_MAKS_M": 173.4, "TSS_STDDEV": 11.9, "HS": 0.274791693, "MWP_MEAN_S": 3.6145, "MWD_CIRCUL": 21.94, "JARAK_MUAR": 535.47677602736997, "NAMA_SUNGA": "Kali Ketiwon", "MUARA_ID": "M5", "RESPON": "Abrasi", "TSS__BATAS": 30.4, "PROKSI_NER": "Defisit/Erosi" }, "geometry": { "type": "MultiLineString", "coordinates": [ [ [ 109.167400860749837, -6.848084318897784 ], [ 109.166566860628052, -6.847569272060928 ], [ 109.166069225498731, -6.847079728925186 ], [ 109.165945362828054, -6.846997841338992 ] ] ] } },
{ "type": "Feature", "properties": { "OBJECTID_1": 2239, "OBJECTID": 33, "ID": 0, "TAHUN": 2021, "DATE": "2021-01-01", "NAMA_TITIK": "T37", "ZONA": "SEL TIMUR", "SHAPE_LENG": 200.24832283500001, "TRANSECTID": 41, "TRANSORDER": 41, "SHORELINEI": "2021-01-01", "BASELINEID": 1, "DISTANCE": 283.59, "INTERSECTX": 297178.85394399997, "INTERSECTY": 9242875.7075699996, "UNCERTAINT": 10, "NAMA_TITI2": "T37", "D_TAHUN": 0.0, "LRR": -4.54, "SKOR_SHORE": 5, "RASTERVALU": 0.000345, "SKOR_SLOPE": 5, "RASTERVA_1": -2.94128, "SKOR_ELEV": 5, "GEOM_LAP": "Pasir_Halus", "SKOR_GEOM": 3, "KATEGORI": "Abrasi Tinggi", "GELOMBANG": 0.27479169298620698, "PASUT": 0.89, "SLR": 4.69, "SKOR_GEL": 4, "SKOR_PASUT": 2, "SKOR_SLR": 5, "CVI": 61.237243569580002, "KELAS_CVI": 4, "KELAS_CV_1": "Tinggi", "LAHAN": "Pantai", "JENIS": "Natural", "SKOR_LAHAN": 2, "DELTA_D": 22.02, "D_MEAN": -5.3629411764705921, "D_MEDIAN": -4.14, "TSS_MIN_MG": 11.1, "TSS_RATA_R": 24.2, "TSS_MEDIAN": 21.5, "TSS_MAKS_M": 173.4, "TSS_STDDEV": 11.9, "HS": 0.274791693, "MWP_MEAN_S": 3.6145, "MWD_CIRCUL": 21.94, "JARAK_MUAR": 155.29372815372599, "NAMA_SUNGA": "Kali Ketiwon", "MUARA_ID": "M5", "RESPON": "Abrasi", "TSS__BATAS": 30.4, "PROKSI_NER": "Defisit/Erosi" }, "geometry": { "type": "MultiLineString", "coordinates": [ [ [ 109.164602608277747, -6.84611035602286 ], [ 109.164441136145257, -6.846004796845058 ], [ 109.164244258476913, -6.845876092771706 ], [ 109.163710221281278, -6.845526977128499 ], [ 109.163564819959589, -6.845431923851491 ], [ 109.16308660462154, -6.84511929989495 ] ] ] } },
{ "type": "Feature", "properties": { "OBJECTID_1": 2254, "OBJECTID": 33, "ID": 0, "TAHUN": 2021, "DATE": "2021-01-01", "NAMA_TITIK": "T44", "ZONA": "SEL BARAT", "SHAPE_LENG": 121.72410437000001, "TRANSECTID": 5, "TRANSORDER": 5, "SHORELINEI": "2021-01-01", "BASELINEID": 1, "DISTANCE": 295.48, "INTERSECTX": 290214.40810200002, "INTERSECTY": 9243588.1000200007, "UNCERTAINT": 10, "NAMA_TITI2": "T44", "D_TAHUN": 0.0, "LRR": -2.33, "SKOR_SHORE": 5, "RASTERVALU": 0.013365, "SKOR_SLOPE": 5, "RASTERVA_1": -2.91714, "SKOR_ELEV": 5, "GEOM_LAP": "Aluvial", "SKOR_GEOM": 4, "KATEGORI": "Abrasi Tinggi", "GELOMBANG": 0.27479169298620698, "PASUT": 0.89, "SLR": 4.69, "SKOR_GEL": 4, "SKOR_PASUT": 2, "SKOR_SLR": 5, "CVI": 100.0, "KELAS_CVI": 5, "KELAS_CV_1": "Sangat Tinggi", "LAHAN": "Muara", "JENIS": "Natural", "SKOR_LAHAN": 4, "DELTA_D": -34.4, "D_MEAN": -6.0975, "D_MEDIAN": -6.625, "TSS_MIN_MG": 10.4, "TSS_RATA_R": 19.5, "TSS_MEDIAN": 18.7, "TSS_MAKS_M": 127.4, "TSS_STDDEV": 7.7, "HS": 0.274791693, "MWP_MEAN_S": 3.6145, "MWD_CIRCUL": 21.94, "JARAK_MUAR": 61.827697463302599, "NAMA_SUNGA": "KaliGangsa", "MUARA_ID": "M1", "RESPON": "Abrasi", "TSS__BATAS": 30.4, "PROKSI_NER": "Defisit/Erosi" }, "geometry": { "type": "MultiLineString", "coordinates": [ [ [ 109.101627573661872, -6.839424946637799 ], [ 109.101559925775717, -6.839417430545122 ], [ 109.101281770735952, -6.839386524343939 ], [ 109.10053322394279, -6.839303352411854 ] ] ] } },
{ "type": "Feature", "properties": { "OBJECTID_1": 2255, "OBJECTID": 33, "ID": 0, "TAHUN": 2021, "DATE": "2021-01-01", "NAMA_TITIK": "T04", "ZONA": "SEL BARAT", "SHAPE_LENG": 211.49609808899999, "TRANSECTID": 4, "TRANSORDER": 4, "SHORELINEI": "2021-01-01", "BASELINEID": 1, "DISTANCE": 275.91, "INTERSECTX": 290093.37716099998, "INTERSECTY": 9243601.0712599996, "UNCERTAINT": 10, "NAMA_TITI2": "T04", "D_TAHUN": 0.0, "LRR": -3.32, "SKOR_SHORE": 5, "RASTERVALU": 6.89058, "SKOR_SLOPE": 3, "RASTERVA_1": -2.22393, "SKOR_ELEV": 5, "GEOM_LAP": "Pasir_Halus", "SKOR_GEOM": 3, "KATEGORI": "Abrasi Tinggi", "GELOMBANG": 0.27479169298620698, "PASUT": 0.89, "SLR": 4.69, "SKOR_GEL": 4, "SKOR_PASUT": 2, "SKOR_SLR": 5, "CVI": 47.43416490253, "KELAS_CVI": 3, "KELAS_CV_1": "Sedang", "LAHAN": "Pantai", "JENIS": "Natural", "SKOR_LAHAN": 2, "DELTA_D": -57.72, "D_MEAN": -6.0975, "D_MEDIAN": -6.625, "TSS_MIN_MG": 10.4, "TSS_RATA_R": 19.5, "TSS_MEDIAN": 18.7, "TSS_MAKS_M": 127.4, "TSS_STDDEV": 7.7, "HS": 0.274791693, "MWP_MEAN_S": 3.6145, "MWD_CIRCUL": 21.94, "JARAK_MUAR": 191.803552089433, "NAMA_SUNGA": "KaliGangsa", "MUARA_ID": "M1", "RESPON": "Abrasi", "TSS__BATAS": 30.4, "PROKSI_NER": "Defisit/Erosi" }, "geometry": { "type": "MultiLineString", "coordinates": [ [ [ 109.10053322394279, -6.839303352411854 ], [ 109.100168969626196, -6.839262879228656 ], [ 109.099730704913043, -6.839214182623361 ], [ 109.09919223060686, -6.838743355130611 ], [ 109.099151971060593, -6.838708152589707 ], [ 109.098898675899093, -6.838486677145544 ], [ 109.098898521746818, -6.838486542727512 ] ] ] } },
{ "type": "Feature", "properties": { "OBJECTID_1": 2256, "OBJECTID": 33, "ID": 0, "TAHUN": 2021, "DATE": "2021-01-01", "NAMA_TITIK": "T05", "ZONA": "SEL BARAT", "SHAPE_LENG": 201.38676752399999, "TRANSECTID": 6, "TRANSORDER": 6, "SHORELINEI": "2021-01-01", "BASELINEID": 1, "DISTANCE": 317.97, "INTERSECTX": 290411.78436200001, "INTERSECTY": 9243548.7551600002, "UNCERTAINT": 10, "NAMA_TITI2": "T05", "D_TAHUN": 0.0, "LRR": -1.47, "SKOR_SHORE": 4, "RASTERVALU": 6.15341, "SKOR_SLOPE": 3, "RASTERVA_1": -2.46219, "SKOR_ELEV": 5, "GEOM_LAP": "Pasir_Halus", "SKOR_GEOM": 3, "KATEGORI": "Abrasi Sedang", "GELOMBANG": 0.27479169298620698, "PASUT": 0.89, "SLR": 4.69, "SKOR_GEL": 4, "SKOR_PASUT": 2, "SKOR_SLR": 5, "CVI": 60.0, "KELAS_CVI": 4, "KELAS_CV_1": "Tinggi", "LAHAN": "Muara", "JENIS": "Natural", "SKOR_LAHAN": 4, "DELTA_D": 13.49, "D_MEAN": -6.0975, "D_MEDIAN": -6.625, "TSS_MIN_MG": 10.4, "TSS_RATA_R": 19.5, "TSS_MEDIAN": 18.7, "TSS_MAKS_M": 127.4, "TSS_STDDEV": 7.7, "HS": 0.274791693, "MWP_MEAN_S": 3.6145, "MWD_CIRCUL": 21.94, "JARAK_MUAR": 4.2768385923696401, "NAMA_SUNGA": "KaliGangsa", "MUARA_ID": "M1", "RESPON": "Abrasi", "TSS__BATAS": 30.4, "PROKSI_NER": "Defisit/Erosi" }, "geometry": { "type": "MultiLineString", "coordinates": [ [ [ 109.103411582448445, -6.839787704796326 ], [ 109.103110810463789, -6.839722137862725 ], [ 109.103022257811759, -6.839702833936825 ], [ 109.102891998839709, -6.839674438309061 ], [ 109.102799520065801, -6.839654278038376 ], [ 109.102786019851379, -6.839651335249942 ], [ 109.102777899117854, -6.839649564613253 ], [ 109.102620966950369, -6.839615354249658 ], [ 109.102585879238248, -6.839607705388904 ], [ 109.102516587746379, -6.839592600106782 ], [ 109.102250908365704, -6.839534682486641 ], [ 109.102008117151229, -6.839481754426937 ], [ 109.101987834769218, -6.839477332855331 ], [ 109.101942854898383, -6.839467527492228 ], [ 109.101914063157025, -6.839461250556895 ], [ 109.101872220411181, -6.839452129321416 ], [ 109.101853299325327, -6.839450026750008 ], [ 109.101835916265074, -6.839448095698346 ], [ 109.101691108393297, -6.839432005286131 ], [ 109.101687468121966, -6.839431601250873 ], [ 109.101627573661872, -6.839424946637799 ] ] ] } },
{ "type": "Feature", "properties": { "OBJECTID_1": 2258, "OBJECTID": 33, "ID": 0, "TAHUN": 2021, "DATE": "2021-01-01", "NAMA_TITIK": "T03", "ZONA": "SEL BARAT", "SHAPE_LENG": 201.28258594100001, "TRANSECTID": 3, "TRANSORDER": 3, "SHORELINEI": "2021-01-01", "BASELINEID": 1, "DISTANCE": 247.28, "INTERSECTX": 289912.30723699997, "INTERSECTY": 9243690.7007899992, "UNCERTAINT": 10, "NAMA_TITI2": "T03", "D_TAHUN": 0.0, "LRR": -3.26, "SKOR_SHORE": 5, "RASTERVALU": 6.99672, "SKOR_SLOPE": 3, "RASTERVA_1": -1.58426, "SKOR_ELEV": 5, "GEOM_LAP": "Pasir_Halus", "SKOR_GEOM": 3, "KATEGORI": "Abrasi Tinggi", "GELOMBANG": 0.27479169298620698, "PASUT": 0.89, "SLR": 4.69, "SKOR_GEL": 4, "SKOR_PASUT": 2, "SKOR_SLR": 5, "CVI": 47.43416490253, "KELAS_CVI": 3, "KELAS_CV_1": "Sedang", "LAHAN": "Pantai", "JENIS": "Natural", "SKOR_LAHAN": 2, "DELTA_D": 23.11, "D_MEAN": -6.0975, "D_MEDIAN": -6.625, "TSS_MIN_MG": 10.4, "TSS_RATA_R": 19.5, "TSS_MEDIAN": 18.7, "TSS_MAKS_M": 127.4, "TSS_STDDEV": 7.7, "HS": 0.274791693, "MWP_MEAN_S": 3.6145, "MWD_CIRCUL": 21.94, "JARAK_MUAR": 387.64661320961198, "NAMA_SUNGA": "KaliGangsa", "MUARA_ID": "M1", "RESPON": "Abrasi", "TSS__BATAS": 30.4, "PROKSI_NER": "Defisit/Erosi" }, "geometry": { "type": "MultiLineString", "coordinates": [ [ [ 109.098898521746818, -6.838486542727512 ], [ 109.098878356835002, -6.838468911476042 ], [ 109.097528151530852, -6.837288318807852 ] ] ] } },
{ "type": "Feature", "properties": { "OBJECTID_1": 2259, "OBJECTID": 33, "ID": 0, "TAHUN": 2021, "DATE": "2021-01-01", "NAMA_TITIK": "T01", "ZONA": "SEL BARAT", "SHAPE_LENG": 44.2078567, "TRANSECTID": 1, "TRANSORDER": 1, "SHORELINEI": "2021-01-01", "BASELINEID": 1, "DISTANCE": 276.67, "INTERSECTX": 289599.222564, "INTERSECTY": 9243941.3825899996, "UNCERTAINT": 10, "NAMA_TITI2": "T01", "D_TAHUN": 0.0, "LRR": -0.96, "SKOR_SHORE": 3, "RASTERVALU": 0.111227, "SKOR_SLOPE": 5, "RASTERVA_1": -2.91494, "SKOR_ELEV": 5, "GEOM_LAP": "Pasir_Halus", "SKOR_GEOM": 3, "KATEGORI": "Stabil", "GELOMBANG": 0.27479169298620698, "PASUT": 0.89, "SLR": 4.69, "SKOR_GEL": 4, "SKOR_PASUT": 2, "SKOR_SLR": 5, "CVI": 47.43416490253, "KELAS_CVI": 3, "KELAS_CV_1": "Tinggi", "LAHAN": "Pantai", "JENIS": "Natural", "SKOR_LAHAN": 2, "DELTA_D": -15.42, "D_MEAN": -6.0975, "D_MEDIAN": -6.625, "TSS_MIN_MG": 10.4, "TSS_RATA_R": 19.5, "TSS_MEDIAN": 18.7, "TSS_MAKS_M": 127.4, "TSS_STDDEV": 7.7, "HS": 0.274791693, "MWP_MEAN_S": 3.6145, "MWD_CIRCUL": 21.94, "JARAK_MUAR": 778.10088489128304, "NAMA_SUNGA": "KaliGangsa", "MUARA_ID": "M1", "RESPON": "Abrasi", "TSS__BATAS": 30.4, "PROKSI_NER": "Defisit/Erosi" }, "geometry": { "type": "MultiLineString", "coordinates": [ [ [ 109.096075429220065, -6.836208932972983 ], [ 109.095829761837578, -6.836044515601874 ], [ 109.095761303002917, -6.835998698274109 ], [ 109.095743151909986, -6.835986550228913 ] ] ] } },
{ "type": "Feature", "properties": { "OBJECTID_1": 2260, "OBJECTID": 33, "ID": 0, "TAHUN": 2021, "DATE": "2021-01-01", "NAMA_TITIK": "T02", "ZONA": "SEL BARAT", "SHAPE_LENG": 200.504202521, "TRANSECTID": 2, "TRANSORDER": 2, "SHORELINEI": "2021-01-01", "BASELINEID": 1, "DISTANCE": 269.97, "INTERSECTX": 289760.29123700003, "INTERSECTY": 9243822.6318900008, "UNCERTAINT": 10, "NAMA_TITI2": "T02", "D_TAHUN": 0.0, "LRR": -2.19, "SKOR_SHORE": 5, "RASTERVALU": 6.56471, "SKOR_SLOPE": 3, "RASTERVA_1": -1.78074, "SKOR_ELEV": 5, "GEOM_LAP": "Pasir_Halus", "SKOR_GEOM": 3, "KATEGORI": "Abrasi Tinggi", "GELOMBANG": 0.27479169298620698, "PASUT": 0.89, "SLR": 4.69, "SKOR_GEL": 4, "SKOR_PASUT": 2, "SKOR_SLR": 5, "CVI": 47.43416490253, "KELAS_CVI": 3, "KELAS_CV_1": "Sedang", "LAHAN": "Pantai", "JENIS": "Natural", "SKOR_LAHAN": 2, "DELTA_D": 11.84, "D_MEAN": -6.0975, "D_MEDIAN": -6.625, "TSS_MIN_MG": 10.4, "TSS_RATA_R": 19.5, "TSS_MEDIAN": 18.7, "TSS_MAKS_M": 127.4, "TSS_STDDEV": 7.7, "HS": 0.274791693, "MWP_MEAN_S": 3.6145, "MWD_CIRCUL": 21.94, "JARAK_MUAR": 579.82548354246296, "NAMA_SUNGA": "KaliGangsa", "MUARA_ID": "M1", "RESPON": "Abrasi", "TSS__BATAS": 30.4, "PROKSI_NER": "Defisit/Erosi" }, "geometry": { "type": "MultiLineString", "coordinates": [ [ [ 109.097528151530852, -6.837288318807852 ], [ 109.097041475107588, -6.836862777529029 ], [ 109.097005869226379, -6.836831643721878 ], [ 109.096700307483985, -6.836627142813682 ], [ 109.096294679818627, -6.836355669818389 ], [ 109.096075429220065, -6.836208932972983 ] ] ] } },
{ "type": "Feature", "properties": { "OBJECTID_1": 2262, "OBJECTID": 34, "ID": 0, "TAHUN": 2022, "DATE": "2022-01-01", "NAMA_TITIK": "T41", "ZONA": "SEL TIMUR", "SHAPE_LENG": 200.52646333300001, "TRANSECTID": 45, "TRANSORDER": 45, "SHORELINEI": "2022-01-01", "BASELINEID": 1, "DISTANCE": 241.06, "INTERSECTX": 297819.66101099999, "INTERSECTY": 9242432.4946500007, "UNCERTAINT": 10, "NAMA_TITI2": "T41", "D_TAHUN": 0.0, "LRR": -2.12, "SKOR_SHORE": 5, "RASTERVALU": 9.05717, "SKOR_SLOPE": 2, "RASTERVA_1": -1.62402, "SKOR_ELEV": 5, "GEOM_LAP": "Tambak", "SKOR_GEOM": 5, "KATEGORI": "Abrasi Tinggi", "GELOMBANG": 0.236785942140747, "PASUT": 0.938, "SLR": 4.69, "SKOR_GEL": 1, "SKOR_PASUT": 1, "SKOR_SLR": 5, "CVI": 21.650635094609999, "KELAS_CVI": 1, "KELAS_CV_1": "Sangat Rendah", "LAHAN": "Tambak", "JENIS": "Natural", "SKOR_LAHAN": 3, "DELTA_D": -20.04, "D_MEAN": -3.2416666666666618, "D_MEDIAN": -1.31, "TSS_MIN_MG": 8.4, "TSS_RATA_R": 14.3, "TSS_MEDIAN": 11.7, "TSS_MAKS_M": 101.5, "TSS_STDDEV": 7.7, "HS": 0.236785942, "MWP_MEAN_S": 3.4203, "MWD_CIRCUL": 15.33, "JARAK_MUAR": 936.29342666807304, "NAMA_SUNGA": "Kali Ketiwon", "MUARA_ID": "M5", "RESPON": "Abrasi", "TSS__BATAS": 30.4, "PROKSI_NER": "Defisit/Erosi" }, "geometry": { "type": "MultiLineString", "coordinates": [ [ [ 109.170384201676356, -6.850139708733556 ], [ 109.168911809303765, -6.84908067588073 ] ] ] } },
{ "type": "Feature", "properties": { "OBJECTID_1": 2263, "OBJECTID": 34, "ID": 0, "TAHUN": 2022, "DATE": "2022-01-01", "NAMA_TITIK": "T42", "ZONA": "SEL TIMUR", "SHAPE_LENG": 249.83728363899999, "TRANSECTID": 46, "TRANSORDER": 46, "SHORELINEI": "2022-01-01", "BASELINEID": 1, "DISTANCE": 228.66, "INTERSECTX": 297989.72118499997, "INTERSECTY": 9242311.0921199992, "UNCERTAINT": 10, "NAMA_TITI2": "T42", "D_TAHUN": 0.0, "LRR": -1.48, "SKOR_SHORE": 4, "RASTERVALU": 10.6361, "SKOR_SLOPE": 2, "RASTERVA_1": -1.41562, "SKOR_ELEV": 5, "GEOM_LAP": "Tambak", "SKOR_GEOM": 5, "KATEGORI": "Abrasi Sedang", "GELOMBANG": 0.236785942140747, "PASUT": 0.938, "SLR": 4.69, "SKOR_GEL": 1, "SKOR_PASUT": 1, "SKOR_SLR": 5, "CVI": 19.364916731040001, "KELAS_CVI": 1, "KELAS_CV_1": "Sangat Rendah", "LAHAN": "Tambak", "JENIS": "Natural", "SKOR_LAHAN": 3, "DELTA_D": -29.34, "D_MEAN": -3.2416666666666618, "D_MEDIAN": -1.31, "TSS_MIN_MG": 8.4, "TSS_RATA_R": 14.3, "TSS_MEDIAN": 11.7, "TSS_MAKS_M": 101.5, "TSS_STDDEV": 7.7, "HS": 0.236785942, "MWP_MEAN_S": 3.4203, "MWD_CIRCUL": 15.33, "JARAK_MUAR": 1130.0451134499999, "NAMA_SUNGA": "Kali Ketiwon", "MUARA_ID": "M5", "RESPON": "Abrasi", "TSS__BATAS": 30.4, "PROKSI_NER": "Defisit/Erosi" }, "geometry": { "type": "MultiLineString", "coordinates": [ [ [ 109.172218675583409, -6.85145916053131 ], [ 109.170384201676356, -6.850139708733556 ] ] ] } },
{ "type": "Feature", "properties": { "OBJECTID_1": 2264, "OBJECTID": 34, "ID": 0, "TAHUN": 2022, "DATE": "2022-01-01", "NAMA_TITIK": "T51", "ZONA": "SEL BARAT", "SHAPE_LENG": 200.805173645, "TRANSECTID": 20, "TRANSORDER": 20, "SHORELINEI": "2022-01-01", "BASELINEID": 1, "DISTANCE": 240.92, "INTERSECTX": 292989.31610900001, "INTERSECTY": 9242611.6044999994, "UNCERTAINT": 10, "NAMA_TITI2": "T51", "D_TAHUN": 0.0, "LRR": 0.72, "SKOR_SHORE": 3, "RASTERVALU": 2.59289, "SKOR_SLOPE": 4, "RASTERVA_1": -2.65623, "SKOR_ELEV": 5, "GEOM_LAP": "Aluvial", "SKOR_GEOM": 4, "KATEGORI": "Stabil", "GELOMBANG": 0.236785942140747, "PASUT": 0.938, "SLR": 4.69, "SKOR_GEL": 1, "SKOR_PASUT": 1, "SKOR_SLR": 5, "CVI": 24.494897427830001, "KELAS_CVI": 2, "KELAS_CV_1": "Sangat Rendah", "LAHAN": "Muara", "JENIS": "Natural", "SKOR_LAHAN": 4, "DELTA_D": 9.53, "D_MEAN": -5.571, "D_MEDIAN": -2.385, "TSS_MIN_MG": 9.2, "TSS_RATA_R": 13.7, "TSS_MEDIAN": 11.7, "TSS_MAKS_M": 80.4, "TSS_STDDEV": 5.5, "HS": 0.236785942, "MWP_MEAN_S": 3.4203, "MWD_CIRCUL": 15.33, "JARAK_MUAR": 19.716633507029201, "NAMA_SUNGA": "Kali Sibelis", "MUARA_ID": "M3", "RESPON": "Abrasi", "TSS__BATAS": 30.4, "PROKSI_NER": "Defisit/Erosi" }, "geometry": { "type": "MultiLineString", "coordinates": [ [ [ 109.126694393002083, -6.848351969153049 ], [ 109.126615003818429, -6.84834780809889 ], [ 109.126612609786832, -6.848347683038087 ], [ 109.126571373138773, -6.848345522356147 ], [ 109.126561852189965, -6.848345023231196 ], [ 109.126544052075531, -6.848344090398236 ], [ 109.126532689701818, -6.848343495489677 ], [ 109.126521540775599, -6.848342911358347 ], [ 109.12651433155385, -6.848342533356379 ], [ 109.126450712947275, -6.848339199552102 ], [ 109.126388176043804, -6.848335922396259 ], [ 109.126379041287521, -6.848335443760122 ], [ 109.126339932774385, -6.848333394426349 ], [ 109.126271869803503, -6.848329827184902 ], [ 109.126253054015152, -6.848328841558526 ], [ 109.126170917195708, -6.848324536813259 ], [ 109.12605378070559, -6.848318398531649 ], [ 109.126006464493187, -6.848315918446334 ], [ 109.125984026464934, -6.848314742380028 ], [ 109.125659249853982, -6.848297722286135 ], [ 109.125641187466982, -6.848296775739929 ], [ 109.125575681356082, -6.848293343144337 ], [ 109.125505009143552, -6.848289639042362 ], [ 109.125487759840524, -6.848288735443568 ], [ 109.125393321906515, -6.848283786768046 ], [ 109.125298230079466, -6.848278802975099 ], [ 109.124880383250485, -6.848256904089677 ] ] ] } },
{ "type": "Feature", "properties": { "OBJECTID_1": 2272, "OBJECTID": 34, "ID": 0, "TAHUN": 2022, "DATE": "2022-01-01", "NAMA_TITIK": "T40", "ZONA": "SEL TIMUR", "SHAPE_LENG": 200.526544723, "TRANSECTID": 44, "TRANSORDER": 44, "SHORELINEI": "2022-01-01", "BASELINEID": 1, "DISTANCE": 255.58, "INTERSECTX": 297656.45454499999, "INTERSECTY": 9242549.0044599995, "UNCERTAINT": 10, "NAMA_TITI2": "T40", "D_TAHUN": 0.0, "LRR": -2.39, "SKOR_SHORE": 5, "RASTERVALU": 1.31742, "SKOR_SLOPE": 5, "RASTERVA_1": -2.87668, "SKOR_ELEV": 5, "GEOM_LAP": "Tambak", "SKOR_GEOM": 5, "KATEGORI": "Abrasi Tinggi", "GELOMBANG": 0.236785942140747, "PASUT": 0.938, "SLR": 4.69, "SKOR_GEL": 1, "SKOR_PASUT": 1, "SKOR_SLR": 5, "CVI": 34.23265984407, "KELAS_CVI": 2, "KELAS_CV_1": "Rendah", "LAHAN": "Tambak", "JENIS": "Natural", "SKOR_LAHAN": 3, "DELTA_D": -5.96, "D_MEAN": -3.2416666666666618, "D_MEDIAN": -1.31, "TSS_MIN_MG": 8.4, "TSS_RATA_R": 14.3, "TSS_MEDIAN": 11.7, "TSS_MAKS_M": 101.5, "TSS_STDDEV": 7.7, "HS": 0.236785942, "MWP_MEAN_S": 3.4203, "MWD_CIRCUL": 15.33, "JARAK_MUAR": 727.664323427044, "NAMA_SUNGA": "Kali Ketiwon", "MUARA_ID": "M5", "RESPON": "Abrasi", "TSS__BATAS": 30.4, "PROKSI_NER": "Defisit/Erosi" }, "geometry": { "type": "MultiLineString", "coordinates": [ [ [ 109.168911809303765, -6.84908067588073 ], [ 109.168289830337088, -6.848633309911004 ], [ 109.167439423106458, -6.848021640192548 ] ] ] } },
{ "type": "Feature", "properties": { "OBJECTID_1": 2296, "OBJECTID": 34, "ID": 0, "TAHUN": 2022, "DATE": "2022-01-01", "NAMA_TITIK": "T38", "ZONA": "SEL TIMUR", "SHAPE_LENG": 179.133089162, "TRANSECTID": 42, "TRANSORDER": 42, "SHORELINEI": "2022-01-01", "BASELINEID": 1, "DISTANCE": 284.63, "INTERSECTX": 297330.04161299998, "INTERSECTY": 9242782.0240800008, "UNCERTAINT": 10, "NAMA_TITI2": "T38", "D_TAHUN": 0.0, "LRR": -4.04, "SKOR_SHORE": 5, "RASTERVALU": 0.000344, "SKOR_SLOPE": 5, "RASTERVA_1": -2.94192, "SKOR_ELEV": 5, "GEOM_LAP": "Pasir_Halus", "SKOR_GEOM": 3, "KATEGORI": "Abrasi Tinggi", "GELOMBANG": 0.236785942140747, "PASUT": 0.938, "SLR": 4.69, "SKOR_GEL": 1, "SKOR_PASUT": 1, "SKOR_SLR": 5, "CVI": 21.650635094609999, "KELAS_CVI": 1, "KELAS_CV_1": "Sangat Rendah", "LAHAN": "Pantai", "JENIS": "Natural", "SKOR_LAHAN": 2, "DELTA_D": 4.58, "D_MEAN": -3.2416666666666618, "D_MEDIAN": -1.31, "TSS_MIN_MG": 8.4, "TSS_RATA_R": 14.3, "TSS_MEDIAN": 11.7, "TSS_MAKS_M": 101.5, "TSS_STDDEV": 7.7, "HS": 0.236785942, "MWP_MEAN_S": 3.4203, "MWD_CIRCUL": 15.33, "JARAK_MUAR": 355.43647958132902, "NAMA_SUNGA": "Kali Ketiwon", "MUARA_ID": "M5", "RESPON": "Abrasi", "TSS__BATAS": 30.4, "PROKSI_NER": "Defisit/Erosi" }, "geometry": { "type": "MultiLineString", "coordinates": [ [ [ 109.165967043988516, -6.846962601674581 ], [ 109.165577337641281, -6.846682295922562 ], [ 109.165548975730388, -6.846661895878687 ], [ 109.165196052889229, -6.84630897256202 ], [ 109.165023260845516, -6.846136181238278 ], [ 109.164944375371732, -6.846057295158005 ], [ 109.164863691150885, -6.845976611087042 ], [ 109.164738272364886, -6.845924016304076 ] ] ] } },
{ "type": "Feature", "properties": { "OBJECTID_1": 2297, "OBJECTID": 34, "ID": 0, "TAHUN": 2022, "DATE": "2022-01-01", "NAMA_TITIK": "T39", "ZONA": "SEL TIMUR", "SHAPE_LENG": 200.52654472200001, "TRANSECTID": 43, "TRANSORDER": 43, "SHORELINEI": "2022-01-01", "BASELINEID": 1, "DISTANCE": 270.1, "INTERSECTX": 297493.24807899998, "INTERSECTY": 9242665.5142700002, "UNCERTAINT": 10, "NAMA_TITI2": "T39", "D_TAHUN": 0.0, "LRR": -3.6, "SKOR_SHORE": 5, "RASTERVALU": 0.000339, "SKOR_SLOPE": 5, "RASTERVA_1": -2.9425, "SKOR_ELEV": 5, "GEOM_LAP": "Pasir_Halus", "SKOR_GEOM": 3, "KATEGORI": "Abrasi Tinggi", "GELOMBANG": 0.236785942140747, "PASUT": 0.938, "SLR": 4.69, "SKOR_GEL": 1, "SKOR_PASUT": 1, "SKOR_SLR": 5, "CVI": 21.650635094609999, "KELAS_CVI": 1, "KELAS_CV_1": "Sangat Rendah", "LAHAN": "Pantai", "JENIS": "Natural", "SKOR_LAHAN": 2, "DELTA_D": 8.13, "D_MEAN": -3.2416666666666618, "D_MEDIAN": -1.31, "TSS_MIN_MG": 8.4, "TSS_RATA_R": 14.3, "TSS_MEDIAN": 11.7, "TSS_MAKS_M": 101.5, "TSS_STDDEV": 7.7, "HS": 0.236785942, "MWP_MEAN_S": 3.4203, "MWD_CIRCUL": 15.33, "JARAK_MUAR": 535.47677602736997, "NAMA_SUNGA": "Kali Ketiwon", "MUARA_ID": "M5", "RESPON": "Abrasi", "TSS__BATAS": 30.4, "PROKSI_NER": "Defisit/Erosi" }, "geometry": { "type": "MultiLineString", "coordinates": [ [ [ 109.167439423106458, -6.848021640192548 ], [ 109.165967043988516, -6.846962601674581 ] ] ] } },
{ "type": "Feature", "properties": { "OBJECTID_1": 2307, "OBJECTID": 34, "ID": 0, "TAHUN": 2022, "DATE": "2022-01-01", "NAMA_TITIK": "T37", "ZONA": "SEL TIMUR", "SHAPE_LENG": 205.63082553500001, "TRANSECTID": 41, "TRANSORDER": 41, "SHORELINEI": "2022-01-01", "BASELINEID": 1, "DISTANCE": 309.08, "INTERSECTX": 297193.77178399998, "INTERSECTY": 9242896.3743200004, "UNCERTAINT": 10, "NAMA_TITI2": "T37", "D_TAHUN": 0.0, "LRR": -4.54, "SKOR_SHORE": 5, "RASTERVALU": 0.000345, "SKOR_SLOPE": 5, "RASTERVA_1": -2.94128, "SKOR_ELEV": 5, "GEOM_LAP": "Pasir_Halus", "SKOR_GEOM": 3, "KATEGORI": "Abrasi Tinggi", "GELOMBANG": 0.236785942140747, "PASUT": 0.938, "SLR": 4.69, "SKOR_GEL": 1, "SKOR_PASUT": 1, "SKOR_SLR": 5, "CVI": 21.650635094609999, "KELAS_CVI": 1, "KELAS_CV_1": "Sangat Rendah", "LAHAN": "Pantai", "JENIS": "Natural", "SKOR_LAHAN": 2, "DELTA_D": 25.49, "D_MEAN": -3.2416666666666618, "D_MEDIAN": -1.31, "TSS_MIN_MG": 8.4, "TSS_RATA_R": 14.3, "TSS_MEDIAN": 11.7, "TSS_MAKS_M": 101.5, "TSS_STDDEV": 7.7, "HS": 0.236785942, "MWP_MEAN_S": 3.4203, "MWD_CIRCUL": 15.33, "JARAK_MUAR": 155.29372815372599, "NAMA_SUNGA": "Kali Ketiwon", "MUARA_ID": "M5", "RESPON": "Abrasi", "TSS__BATAS": 30.4, "PROKSI_NER": "Defisit/Erosi" }, "geometry": { "type": "MultiLineString", "coordinates": [ [ [ 109.164738272364886, -6.845924016304076 ], [ 109.164441135931327, -6.845799411427939 ], [ 109.164080085099911, -6.845648002994289 ], [ 109.163564819959589, -6.845431923851491 ], [ 109.163148483445241, -6.845257330204801 ], [ 109.163106931730667, -6.8452399058569 ], [ 109.163093372286696, -6.84523421940557 ], [ 109.163080855411962, -6.845229838005475 ], [ 109.163021302002704, -6.84520899500901 ] ] ] } },
{ "type": "Feature", "properties": { "OBJECTID_1": 2327, "OBJECTID": 34, "ID": 0, "TAHUN": 2022, "DATE": "2022-01-01", "NAMA_TITIK": "T44", "ZONA": "SEL BARAT", "SHAPE_LENG": 125.27940878, "TRANSECTID": 5, "TRANSORDER": 5, "SHORELINEI": "2022-01-01", "BASELINEID": 1, "DISTANCE": 293.6, "INTERSECTX": 290213.83649100002, "INTERSECTY": 9243586.3075200003, "UNCERTAINT": 10, "NAMA_TITI2": "T44", "D_TAHUN": 0.0, "LRR": -2.33, "SKOR_SHORE": 5, "RASTERVALU": 0.013365, "SKOR_SLOPE": 5, "RASTERVA_1": -2.91714, "SKOR_ELEV": 5, "GEOM_LAP": "Aluvial", "SKOR_GEOM": 4, "KATEGORI": "Abrasi Tinggi", "GELOMBANG": 0.236785942140747, "PASUT": 0.938, "SLR": 4.69, "SKOR_GEL": 1, "SKOR_PASUT": 1, "SKOR_SLR": 5, "CVI": 35.355339059329999, "KELAS_CVI": 2, "KELAS_CV_1": "Rendah", "LAHAN": "Muara", "JENIS": "Natural", "SKOR_LAHAN": 4, "DELTA_D": -1.88, "D_MEAN": -5.571, "D_MEDIAN": -2.385, "TSS_MIN_MG": 9.2, "TSS_RATA_R": 13.7, "TSS_MEDIAN": 11.7, "TSS_MAKS_M": 80.4, "TSS_STDDEV": 5.5, "HS": 0.236785942, "MWP_MEAN_S": 3.4203, "MWD_CIRCUL": 15.33, "JARAK_MUAR": 61.827697463302599, "NAMA_SUNGA": "KaliGangsa", "MUARA_ID": "M1", "RESPON": "Abrasi", "TSS__BATAS": 30.4, "PROKSI_NER": "Defisit/Erosi" }, "geometry": { "type": "MultiLineString", "coordinates": [ [ [ 109.101622339122358, -6.839441132281935 ], [ 109.101589800043797, -6.839438888276136 ], [ 109.101077434252502, -6.839403552630121 ], [ 109.100491775568258, -6.839363161546514 ] ] ] } },
{ "type": "Feature", "properties": { "OBJECTID_1": 2328, "OBJECTID": 34, "ID": 0, "TAHUN": 2022, "DATE": "2022-01-01", "NAMA_TITIK": "T04", "ZONA": "SEL BARAT", "SHAPE_LENG": 203.822997028, "TRANSECTID": 4, "TRANSORDER": 4, "SHORELINEI": "2022-01-01", "BASELINEID": 1, "DISTANCE": 267.87, "INTERSECTX": 290088.82121700002, "INTERSECTY": 9243594.4379600007, "UNCERTAINT": 10, "NAMA_TITI2": "T04", "D_TAHUN": 0.0, "LRR": -3.32, "SKOR_SHORE": 5, "RASTERVALU": 6.89058, "SKOR_SLOPE": 3, "RASTERVA_1": -2.22393, "SKOR_ELEV": 5, "GEOM_LAP": "Pasir_Halus", "SKOR_GEOM": 3, "KATEGORI": "Abrasi Tinggi", "GELOMBANG": 0.236785942140747, "PASUT": 0.938, "SLR": 4.69, "SKOR_GEL": 1, "SKOR_PASUT": 1, "SKOR_SLR": 5, "CVI": 16.770509831249999, "KELAS_CVI": 1, "KELAS_CV_1": "Sangat Rendah", "LAHAN": "Pantai", "JENIS": "Natural", "SKOR_LAHAN": 2, "DELTA_D": -8.04, "D_MEAN": -5.571, "D_MEDIAN": -2.385, "TSS_MIN_MG": 9.2, "TSS_RATA_R": 13.7, "TSS_MEDIAN": 11.7, "TSS_MAKS_M": 80.4, "TSS_STDDEV": 5.5, "HS": 0.236785942, "MWP_MEAN_S": 3.4203, "MWD_CIRCUL": 15.33, "JARAK_MUAR": 191.803552089433, "NAMA_SUNGA": "KaliGangsa", "MUARA_ID": "M1", "RESPON": "Abrasi", "TSS__BATAS": 30.4, "PROKSI_NER": "Defisit/Erosi" }, "geometry": { "type": "MultiLineString", "coordinates": [ [ [ 109.100491775568258, -6.839363161546514 ], [ 109.1003327085526, -6.83935219142608 ], [ 109.100168969626196, -6.839262879228656 ], [ 109.099220681640887, -6.838745631054435 ], [ 109.099151971060593, -6.838708152589707 ], [ 109.099076353512544, -6.838666906509316 ], [ 109.09889748460634, -6.838488038558166 ] ] ] } },
{ "type": "Feature", "properties": { "OBJECTID_1": 2329, "OBJECTID": 34, "ID": 0, "TAHUN": 2022, "DATE": "2022-01-01", "NAMA_TITIK": "T05", "ZONA": "SEL BARAT", "SHAPE_LENG": 217.007073934, "TRANSECTID": 6, "TRANSORDER": 6, "SHORELINEI": "2022-01-01", "BASELINEID": 1, "DISTANCE": 287.71, "INTERSECTX": 290402.59242900001, "INTERSECTY": 9243519.9304699991, "UNCERTAINT": 10, "NAMA_TITI2": "T05", "D_TAHUN": 0.0, "LRR": -1.47, "SKOR_SHORE": 4, "RASTERVALU": 6.15341, "SKOR_SLOPE": 3, "RASTERVA_1": -2.46219, "SKOR_ELEV": 5, "GEOM_LAP": "Pasir_Halus", "SKOR_GEOM": 3, "KATEGORI": "Abrasi Sedang", "GELOMBANG": 0.236785942140747, "PASUT": 0.938, "SLR": 4.69, "SKOR_GEL": 1, "SKOR_PASUT": 1, "SKOR_SLR": 5, "CVI": 21.213203435600001, "KELAS_CVI": 1, "KELAS_CV_1": "Sangat Rendah", "LAHAN": "Muara", "JENIS": "Natural", "SKOR_LAHAN": 4, "DELTA_D": -30.26, "D_MEAN": -5.571, "D_MEDIAN": -2.385, "TSS_MIN_MG": 9.2, "TSS_RATA_R": 13.7, "TSS_MEDIAN": 11.7, "TSS_MAKS_M": 80.4, "TSS_STDDEV": 5.5, "HS": 0.236785942, "MWP_MEAN_S": 3.4203, "MWD_CIRCUL": 15.33, "JARAK_MUAR": 4.2768385923696401, "NAMA_SUNGA": "KaliGangsa", "MUARA_ID": "M1", "RESPON": "Abrasi", "TSS__BATAS": 30.4, "PROKSI_NER": "Defisit/Erosi" }, "geometry": { "type": "MultiLineString", "coordinates": [ [ [ 109.103327406536238, -6.84004798222445 ], [ 109.103323475010313, -6.840042068262549 ], [ 109.103285014067836, -6.839984207720937 ], [ 109.103270256469116, -6.839962006799754 ], [ 109.103249580904787, -6.839930903209767 ], [ 109.10324315306265, -6.839921233647565 ], [ 109.103236377212568, -6.839911040133433 ], [ 109.103228189539962, -6.839898722706071 ], [ 109.103211134362027, -6.839873065326536 ], [ 109.103196919914154, -6.839851682060137 ], [ 109.103193698802016, -6.839846835949142 ], [ 109.10318894626549, -6.839839686438092 ], [ 109.10316955934104, -6.839810520026767 ], [ 109.103129456404844, -6.839750188384681 ], [ 109.103110810463789, -6.839722137862725 ], [ 109.103088855287041, -6.839689108880868 ], [ 109.103047311768748, -6.839626610717032 ], [ 109.103040919906277, -6.839616994638999 ], [ 109.103037080110809, -6.839611218464079 ], [ 109.103033445345147, -6.839605750497423 ], [ 109.103030913958733, -6.839601942319912 ], [ 109.10302640692656, -6.839595160848115 ], [ 109.103020439508256, -6.839586183846208 ], [ 109.103016740896393, -6.839580619791352 ], [ 109.102991845795373, -6.839577853595314 ], [ 109.102947179645241, -6.839572891104458 ], [ 109.102920355002766, -6.839569910254874 ], [ 109.102904132002593, -6.839568107677199 ], [ 109.102876516191159, -6.839565039623153 ], [ 109.102859185556397, -6.839563114237691 ], [ 109.10280318447299, -6.839556891910676 ], [ 109.102658075358562, -6.839540768940489 ], [ 109.1026544775807, -6.839540369600267 ], [ 109.102566915722477, -6.839530640497475 ], [ 109.102459462577613, -6.839518701031293 ], [ 109.102399597909979, -6.839512049338484 ], [ 109.102325761690082, -6.839503845320922 ], [ 109.102323818582988, -6.839503629710897 ], [ 109.102131233206293, -6.839482230984185 ], [ 109.101988814161828, -6.83946640594313 ], [ 109.101980238298282, -6.839465814276259 ], [ 109.101976847925002, -6.839465580298668 ], [ 109.101930938155277, -6.839462414718875 ], [ 109.101914063157025, -6.839461250556895 ], [ 109.101867943582405, -6.839458070581955 ], [ 109.101848909922808, -6.83945675776451 ], [ 109.101756603863564, -6.839450392109681 ], [ 109.101720602965315, -6.839447909330878 ], [ 109.101622339122358, -6.839441132281935 ] ] ] } },
{ "type": "Feature", "properties": { "OBJECTID_1": 2331, "OBJECTID": 34, "ID": 0, "TAHUN": 2022, "DATE": "2022-01-01", "NAMA_TITIK": "T03", "ZONA": "SEL BARAT", "SHAPE_LENG": 203.27952606599999, "TRANSECTID": 3, "TRANSORDER": 3, "SHORELINEI": "2022-01-01", "BASELINEID": 1, "DISTANCE": 247.08, "INTERSECTX": 289912.19325299998, "INTERSECTY": 9243690.5348300003, "UNCERTAINT": 10, "NAMA_TITI2": "T03", "D_TAHUN": 0.0, "LRR": -3.26, "SKOR_SHORE": 5, "RASTERVALU": 6.99672, "SKOR_SLOPE": 3, "RASTERVA_1": -1.58426, "SKOR_ELEV": 5, "GEOM_LAP": "Pasir_Halus", "SKOR_GEOM": 3, "KATEGORI": "Abrasi Tinggi", "GELOMBANG": 0.236785942140747, "PASUT": 0.938, "SLR": 4.69, "SKOR_GEL": 1, "SKOR_PASUT": 1, "SKOR_SLR": 5, "CVI": 16.770509831249999, "KELAS_CVI": 1, "KELAS_CV_1": "Sangat Rendah", "LAHAN": "Pantai", "JENIS": "Natural", "SKOR_LAHAN": 2, "DELTA_D": -0.19999999999998899, "D_MEAN": -5.571, "D_MEDIAN": -2.385, "TSS_MIN_MG": 9.2, "TSS_RATA_R": 13.7, "TSS_MEDIAN": 11.7, "TSS_MAKS_M": 80.4, "TSS_STDDEV": 5.5, "HS": 0.236785942, "MWP_MEAN_S": 3.4203, "MWD_CIRCUL": 15.33, "JARAK_MUAR": 387.64661320961198, "NAMA_SUNGA": "KaliGangsa", "MUARA_ID": "M1", "RESPON": "Abrasi", "TSS__BATAS": 30.4, "PROKSI_NER": "Defisit/Erosi" }, "geometry": { "type": "MultiLineString", "coordinates": [ [ [ 109.09889748460634, -6.838488038558166 ], [ 109.097597580971424, -6.837188135204464 ] ] ] } },
{ "type": "Feature", "properties": { "OBJECTID_1": 2332, "OBJECTID": 34, "ID": 0, "TAHUN": 2022, "DATE": "2022-01-01", "NAMA_TITIK": "T01", "ZONA": "SEL BARAT", "SHAPE_LENG": 58.515870061800001, "TRANSECTID": 1, "TRANSORDER": 1, "SHORELINEI": "2022-01-01", "BASELINEID": 1, "DISTANCE": 262.08, "INTERSECTX": 289590.9672, "INTERSECTY": 9243929.3630500007, "UNCERTAINT": 10, "NAMA_TITI2": "T01", "D_TAHUN": 0.0, "LRR": -0.96, "SKOR_SHORE": 3, "RASTERVALU": 0.111227, "SKOR_SLOPE": 5, "RASTERVA_1": -2.91494, "SKOR_ELEV": 5, "GEOM_LAP": "Pasir_Halus", "SKOR_GEOM": 3, "KATEGORI": "Stabil", "GELOMBANG": 0.236785942140747, "PASUT": 0.938, "SLR": 4.69, "SKOR_GEL": 1, "SKOR_PASUT": 1, "SKOR_SLR": 5, "CVI": 16.770509831249999, "KELAS_CVI": 1, "KELAS_CV_1": "Sangat Rendah", "LAHAN": "Pantai", "JENIS": "Natural", "SKOR_LAHAN": 2, "DELTA_D": -14.59, "D_MEAN": -5.571, "D_MEDIAN": -2.385, "TSS_MIN_MG": 9.2, "TSS_RATA_R": 13.7, "TSS_MEDIAN": 11.7, "TSS_MAKS_M": 80.4, "TSS_STDDEV": 5.5, "HS": 0.236785942, "MWP_MEAN_S": 3.4203, "MWD_CIRCUL": 15.33, "JARAK_MUAR": 778.10088489128304, "NAMA_SUNGA": "KaliGangsa", "MUARA_ID": "M1", "RESPON": "Abrasi", "TSS__BATAS": 30.4, "PROKSI_NER": "Defisit/Erosi" }, "geometry": { "type": "MultiLineString", "coordinates": [ [ [ 109.096000324538991, -6.836317305934626 ], [ 109.095967000127843, -6.836264008608736 ], [ 109.095899368847199, -6.836155841432073 ], [ 109.095875285897108, -6.836117324948703 ], [ 109.095829761837578, -6.836044515601874 ], [ 109.095760626776766, -6.835933942955379 ], [ 109.09571980930572, -6.83586866179371 ] ] ] } },
{ "type": "Feature", "properties": { "OBJECTID_1": 2333, "OBJECTID": 34, "ID": 0, "TAHUN": 2022, "DATE": "2022-01-01", "NAMA_TITIK": "T02", "ZONA": "SEL BARAT", "SHAPE_LENG": 218.34033679500001, "TRANSECTID": 2, "TRANSORDER": 2, "SHORELINEI": "2022-01-01", "BASELINEID": 1, "DISTANCE": 283.45, "INTERSECTX": 289767.92271000001, "INTERSECTY": 9243833.7430700008, "UNCERTAINT": 10, "NAMA_TITI2": "T02", "D_TAHUN": 0.0, "LRR": -2.19, "SKOR_SHORE": 5, "RASTERVALU": 6.56471, "SKOR_SLOPE": 3, "RASTERVA_1": -1.78074, "SKOR_ELEV": 5, "GEOM_LAP": "Pasir_Halus", "SKOR_GEOM": 3, "KATEGORI": "Abrasi Tinggi", "GELOMBANG": 0.236785942140747, "PASUT": 0.938, "SLR": 4.69, "SKOR_GEL": 1, "SKOR_PASUT": 1, "SKOR_SLR": 5, "CVI": 16.770509831249999, "KELAS_CVI": 1, "KELAS_CV_1": "Sangat Rendah", "LAHAN": "Pantai", "JENIS": "Natural", "SKOR_LAHAN": 2, "DELTA_D": 13.48, "D_MEAN": -5.571, "D_MEDIAN": -2.385, "TSS_MIN_MG": 9.2, "TSS_RATA_R": 13.7, "TSS_MEDIAN": 11.7, "TSS_MAKS_M": 80.4, "TSS_STDDEV": 5.5, "HS": 0.236785942, "MWP_MEAN_S": 3.4203, "MWD_CIRCUL": 15.33, "JARAK_MUAR": 579.82548354246296, "NAMA_SUNGA": "KaliGangsa", "MUARA_ID": "M1", "RESPON": "Abrasi", "TSS__BATAS": 30.4, "PROKSI_NER": "Defisit/Erosi" }, "geometry": { "type": "MultiLineString", "coordinates": [ [ [ 109.097597580971424, -6.837188135204464 ], [ 109.097306034031618, -6.836896587526569 ], [ 109.097041475107588, -6.836862777529029 ], [ 109.096926461700505, -6.836848078518842 ], [ 109.096559756993386, -6.83680121316252 ], [ 109.096528571115527, -6.836797227470674 ], [ 109.096280578643359, -6.836765533121984 ], [ 109.096000324538991, -6.836317305934626 ] ] ] } },
{ "type": "Feature", "properties": { "OBJECTID_1": 2335, "OBJECTID": 35, "ID": 0, "TAHUN": 2023, "DATE": "2023-01-01", "NAMA_TITIK": "T41", "ZONA": "SEL TIMUR", "SHAPE_LENG": 202.882796184, "TRANSECTID": 45, "TRANSORDER": 45, "SHORELINEI": "2023-01-01", "BASELINEID": 1, "DISTANCE": 235.04, "INTERSECTX": 297816.52755100001, "INTERSECTY": 9242427.3550400008, "UNCERTAINT": 10, "NAMA_TITI2": "T41", "D_TAHUN": 0.0, "LRR": -2.12, "SKOR_SHORE": 5, "RASTERVALU": 9.05717, "SKOR_SLOPE": 2, "RASTERVA_1": -1.62402, "SKOR_ELEV": 5, "GEOM_LAP": "Tambak", "SKOR_GEOM": 5, "KATEGORI": "Abrasi Tinggi", "GELOMBANG": 0.26501217835089702, "PASUT": 0.936, "SLR": 4.69, "SKOR_GEL": 3, "SKOR_PASUT": 1, "SKOR_SLR": 5, "CVI": 37.5, "KELAS_CVI": 3, "KELAS_CV_1": "Sedang", "LAHAN": "Tambak", "JENIS": "Natural", "SKOR_LAHAN": 3, "DELTA_D": -6.02, "D_MEAN": -10.695, "D_MEDIAN": -7.675, "TSS_MIN_MG": 12.3, "TSS_RATA_R": 30.0, "TSS_MEDIAN": 27.7, "TSS_MAKS_M": 94.9, "TSS_STDDEV": 12.4, "HS": 0.265012178, "MWP_MEAN_S": 3.7165, "MWD_CIRCUL": 33.2, "JARAK_MUAR": 936.29342666807304, "NAMA_SUNGA": "Kali Ketiwon", "MUARA_ID": "M5", "RESPON": "Abrasi", "TSS__BATAS": 30.4, "PROKSI_NER": "Defisit/Erosi" }, "geometry": { "type": "MultiLineString", "coordinates": [ [ [ 109.170355677993854, -6.850186069862381 ], [ 109.169513254618678, -6.849813771467008 ], [ 109.169242806851912, -6.849694250357846 ], [ 109.169008804716938, -6.84946652637926 ], [ 109.16879964694499, -6.849262980871606 ] ] ] } },
{ "type": "Feature", "properties": { "OBJECTID_1": 2336, "OBJECTID": 35, "ID": 0, "TAHUN": 2023, "DATE": "2023-01-01", "NAMA_TITIK": "T42", "ZONA": "SEL TIMUR", "SHAPE_LENG": 226.90440931699999, "TRANSECTID": 46, "TRANSORDER": 46, "SHORELINEI": "2023-01-01", "BASELINEID": 1, "DISTANCE": 221.9, "INTERSECTX": 297985.991622, "INTERSECTY": 9242305.4544300009, "UNCERTAINT": 10, "NAMA_TITI2": "T42", "D_TAHUN": 0.0, "LRR": -1.48, "SKOR_SHORE": 4, "RASTERVALU": 10.6361, "SKOR_SLOPE": 2, "RASTERVA_1": -1.41562, "SKOR_ELEV": 5, "GEOM_LAP": "Tambak", "SKOR_GEOM": 5, "KATEGORI": "Abrasi Sedang", "GELOMBANG": 0.26501217835089702, "PASUT": 0.936, "SLR": 4.69, "SKOR_GEL": 3, "SKOR_PASUT": 1, "SKOR_SLR": 5, "CVI": 33.541019662499998, "KELAS_CVI": 2, "KELAS_CV_1": "Rendah", "LAHAN": "Tambak", "JENIS": "Natural", "SKOR_LAHAN": 3, "DELTA_D": -6.76, "D_MEAN": -10.695, "D_MEDIAN": -7.675, "TSS_MIN_MG": 12.3, "TSS_RATA_R": 30.0, "TSS_MEDIAN": 27.7, "TSS_MAKS_M": 94.9, "TSS_STDDEV": 12.4, "HS": 0.265012178, "MWP_MEAN_S": 3.7165, "MWD_CIRCUL": 33.2, "JARAK_MUAR": 1130.0451134499999, "NAMA_SUNGA": "Kali Ketiwon", "MUARA_ID": "M5", "RESPON": "Abrasi", "TSS__BATAS": 30.4, "PROKSI_NER": "Defisit/Erosi" }, "geometry": { "type": "MultiLineString", "coordinates": [ [ [ 109.171975667021869, -6.851386999541452 ], [ 109.171884500912881, -6.851294054816686 ], [ 109.171633884630552, -6.851038549800249 ], [ 109.171135950147558, -6.850530899299675 ], [ 109.170596831020219, -6.850292643614744 ], [ 109.170355677993854, -6.850186069862381 ] ] ] } },
{ "type": "Feature", "properties": { "OBJECTID_1": 2343, "OBJECTID": 35, "ID": 0, "TAHUN": 2023, "DATE": "2023-01-01", "NAMA_TITIK": "T40", "ZONA": "SEL TIMUR", "SHAPE_LENG": 201.20640060599999, "TRANSECTID": 44, "TRANSORDER": 44, "SHORELINEI": "2023-01-01", "BASELINEID": 1, "DISTANCE": 231.91, "INTERSECTX": 297644.13291300001, "INTERSECTY": 9242528.7940800004, "UNCERTAINT": 10, "NAMA_TITI2": "T40", "D_TAHUN": 0.0, "LRR": -2.39, "SKOR_SHORE": 5, "RASTERVALU": 1.31742, "SKOR_SLOPE": 5, "RASTERVA_1": -2.87668, "SKOR_ELEV": 5, "GEOM_LAP": "Tambak", "SKOR_GEOM": 5, "KATEGORI": "Abrasi Tinggi", "GELOMBANG": 0.26501217835089702, "PASUT": 0.936, "SLR": 4.69, "SKOR_GEL": 3, "SKOR_PASUT": 1, "SKOR_SLR": 5, "CVI": 59.292706128159999, "KELAS_CVI": 4, "KELAS_CV_1": "Tinggi", "LAHAN": "Tambak", "JENIS": "Natural", "SKOR_LAHAN": 3, "DELTA_D": -23.67, "D_MEAN": -10.695, "D_MEDIAN": -7.675, "TSS_MIN_MG": 12.3, "TSS_RATA_R": 30.0, "TSS_MEDIAN": 27.7, "TSS_MAKS_M": 94.9, "TSS_STDDEV": 12.4, "HS": 0.265012178, "MWP_MEAN_S": 3.7165, "MWD_CIRCUL": 33.2, "JARAK_MUAR": 727.664323427044, "NAMA_SUNGA": "Kali Ketiwon", "MUARA_ID": "M5", "RESPON": "Abrasi", "TSS__BATAS": 30.4, "PROKSI_NER": "Defisit/Erosi" }, "geometry": { "type": "MultiLineString", "coordinates": [ [ [ 109.16879964694499, -6.849262980871606 ], [ 109.168494676595387, -6.848966191329141 ], [ 109.167286139429478, -6.848270783632395 ] ] ] } },
{ "type": "Feature", "properties": { "OBJECTID_1": 2351, "OBJECTID": 35, "ID": 0, "TAHUN": 2023, "DATE": "2023-01-01", "NAMA_TITIK": "T51", "ZONA": "SEL BARAT", "SHAPE_LENG": 205.541783173, "TRANSECTID": 20, "TRANSORDER": 20, "SHORELINEI": "2023-01-01", "BASELINEID": 1, "DISTANCE": 279.08, "INTERSECTX": 292994.567086, "INTERSECTY": 9242649.39487, "UNCERTAINT": 10, "NAMA_TITI2": "T51", "D_TAHUN": 0.0, "LRR": 0.72, "SKOR_SHORE": 3, "RASTERVALU": 2.59289, "SKOR_SLOPE": 4, "RASTERVA_1": -2.65623, "SKOR_ELEV": 5, "GEOM_LAP": "Aluvial", "SKOR_GEOM": 4, "KATEGORI": "Stabil", "GELOMBANG": 0.26501217835089702, "PASUT": 0.936, "SLR": 4.69, "SKOR_GEL": 3, "SKOR_PASUT": 1, "SKOR_SLR": 5, "CVI": 42.426406871189997, "KELAS_CVI": 3, "KELAS_CV_1": "Rendah", "LAHAN": "Muara", "JENIS": "Natural", "SKOR_LAHAN": 4, "DELTA_D": 38.16, "D_MEAN": 3.6875, "D_MEDIAN": 2.82, "TSS_MIN_MG": 15.3, "TSS_RATA_R": 26.3, "TSS_MEDIAN": 24.7, "TSS_MAKS_M": 88.3, "TSS_STDDEV": 8.1, "HS": 0.265012178, "MWP_MEAN_S": 3.7165, "MWD_CIRCUL": 33.2, "JARAK_MUAR": 19.716633507029201, "NAMA_SUNGA": "Kali Sibelis", "MUARA_ID": "M3", "RESPON": "Akresi", "TSS__BATAS": 30.4, "PROKSI_NER": "Deposisi Lokal" }, "geometry": { "type": "MultiLineString", "coordinates": [ [ [ 109.126743225969349, -6.84801048540132 ], [ 109.124891532287691, -6.848178942102367 ] ] ] } },
{ "type": "Feature", "properties": { "OBJECTID_1": 2367, "OBJECTID": 35, "ID": 0, "TAHUN": 2023, "DATE": "2023-01-01", "NAMA_TITIK": "T38", "ZONA": "SEL TIMUR", "SHAPE_LENG": 182.593290169, "TRANSECTID": 42, "TRANSORDER": 42, "SHORELINEI": "2023-01-01", "BASELINEID": 1, "DISTANCE": 228.41, "INTERSECTX": 297300.77544499998, "INTERSECTY": 9242734.0206599999, "UNCERTAINT": 10, "NAMA_TITI2": "T38", "D_TAHUN": 0.0, "LRR": -4.04, "SKOR_SHORE": 5, "RASTERVALU": 0.000344, "SKOR_SLOPE": 5, "RASTERVA_1": -2.94192, "SKOR_ELEV": 5, "GEOM_LAP": "Pasir_Halus", "SKOR_GEOM": 3, "KATEGORI": "Abrasi Tinggi", "GELOMBANG": 0.26501217835089702, "PASUT": 0.936, "SLR": 4.69, "SKOR_GEL": 3, "SKOR_PASUT": 1, "SKOR_SLR": 5, "CVI": 37.5, "KELAS_CVI": 3, "KELAS_CV_1": "Sedang", "LAHAN": "Pantai", "JENIS": "Natural", "SKOR_LAHAN": 2, "DELTA_D": -56.22, "D_MEAN": -10.695, "D_MEDIAN": -7.675, "TSS_MIN_MG": 12.3, "TSS_RATA_R": 30.0, "TSS_MEDIAN": 27.7, "TSS_MAKS_M": 94.9, "TSS_STDDEV": 12.4, "HS": 0.265012178, "MWP_MEAN_S": 3.7165, "MWD_CIRCUL": 33.2, "JARAK_MUAR": 355.43647958132902, "NAMA_SUNGA": "Kali Ketiwon", "MUARA_ID": "M5", "RESPON": "Abrasi", "TSS__BATAS": 30.4, "PROKSI_NER": "Defisit/Erosi" }, "geometry": { "type": "MultiLineString", "coordinates": [ [ [ 109.165700638904852, -6.847395607336703 ], [ 109.165559014639953, -6.847348297941836 ], [ 109.164363762846548, -6.846438420233642 ] ] ] } },
{ "type": "Feature", "properties": { "OBJECTID_1": 2368, "OBJECTID": 35, "ID": 0, "TAHUN": 2023, "DATE": "2023-01-01", "NAMA_TITIK": "T39", "ZONA": "SEL TIMUR", "SHAPE_LENG": 201.95229187000001, "TRANSECTID": 43, "TRANSORDER": 43, "SHORELINEI": "2023-01-01", "BASELINEID": 1, "DISTANCE": 237.76, "INTERSECTX": 297476.40893799998, "INTERSECTY": 9242637.8941099998, "UNCERTAINT": 10, "NAMA_TITI2": "T39", "D_TAHUN": 0.0, "LRR": -3.6, "SKOR_SHORE": 5, "RASTERVALU": 0.000339, "SKOR_SLOPE": 5, "RASTERVA_1": -2.9425, "SKOR_ELEV": 5, "GEOM_LAP": "Pasir_Halus", "SKOR_GEOM": 3, "KATEGORI": "Abrasi Tinggi", "GELOMBANG": 0.26501217835089702, "PASUT": 0.936, "SLR": 4.69, "SKOR_GEL": 3, "SKOR_PASUT": 1, "SKOR_SLR": 5, "CVI": 37.5, "KELAS_CVI": 3, "KELAS_CV_1": "Sedang", "LAHAN": "Pantai", "JENIS": "Natural", "SKOR_LAHAN": 2, "DELTA_D": -32.34, "D_MEAN": -10.695, "D_MEDIAN": -7.675, "TSS_MIN_MG": 12.3, "TSS_RATA_R": 30.0, "TSS_MEDIAN": 27.7, "TSS_MAKS_M": 94.9, "TSS_STDDEV": 12.4, "HS": 0.265012178, "MWP_MEAN_S": 3.7165, "MWD_CIRCUL": 33.2, "JARAK_MUAR": 535.47677602736997, "NAMA_SUNGA": "Kali Ketiwon", "MUARA_ID": "M5", "RESPON": "Abrasi", "TSS__BATAS": 30.4, "PROKSI_NER": "Defisit/Erosi" }, "geometry": { "type": "MultiLineString", "coordinates": [ [ [ 109.167286139429478, -6.848270783632395 ], [ 109.167098026435227, -6.848162540264836 ], [ 109.16643158961034, -6.847696493341795 ], [ 109.16627632745913, -6.847587916674372 ], [ 109.166182380684702, -6.847556534178461 ], [ 109.165700638904852, -6.847395607336703 ] ] ] } },
{ "type": "Feature", "properties": { "OBJECTID_1": 2378, "OBJECTID": 35, "ID": 0, "TAHUN": 2023, "DATE": "2023-01-01", "NAMA_TITIK": "T37", "ZONA": "SEL TIMUR", "SHAPE_LENG": 202.06313041199999, "TRANSECTID": 41, "TRANSORDER": 41, "SHORELINEI": "2023-01-01", "BASELINEID": 1, "DISTANCE": 238.71, "INTERSECTX": 297152.59004400001, "INTERSECTY": 9242839.3223299999, "UNCERTAINT": 10, "NAMA_TITI2": "T37", "D_TAHUN": 0.0, "LRR": -4.54, "SKOR_SHORE": 5, "RASTERVALU": 0.000345, "SKOR_SLOPE": 5, "RASTERVA_1": -2.94128, "SKOR_ELEV": 5, "GEOM_LAP": "Pasir_Halus", "SKOR_GEOM": 3, "KATEGORI": "Abrasi Tinggi", "GELOMBANG": 0.26501217835089702, "PASUT": 0.936, "SLR": 4.69, "SKOR_GEL": 3, "SKOR_PASUT": 1, "SKOR_SLR": 5, "CVI": 37.5, "KELAS_CVI": 3, "KELAS_CV_1": "Sedang", "LAHAN": "Pantai", "JENIS": "Natural", "SKOR_LAHAN": 2, "DELTA_D": -70.37, "D_MEAN": -10.695, "D_MEDIAN": -7.675, "TSS_MIN_MG": 12.3, "TSS_RATA_R": 30.0, "TSS_MEDIAN": 27.7, "TSS_MAKS_M": 94.9, "TSS_STDDEV": 12.4, "HS": 0.265012178, "MWP_MEAN_S": 3.7165, "MWD_CIRCUL": 33.2, "JARAK_MUAR": 155.29372815372599, "NAMA_SUNGA": "Kali Ketiwon", "MUARA_ID": "M5", "RESPON": "Abrasi", "TSS__BATAS": 30.4, "PROKSI_NER": "Defisit/Erosi" }, "geometry": { "type": "MultiLineString", "coordinates": [ [ [ 109.164363762846548, -6.846438420233642 ], [ 109.164119511199601, -6.846252485237426 ], [ 109.164118952465643, -6.846251926148454 ], [ 109.163672786504748, -6.845805761063787 ], [ 109.16363537203857, -6.845768346467007 ], [ 109.163559337337801, -6.845692311955085 ], [ 109.16311118351031, -6.845244157128089 ], [ 109.163106931730667, -6.8452399058569 ], [ 109.163051063848627, -6.845184037607593 ], [ 109.163042998318588, -6.845179743736958 ], [ 109.163042710327204, -6.845179590739882 ] ] ] } },
{ "type": "Feature", "properties": { "OBJECTID_1": 2394, "OBJECTID": 35, "ID": 0, "TAHUN": 2023, "DATE": "2023-01-01", "NAMA_TITIK": "T44", "ZONA": "SEL BARAT", "SHAPE_LENG": 134.19074719899999, "TRANSECTID": 5, "TRANSORDER": 5, "SHORELINEI": "2023-01-01", "BASELINEID": 1, "DISTANCE": 296.51, "INTERSECTX": 290214.72050499998, "INTERSECTY": 9243589.0796700008, "UNCERTAINT": 10, "NAMA_TITI2": "T44", "D_TAHUN": 0.0, "LRR": -2.33, "SKOR_SHORE": 5, "RASTERVALU": 0.013365, "SKOR_SLOPE": 5, "RASTERVA_1": -2.91714, "SKOR_ELEV": 5, "GEOM_LAP": "Aluvial", "SKOR_GEOM": 4, "KATEGORI": "Abrasi Tinggi", "GELOMBANG": 0.26501217835089702, "PASUT": 0.936, "SLR": 4.69, "SKOR_GEL": 3, "SKOR_PASUT": 1, "SKOR_SLR": 5, "CVI": 61.237243569580002, "KELAS_CVI": 4, "KELAS_CV_1": "Tinggi", "LAHAN": "Muara", "JENIS": "Natural", "SKOR_LAHAN": 4, "DELTA_D": 2.91, "D_MEAN": 3.6875, "D_MEDIAN": 2.82, "TSS_MIN_MG": 15.3, "TSS_RATA_R": 26.3, "TSS_MEDIAN": 24.7, "TSS_MAKS_M": 88.3, "TSS_STDDEV": 8.1, "HS": 0.265012178, "MWP_MEAN_S": 3.7165, "MWD_CIRCUL": 33.2, "JARAK_MUAR": 61.827697463302599, "NAMA_SUNGA": "KaliGangsa", "MUARA_ID": "M1", "RESPON": "Akresi", "TSS__BATAS": 30.4, "PROKSI_NER": "Deposisi Lokal" }, "geometry": { "type": "MultiLineString", "coordinates": [ [ [ 109.101630434527365, -6.839416100291138 ], [ 109.101514026084772, -6.839384461660233 ], [ 109.101465331983604, -6.839371227658471 ], [ 109.101281770735952, -6.839386524343939 ], [ 109.101077434252502, -6.839403552630121 ], [ 109.100426173591003, -6.839457823940315 ] ] ] } },
{ "type": "Feature", "properties": { "OBJECTID_1": 2395, "OBJECTID": 35, "ID": 0, "TAHUN": 2023, "DATE": "2023-01-01", "NAMA_TITIK": "T04", "ZONA": "SEL BARAT", "SHAPE_LENG": 210.0898038, "TRANSECTID": 4, "TRANSORDER": 4, "SHORELINEI": "2023-01-01", "BASELINEID": 1, "DISTANCE": 255.13, "INTERSECTX": 290081.61034399999, "INTERSECTY": 9243583.9391600005, "UNCERTAINT": 10, "NAMA_TITI2": "T04", "D_TAHUN": 0.0, "LRR": -3.32, "SKOR_SHORE": 5, "RASTERVALU": 6.89058, "SKOR_SLOPE": 3, "RASTERVA_1": -2.22393, "SKOR_ELEV": 5, "GEOM_LAP": "Pasir_Halus", "SKOR_GEOM": 3, "KATEGORI": "Abrasi Tinggi", "GELOMBANG": 0.26501217835089702, "PASUT": 0.936, "SLR": 4.69, "SKOR_GEL": 3, "SKOR_PASUT": 1, "SKOR_SLR": 5, "CVI": 29.04737509656, "KELAS_CVI": 2, "KELAS_CV_1": "Rendah", "LAHAN": "Pantai", "JENIS": "Natural", "SKOR_LAHAN": 2, "DELTA_D": -12.74, "D_MEAN": 3.6875, "D_MEDIAN": 2.82, "TSS_MIN_MG": 15.3, "TSS_RATA_R": 26.3, "TSS_MEDIAN": 24.7, "TSS_MAKS_M": 88.3, "TSS_STDDEV": 8.1, "HS": 0.265012178, "MWP_MEAN_S": 3.7165, "MWD_CIRCUL": 33.2, "JARAK_MUAR": 191.803552089433, "NAMA_SUNGA": "KaliGangsa", "MUARA_ID": "M1", "RESPON": "Akresi", "TSS__BATAS": 30.4, "PROKSI_NER": "Deposisi Lokal" }, "geometry": { "type": "MultiLineString", "coordinates": [ [ [ 109.100426173591003, -6.839457823940315 ], [ 109.100037656100085, -6.839490200738614 ], [ 109.098749931786259, -6.83870095167325 ] ] ] } },
{ "type": "Feature", "properties": { "OBJECTID_1": 2396, "OBJECTID": 35, "ID": 0, "TAHUN": 2023, "DATE": "2023-01-01", "NAMA_TITIK": "T05", "ZONA": "SEL BARAT", "SHAPE_LENG": 200.222240438, "TRANSECTID": 6, "TRANSORDER": 6, "SHORELINEI": "2023-01-01", "BASELINEID": 1, "DISTANCE": 305.95, "INTERSECTX": 290408.132614, "INTERSECTY": 9243537.3037599996, "UNCERTAINT": 10, "NAMA_TITI2": "T05", "D_TAHUN": 0.0, "LRR": -1.47, "SKOR_SHORE": 4, "RASTERVALU": 6.15341, "SKOR_SLOPE": 3, "RASTERVA_1": -2.46219, "SKOR_ELEV": 5, "GEOM_LAP": "Pasir_Halus", "SKOR_GEOM": 3, "KATEGORI": "Abrasi Sedang", "GELOMBANG": 0.26501217835089702, "PASUT": 0.936, "SLR": 4.69, "SKOR_GEL": 3, "SKOR_PASUT": 1, "SKOR_SLR": 5, "CVI": 36.742346141749998, "KELAS_CVI": 3, "KELAS_CV_1": "Sedang", "LAHAN": "Muara", "JENIS": "Natural", "SKOR_LAHAN": 4, "DELTA_D": 18.24, "D_MEAN": 3.6875, "D_MEDIAN": 2.82, "TSS_MIN_MG": 15.3, "TSS_RATA_R": 26.3, "TSS_MEDIAN": 24.7, "TSS_MAKS_M": 88.3, "TSS_STDDEV": 8.1, "HS": 0.265012178, "MWP_MEAN_S": 3.7165, "MWD_CIRCUL": 33.2, "JARAK_MUAR": 4.2768385923696401, "NAMA_SUNGA": "KaliGangsa", "MUARA_ID": "M1", "RESPON": "Akresi", "TSS__BATAS": 30.4, "PROKSI_NER": "Deposisi Lokal" }, "geometry": { "type": "MultiLineString", "coordinates": [ [ [ 109.103378140680249, -6.839891107122076 ], [ 109.103353746567549, -6.839884476907164 ], [ 109.103341273907077, -6.839881087027336 ], [ 109.10318894626549, -6.839839686438092 ], [ 109.103174148596821, -6.839835664452047 ], [ 109.103119825719119, -6.839820900335783 ], [ 109.103105845828452, -6.839817100368283 ], [ 109.102979977111204, -6.839782891408058 ], [ 109.102855706923918, -6.83974911636987 ], [ 109.102558170630289, -6.839668249743231 ], [ 109.102249884142594, -6.839584460948229 ], [ 109.102158841936102, -6.839559716933171 ], [ 109.10215577686462, -6.839558883905865 ], [ 109.102016688423745, -6.839521081163249 ], [ 109.101949334585427, -6.839502774738905 ], [ 109.101896324774245, -6.839488367385418 ], [ 109.101756603863564, -6.839450392109681 ], [ 109.101693296450591, -6.83943318565351 ], [ 109.101687468121966, -6.839431601250873 ], [ 109.101630434527365, -6.839416100291138 ] ] ] } },
{ "type": "Feature", "properties": { "OBJECTID_1": 2397, "OBJECTID": 35, "ID": 0, "TAHUN": 2023, "DATE": "2023-01-01", "NAMA_TITIK": "T03", "ZONA": "SEL BARAT", "SHAPE_LENG": 202.21022252899999, "TRANSECTID": 3, "TRANSORDER": 3, "SHORELINEI": "2023-01-01", "BASELINEID": 1, "DISTANCE": 218.43, "INTERSECTX": 289895.97466599999, "INTERSECTY": 9243666.9211, "UNCERTAINT": 10, "NAMA_TITI2": "T03", "D_TAHUN": 0.0, "LRR": -3.26, "SKOR_SHORE": 5, "RASTERVALU": 6.99672, "SKOR_SLOPE": 3, "RASTERVA_1": -1.58426, "SKOR_ELEV": 5, "GEOM_LAP": "Pasir_Halus", "SKOR_GEOM": 3, "KATEGORI": "Abrasi Tinggi", "GELOMBANG": 0.26501217835089702, "PASUT": 0.936, "SLR": 4.69, "SKOR_GEL": 3, "SKOR_PASUT": 1, "SKOR_SLR": 5, "CVI": 29.04737509656, "KELAS_CVI": 2, "KELAS_CV_1": "Rendah", "LAHAN": "Pantai", "JENIS": "Natural", "SKOR_LAHAN": 2, "DELTA_D": -28.65, "D_MEAN": 3.6875, "D_MEDIAN": 2.82, "TSS_MIN_MG": 15.3, "TSS_RATA_R": 26.3, "TSS_MEDIAN": 24.7, "TSS_MAKS_M": 88.3, "TSS_STDDEV": 8.1, "HS": 0.265012178, "MWP_MEAN_S": 3.7165, "MWD_CIRCUL": 33.2, "JARAK_MUAR": 387.64661320961198, "NAMA_SUNGA": "KaliGangsa", "MUARA_ID": "M1", "RESPON": "Akresi", "TSS__BATAS": 30.4, "PROKSI_NER": "Deposisi Lokal" }, "geometry": { "type": "MultiLineString", "coordinates": [ [ [ 109.098749931786259, -6.83870095167325 ], [ 109.098427063423884, -6.838503063487528 ], [ 109.098193573087016, -6.838359956085366 ], [ 109.097704004966673, -6.837870387754755 ], [ 109.097361871007621, -6.837528253737824 ] ] ] } },
{ "type": "Feature", "properties": { "OBJECTID_1": 2398, "OBJECTID": 35, "ID": 0, "TAHUN": 2023, "DATE": "2023-01-01", "NAMA_TITIK": "T01", "ZONA": "SEL BARAT", "SHAPE_LENG": 43.328371213499999, "TRANSECTID": 1, "TRANSORDER": 1, "SHORELINEI": "2023-01-01", "BASELINEID": 1, "DISTANCE": 263.99, "INTERSECTX": 289592.04789500003, "INTERSECTY": 9243930.9364999998, "UNCERTAINT": 10, "NAMA_TITI2": "T01", "D_TAHUN": 0.0, "LRR": -0.96, "SKOR_SHORE": 3, "RASTERVALU": 0.111227, "SKOR_SLOPE": 5, "RASTERVA_1": -2.91494, "SKOR_ELEV": 5, "GEOM_LAP": "Pasir_Halus", "SKOR_GEOM": 3, "KATEGORI": "Stabil", "GELOMBANG": 0.26501217835089702, "PASUT": 0.936, "SLR": 4.69, "SKOR_GEL": 3, "SKOR_PASUT": 1, "SKOR_SLR": 5, "CVI": 29.04737509656, "KELAS_CVI": 2, "KELAS_CV_1": "Rendah", "LAHAN": "Pantai", "JENIS": "Natural", "SKOR_LAHAN": 2, "DELTA_D": 1.91, "D_MEAN": 3.6875, "D_MEDIAN": 2.82, "TSS_MIN_MG": 15.3, "TSS_RATA_R": 26.3, "TSS_MEDIAN": 24.7, "TSS_MAKS_M": 88.3, "TSS_STDDEV": 8.1, "HS": 0.265012178, "MWP_MEAN_S": 3.7165, "MWD_CIRCUL": 33.2, "JARAK_MUAR": 778.10088489128304, "NAMA_SUNGA": "KaliGangsa", "MUARA_ID": "M1", "RESPON": "Akresi", "TSS__BATAS": 30.4, "PROKSI_NER": "Deposisi Lokal" }, "geometry": { "type": "MultiLineString", "coordinates": [ [ [ 109.096010155575783, -6.836303119485506 ], [ 109.095967000127843, -6.836264008608736 ], [ 109.095782415784072, -6.836096722643904 ], [ 109.095719808491694, -6.836039982346656 ] ] ] } },
{ "type": "Feature", "properties": { "OBJECTID_1": 2399, "OBJECTID": 35, "ID": 0, "TAHUN": 2023, "DATE": "2023-01-01", "NAMA_TITIK": "T02", "ZONA": "SEL BARAT", "SHAPE_LENG": 201.722927094, "TRANSECTID": 2, "TRANSORDER": 2, "SHORELINEI": "2023-01-01", "BASELINEID": 1, "DISTANCE": 237.69, "INTERSECTX": 289742.01414400002, "INTERSECTY": 9243796.02104, "UNCERTAINT": 10, "NAMA_TITI2": "T02", "D_TAHUN": 0.0, "LRR": -2.19, "SKOR_SHORE": 5, "RASTERVALU": 6.56471, "SKOR_SLOPE": 3, "RASTERVA_1": -1.78074, "SKOR_ELEV": 5, "GEOM_LAP": "Pasir_Halus", "SKOR_GEOM": 3, "KATEGORI": "Abrasi Tinggi", "GELOMBANG": 0.26501217835089702, "PASUT": 0.936, "SLR": 4.69, "SKOR_GEL": 3, "SKOR_PASUT": 1, "SKOR_SLR": 5, "CVI": 29.04737509656, "KELAS_CVI": 2, "KELAS_CV_1": "Rendah", "LAHAN": "Pantai", "JENIS": "Natural", "SKOR_LAHAN": 2, "DELTA_D": -45.76, "D_MEAN": 3.6875, "D_MEDIAN": 2.82, "TSS_MIN_MG": 15.3, "TSS_RATA_R": 26.3, "TSS_MEDIAN": 24.7, "TSS_MAKS_M": 88.3, "TSS_STDDEV": 8.1, "HS": 0.265012178, "MWP_MEAN_S": 3.7165, "MWD_CIRCUL": 33.2, "JARAK_MUAR": 579.82548354246296, "NAMA_SUNGA": "KaliGangsa", "MUARA_ID": "M1", "RESPON": "Akresi", "TSS__BATAS": 30.4, "PROKSI_NER": "Deposisi Lokal" }, "geometry": { "type": "MultiLineString", "coordinates": [ [ [ 109.097361871007621, -6.837528253737824 ], [ 109.097360761853864, -6.837527145429297 ], [ 109.096559756993386, -6.83680121316252 ], [ 109.096348020099569, -6.836609320253218 ], [ 109.096010155575783, -6.836303119485506 ] ] ] } },
{ "type": "Feature", "properties": { "OBJECTID_1": 2401, "OBJECTID": 36, "ID": 0, "TAHUN": 2024, "DATE": "2024-01-01", "NAMA_TITIK": "T41", "ZONA": "SEL TIMUR", "SHAPE_LENG": 200.26070777800001, "TRANSECTID": 45, "TRANSORDER": 45, "SHORELINEI": "2024-01-01", "BASELINEID": 1, "DISTANCE": 215.88, "INTERSECTX": 297806.55418099998, "INTERSECTY": 9242410.9963600002, "UNCERTAINT": 10, "NAMA_TITI2": "T41", "D_TAHUN": 0.0, "LRR": -2.12, "SKOR_SHORE": 5, "RASTERVALU": 9.05717, "SKOR_SLOPE": 2, "RASTERVA_1": -1.62402, "SKOR_ELEV": 5, "GEOM_LAP": "Tambak", "SKOR_GEOM": 5, "KATEGORI": "Abrasi Tinggi", "GELOMBANG": 0.25752674130832398, "PASUT": 0.901, "SLR": 4.69, "SKOR_GEL": 2, "SKOR_PASUT": 2, "SKOR_SLR": 5, "CVI": 43.301270189219998, "KELAS_CVI": 3, "KELAS_CV_1": "Sedang", "LAHAN": "Tambak", "JENIS": "Natural", "SKOR_LAHAN": 3, "DELTA_D": -19.16, "D_MEAN": -3.480555555555553, "D_MEDIAN": -1.33, "TSS_MIN_MG": 10.0, "TSS_RATA_R": 22.6, "TSS_MEDIAN": 19.8, "TSS_MAKS_M": 122.1, "TSS_STDDEV": 11.5, "HS": 0.257526741, "MWP_MEAN_S": 3.6773, "MWD_CIRCUL": 29.63, "JARAK_MUAR": 936.29342666807304, "NAMA_SUNGA": "Kali Ketiwon", "MUARA_ID": "M5", "RESPON": "Abrasi", "TSS__BATAS": 30.4, "PROKSI_NER": "Defisit/Erosi" }, "geometry": { "type": "MultiLineString", "coordinates": [ [ [ 109.170264892796752, -6.85033363148761 ], [ 109.169513254618678, -6.849813771467008 ], [ 109.169022544287415, -6.84947437793473 ], [ 109.169008804716938, -6.84946652637926 ], [ 109.168761396822845, -6.849325151856982 ] ] ] } },
{ "type": "Feature", "properties": { "OBJECTID_1": 2402, "OBJECTID": 36, "ID": 0, "TAHUN": 2024, "DATE": "2024-01-01", "NAMA_TITIK": "T42", "ZONA": "SEL TIMUR", "SHAPE_LENG": 262.763760203, "TRANSECTID": 46, "TRANSORDER": 46, "SHORELINEI": "2024-01-01", "BASELINEID": 1, "DISTANCE": 207.37, "INTERSECTX": 297977.97440399998, "INTERSECTY": 9242293.3354100008, "UNCERTAINT": 10, "NAMA_TITI2": "T42", "D_TAHUN": 0.0, "LRR": -1.48, "SKOR_SHORE": 4, "RASTERVALU": 10.6361, "SKOR_SLOPE": 2, "RASTERVA_1": -1.41562, "SKOR_ELEV": 5, "GEOM_LAP": "Tambak", "SKOR_GEOM": 5, "KATEGORI": "Abrasi Sedang", "GELOMBANG": 0.25752674130832398, "PASUT": 0.901, "SLR": 4.69, "SKOR_GEL": 2, "SKOR_PASUT": 2, "SKOR_SLR": 5, "CVI": 38.729833462069998, "KELAS_CVI": 3, "KELAS_CV_1": "Sedang", "LAHAN": "Tambak", "JENIS": "Natural", "SKOR_LAHAN": 3, "DELTA_D": -14.53, "D_MEAN": -3.480555555555553, "D_MEDIAN": -1.33, "TSS_MIN_MG": 10.0, "TSS_RATA_R": 22.6, "TSS_MEDIAN": 19.8, "TSS_MAKS_M": 122.1, "TSS_STDDEV": 11.5, "HS": 0.257526741, "MWP_MEAN_S": 3.6773, "MWD_CIRCUL": 29.63, "JARAK_MUAR": 1130.0451134499999, "NAMA_SUNGA": "Kali Ketiwon", "MUARA_ID": "M5", "RESPON": "Abrasi", "TSS__BATAS": 30.4, "PROKSI_NER": "Defisit/Erosi" }, "geometry": { "type": "MultiLineString", "coordinates": [ [ [ 109.172219567381248, -6.851685542768727 ], [ 109.170264892796752, -6.85033363148761 ] ] ] } },
{ "type": "Feature", "properties": { "OBJECTID_1": 2410, "OBJECTID": 36, "ID": 0, "TAHUN": 2024, "DATE": "2024-01-01", "NAMA_TITIK": "T40", "ZONA": "SEL TIMUR", "SHAPE_LENG": 200.10195618899999, "TRANSECTID": 44, "TRANSORDER": 44, "SHORELINEI": "2024-01-01", "BASELINEID": 1, "DISTANCE": 223.84, "INTERSECTX": 297639.930872, "INTERSECTY": 9242521.9017399997, "UNCERTAINT": 10, "NAMA_TITI2": "T40", "D_TAHUN": 0.0, "LRR": -2.39, "SKOR_SHORE": 5, "RASTERVALU": 1.31742, "SKOR_SLOPE": 5, "RASTERVA_1": -2.87668, "SKOR_ELEV": 5, "GEOM_LAP": "Tambak", "SKOR_GEOM": 5, "KATEGORI": "Abrasi Tinggi", "GELOMBANG": 0.25752674130832398, "PASUT": 0.901, "SLR": 4.69, "SKOR_GEL": 2, "SKOR_PASUT": 2, "SKOR_SLR": 5, "CVI": 68.465319688150004, "KELAS_CVI": 4, "KELAS_CV_1": "Tinggi", "LAHAN": "Tambak", "JENIS": "Natural", "SKOR_LAHAN": 3, "DELTA_D": -8.07, "D_MEAN": -3.480555555555553, "D_MEDIAN": -1.33, "TSS_MIN_MG": 10.0, "TSS_RATA_R": 22.6, "TSS_MEDIAN": 19.8, "TSS_MAKS_M": 122.1, "TSS_STDDEV": 11.5, "HS": 0.257526741, "MWP_MEAN_S": 3.6773, "MWD_CIRCUL": 29.63, "JARAK_MUAR": 727.664323427044, "NAMA_SUNGA": "Kali Ketiwon", "MUARA_ID": "M5", "RESPON": "Abrasi", "TSS__BATAS": 30.4, "PROKSI_NER": "Defisit/Erosi" }, "geometry": { "type": "MultiLineString", "coordinates": [ [ [ 109.168761396822845, -6.849325151856982 ], [ 109.16718992502399, -6.848427167316332 ] ] ] } },
{ "type": "Feature", "properties": { "OBJECTID_1": 2417, "OBJECTID": 36, "ID": 0, "TAHUN": 2024, "DATE": "2024-01-01", "NAMA_TITIK": "T51", "ZONA": "SEL BARAT", "SHAPE_LENG": 259.28289315699999, "TRANSECTID": 20, "TRANSORDER": 20, "SHORELINEI": "2024-01-01", "BASELINEID": 1, "DISTANCE": 323.73, "INTERSECTX": 293000.71187399997, "INTERSECTY": 9242693.6178600006, "UNCERTAINT": 10, "NAMA_TITI2": "T51", "D_TAHUN": 0.0, "LRR": 0.72, "SKOR_SHORE": 3, "RASTERVALU": 2.59289, "SKOR_SLOPE": 4, "RASTERVA_1": -2.65623, "SKOR_ELEV": 5, "GEOM_LAP": "Aluvial", "SKOR_GEOM": 4, "KATEGORI": "Stabil", "GELOMBANG": 0.25752674130832398, "PASUT": 0.901, "SLR": 4.69, "SKOR_GEL": 2, "SKOR_PASUT": 2, "SKOR_SLR": 5, "CVI": 48.989794855660001, "KELAS_CVI": 3, "KELAS_CV_1": "Sedang", "LAHAN": "Muara", "JENIS": "Natural", "SKOR_LAHAN": 4, "DELTA_D": 44.65, "D_MEAN": -11.397368421052626, "D_MEDIAN": -8.07, "TSS_MIN_MG": 10.8, "TSS_RATA_R": 20.1, "TSS_MEDIAN": 17.2, "TSS_MAKS_M": 75.4, "TSS_STDDEV": 8.0, "HS": 0.257526741, "MWP_MEAN_S": 3.6773, "MWD_CIRCUL": 29.63, "JARAK_MUAR": 19.716633507029201, "NAMA_SUNGA": "Kali Sibelis", "MUARA_ID": "M3", "RESPON": "Abrasi", "TSS__BATAS": 30.4, "PROKSI_NER": "Defisit/Erosi" }, "geometry": { "type": "MultiLineString", "coordinates": [ [ [ 109.126800371941357, -6.847610874992856 ], [ 109.126770318986999, -6.84760573090601 ], [ 109.126510432866965, -6.847969037740846 ], [ 109.126462516307754, -6.848036023233059 ], [ 109.126453151294726, -6.84804911468167 ], [ 109.126398913154617, -6.848124935985307 ], [ 109.126397504216257, -6.848126906014867 ], [ 109.126396917536994, -6.848127726485272 ], [ 109.12639524846044, -6.848130059864743 ], [ 109.126387317848327, -6.848141146119749 ], [ 109.12638388964541, -6.848145939105574 ], [ 109.126345438127814, -6.848199691572433 ], [ 109.126339070166154, -6.848208594117361 ], [ 109.126338164224606, -6.848209860886875 ], [ 109.126327949658446, -6.84822413975713 ], [ 109.126319062168349, -6.848236563103073 ], [ 109.126311549044374, -6.848247066916077 ], [ 109.126290559602865, -6.84827640906197 ], [ 109.126270939073237, -6.848303837981401 ], [ 109.126253692543131, -6.848327948056136 ], [ 109.126253054015152, -6.848328841558526 ], [ 109.126245913821762, -6.848338822428828 ], [ 109.126244645871765, -6.848340594098887 ], [ 109.126230034391213, -6.848361020174404 ], [ 109.126226555248323, -6.848365884385823 ], [ 109.126224274020032, -6.848369074300116 ], [ 109.126219932595703, -6.848375143970032 ], [ 109.126219448696943, -6.848375821084256 ], [ 109.126218073414307, -6.848377743325272 ], [ 109.12621700011475, -6.848379242707163 ], [ 109.126214351418938, -6.848382945638057 ], [ 109.126208423689846, -6.848391232376198 ], [ 109.126202280391055, -6.848399820252816 ], [ 109.126186798357608, -6.848399466949922 ], [ 109.12591864335505, -6.848393343735703 ], [ 109.12590883909354, -6.848393120156379 ], [ 109.125905651511275, -6.84839304714932 ], [ 109.125842036434321, -6.848391594769675 ], [ 109.125806651007139, -6.84839078681386 ], [ 109.125632834584735, -6.848386816992821 ], [ 109.125411081430528, -6.848381753285929 ], [ 109.125296651401371, -6.848379139723217 ], [ 109.124864314420464, -6.848369267047744 ] ] ] } },
{ "type": "Feature", "properties": { "OBJECTID_1": 2432, "OBJECTID": 36, "ID": 0, "TAHUN": 2024, "DATE": "2024-01-01", "NAMA_TITIK": "T38", "ZONA": "SEL TIMUR", "SHAPE_LENG": 180.30422557, "TRANSECTID": 42, "TRANSORDER": 42, "SHORELINEI": "2024-01-01", "BASELINEID": 1, "DISTANCE": 247.77, "INTERSECTX": 297310.85634699999, "INTERSECTY": 9242750.5557199996, "UNCERTAINT": 10, "NAMA_TITI2": "T38", "D_TAHUN": 0.0, "LRR": -4.04, "SKOR_SHORE": 5, "RASTERVALU": 0.000344, "SKOR_SLOPE": 5, "RASTERVA_1": -2.94192, "SKOR_ELEV": 5, "GEOM_LAP": "Pasir_Halus", "SKOR_GEOM": 3, "KATEGORI": "Abrasi Tinggi", "GELOMBANG": 0.25752674130832398, "PASUT": 0.901, "SLR": 4.69, "SKOR_GEL": 2, "SKOR_PASUT": 2, "SKOR_SLR": 5, "CVI": 43.301270189219998, "KELAS_CVI": 3, "KELAS_CV_1": "Sedang", "LAHAN": "Pantai", "JENIS": "Natural", "SKOR_LAHAN": 2, "DELTA_D": 19.36, "D_MEAN": -3.480555555555553, "D_MEDIAN": -1.33, "TSS_MIN_MG": 10.0, "TSS_RATA_R": 22.6, "TSS_MEDIAN": 19.8, "TSS_MAKS_M": 122.1, "TSS_STDDEV": 11.5, "HS": 0.257526741, "MWP_MEAN_S": 3.6773, "MWD_CIRCUL": 29.63, "JARAK_MUAR": 355.43647958132902, "NAMA_SUNGA": "Kali Ketiwon", "MUARA_ID": "M5", "RESPON": "Abrasi", "TSS__BATAS": 30.4, "PROKSI_NER": "Defisit/Erosi" }, "geometry": { "type": "MultiLineString", "coordinates": [ [ [ 109.165792403944437, -6.847246455601537 ], [ 109.164497104972114, -6.846271954892746 ], [ 109.164489256344694, -6.846266049770161 ] ] ] } },
{ "type": "Feature", "properties": { "OBJECTID_1": 2433, "OBJECTID": 36, "ID": 0, "TAHUN": 2024, "DATE": "2024-01-01", "NAMA_TITIK": "T39", "ZONA": "SEL TIMUR", "SHAPE_LENG": 202.48995918400001, "TRANSECTID": 43, "TRANSORDER": 43, "SHORELINEI": "2024-01-01", "BASELINEID": 1, "DISTANCE": 217.45, "INTERSECTX": 297465.839209, "INTERSECTY": 9242620.5572599992, "UNCERTAINT": 10, "NAMA_TITI2": "T39", "D_TAHUN": 0.0, "LRR": -3.6, "SKOR_SHORE": 5, "RASTERVALU": 0.000339, "SKOR_SLOPE": 5, "RASTERVA_1": -2.9425, "SKOR_ELEV": 5, "GEOM_LAP": "Pasir_Halus", "SKOR_GEOM": 3, "KATEGORI": "Abrasi Tinggi", "GELOMBANG": 0.25752674130832398, "PASUT": 0.901, "SLR": 4.69, "SKOR_GEL": 2, "SKOR_PASUT": 2, "SKOR_SLR": 5, "CVI": 43.301270189219998, "KELAS_CVI": 3, "KELAS_CV_1": "Sedang", "LAHAN": "Pantai", "JENIS": "Natural", "SKOR_LAHAN": 2, "DELTA_D": -20.31, "D_MEAN": -3.480555555555553, "D_MEDIAN": -1.33, "TSS_MIN_MG": 10.0, "TSS_RATA_R": 22.6, "TSS_MEDIAN": 19.8, "TSS_MAKS_M": 122.1, "TSS_STDDEV": 11.5, "HS": 0.257526741, "MWP_MEAN_S": 3.6773, "MWD_CIRCUL": 29.63, "JARAK_MUAR": 535.47677602736997, "NAMA_SUNGA": "Kali Ketiwon", "MUARA_ID": "M5", "RESPON": "Abrasi", "TSS__BATAS": 30.4, "PROKSI_NER": "Defisit/Erosi" }, "geometry": { "type": "MultiLineString", "coordinates": [ [ [ 109.16718992502399, -6.848427167316332 ], [ 109.167136081809602, -6.848396399910011 ], [ 109.167093879468666, -6.848359234831033 ], [ 109.166182380684702, -6.847556534178461 ], [ 109.166052342645131, -6.847442016697445 ], [ 109.165792403944437, -6.847246455601537 ] ] ] } },
{ "type": "Feature", "properties": { "OBJECTID_1": 2439, "OBJECTID": 36, "ID": 0, "TAHUN": 2024, "DATE": "2024-01-01", "NAMA_TITIK": "T37", "ZONA": "SEL TIMUR", "SHAPE_LENG": 200.032298403, "TRANSECTID": 41, "TRANSORDER": 41, "SHORELINEI": "2024-01-01", "BASELINEID": 1, "DISTANCE": 262.29, "INTERSECTX": 297166.38952800003, "INTERSECTY": 9242858.4397299998, "UNCERTAINT": 10, "NAMA_TITI2": "T37", "D_TAHUN": 0.0, "LRR": -4.54, "SKOR_SHORE": 5, "RASTERVALU": 0.000345, "SKOR_SLOPE": 5, "RASTERVA_1": -2.94128, "SKOR_ELEV": 5, "GEOM_LAP": "Pasir_Halus", "SKOR_GEOM": 3, "KATEGORI": "Abrasi Tinggi", "GELOMBANG": 0.25752674130832398, "PASUT": 0.901, "SLR": 4.69, "SKOR_GEL": 2, "SKOR_PASUT": 2, "SKOR_SLR": 5, "CVI": 43.301270189219998, "KELAS_CVI": 3, "KELAS_CV_1": "Sedang", "LAHAN": "Pantai", "JENIS": "Natural", "SKOR_LAHAN": 2, "DELTA_D": 23.58, "D_MEAN": -3.480555555555553, "D_MEDIAN": -1.33, "TSS_MIN_MG": 10.0, "TSS_RATA_R": 22.6, "TSS_MEDIAN": 19.8, "TSS_MAKS_M": 122.1, "TSS_STDDEV": 11.5, "HS": 0.257526741, "MWP_MEAN_S": 3.6773, "MWD_CIRCUL": 29.63, "JARAK_MUAR": 155.29372815372599, "NAMA_SUNGA": "Kali Ketiwon", "MUARA_ID": "M5", "RESPON": "Abrasi", "TSS__BATAS": 30.4, "PROKSI_NER": "Defisit/Erosi" }, "geometry": { "type": "MultiLineString", "coordinates": [ [ [ 109.164489256344694, -6.846266049770161 ], [ 109.164470290102216, -6.846251781322169 ], [ 109.164452511845937, -6.846238406187427 ], [ 109.16444113625397, -6.846229847484796 ], [ 109.163164316835434, -6.84526924316562 ], [ 109.163148483445241, -6.845257330204801 ], [ 109.163051063848627, -6.845184037607593 ], [ 109.163044277400445, -6.845177867996736 ], [ 109.163044088989366, -6.84517769639301 ] ] ] } },
{ "type": "Feature", "properties": { "OBJECTID_1": 2455, "OBJECTID": 36, "ID": 0, "TAHUN": 2024, "DATE": "2024-01-01", "NAMA_TITIK": "T04", "ZONA": "SEL BARAT", "SHAPE_LENG": 200.039775048, "TRANSECTID": 4, "TRANSORDER": 4, "SHORELINEI": "2024-01-01", "BASELINEID": 1, "DISTANCE": 174.02, "INTERSECTX": 290035.69104000001, "INTERSECTY": 9243517.0821499992, "UNCERTAINT": 10, "NAMA_TITI2": "T04", "D_TAHUN": 0.0, "LRR": -3.32, "SKOR_SHORE": 5, "RASTERVALU": 6.89058, "SKOR_SLOPE": 3, "RASTERVA_1": -2.22393, "SKOR_ELEV": 5, "GEOM_LAP": "Pasir_Halus", "SKOR_GEOM": 3, "KATEGORI": "Abrasi Tinggi", "GELOMBANG": 0.25752674130832398, "PASUT": 0.901, "SLR": 4.69, "SKOR_GEL": 2, "SKOR_PASUT": 2, "SKOR_SLR": 5, "CVI": 33.541019662499998, "KELAS_CVI": 2, "KELAS_CV_1": "Rendah", "LAHAN": "Pantai", "JENIS": "Natural", "SKOR_LAHAN": 2, "DELTA_D": -81.11, "D_MEAN": -11.397368421052626, "D_MEDIAN": -8.07, "TSS_MIN_MG": 10.8, "TSS_RATA_R": 20.1, "TSS_MEDIAN": 17.2, "TSS_MAKS_M": 75.4, "TSS_STDDEV": 8.0, "HS": 0.257526741, "MWP_MEAN_S": 3.6773, "MWD_CIRCUL": 29.63, "JARAK_MUAR": 191.803552089433, "NAMA_SUNGA": "KaliGangsa", "MUARA_ID": "M1", "RESPON": "Abrasi", "TSS__BATAS": 30.4, "PROKSI_NER": "Defisit/Erosi" }, "geometry": { "type": "MultiLineString", "coordinates": [ [ [ 109.100008410230075, -6.840060639442648 ], [ 109.098541732189545, -6.839001374895279 ] ] ] } },
{ "type": "Feature", "properties": { "OBJECTID_1": 2456, "OBJECTID": 36, "ID": 0, "TAHUN": 2024, "DATE": "2024-01-01", "NAMA_TITIK": "T44", "ZONA": "SEL BARAT", "SHAPE_LENG": 200.24347203900001, "TRANSECTID": 5, "TRANSORDER": 5, "SHORELINEI": "2024-01-01", "BASELINEID": 1, "DISTANCE": 291.15, "INTERSECTX": 290213.09000800003, "INTERSECTY": 9243583.9666499998, "UNCERTAINT": 10, "NAMA_TITI2": "T44", "D_TAHUN": 0.0, "LRR": -2.33, "SKOR_SHORE": 5, "RASTERVALU": 0.013365, "SKOR_SLOPE": 5, "RASTERVA_1": -2.91714, "SKOR_ELEV": 5, "GEOM_LAP": "Aluvial", "SKOR_GEOM": 4, "KATEGORI": "Abrasi Tinggi", "GELOMBANG": 0.25752674130832398, "PASUT": 0.901, "SLR": 4.69, "SKOR_GEL": 2, "SKOR_PASUT": 2, "SKOR_SLR": 5, "CVI": 70.710678118649994, "KELAS_CVI": 4, "KELAS_CV_1": "Tinggi", "LAHAN": "Muara", "JENIS": "Natural", "SKOR_LAHAN": 4, "DELTA_D": -5.36, "D_MEAN": -11.397368421052626, "D_MEDIAN": -8.07, "TSS_MIN_MG": 10.8, "TSS_RATA_R": 20.1, "TSS_MEDIAN": 17.2, "TSS_MAKS_M": 75.4, "TSS_STDDEV": 8.0, "HS": 0.257526741, "MWP_MEAN_S": 3.6773, "MWD_CIRCUL": 29.63, "JARAK_MUAR": 61.827697463302599, "NAMA_SUNGA": "KaliGangsa", "MUARA_ID": "M1", "RESPON": "Abrasi", "TSS__BATAS": 30.4, "PROKSI_NER": "Defisit/Erosi" }, "geometry": { "type": "MultiLineString", "coordinates": [ [ [ 109.101615502907194, -6.839462268879838 ], [ 109.101581925790114, -6.839452128741867 ], [ 109.100558362782152, -6.839963911331855 ], [ 109.100154249382257, -6.840165967113121 ], [ 109.100008410230075, -6.840060639442648 ] ] ] } },
{ "type": "Feature", "properties": { "OBJECTID_1": 2458, "OBJECTID": 36, "ID": 0, "TAHUN": 2024, "DATE": "2024-01-01", "NAMA_TITIK": "T05", "ZONA": "SEL BARAT", "SHAPE_LENG": 200.03684142, "TRANSECTID": 6, "TRANSORDER": 6, "SHORELINEI": "2024-01-01", "BASELINEID": 1, "DISTANCE": 294.99, "INTERSECTX": 290404.80327400001, "INTERSECTY": 9243526.8633900005, "UNCERTAINT": 10, "NAMA_TITI2": "T05", "D_TAHUN": 0.0, "LRR": -1.47, "SKOR_SHORE": 4, "RASTERVALU": 6.15341, "SKOR_SLOPE": 3, "RASTERVA_1": -2.46219, "SKOR_ELEV": 5, "GEOM_LAP": "Pasir_Halus", "SKOR_GEOM": 3, "KATEGORI": "Abrasi Sedang", "GELOMBANG": 0.25752674130832398, "PASUT": 0.901, "SLR": 4.69, "SKOR_GEL": 2, "SKOR_PASUT": 2, "SKOR_SLR": 5, "CVI": 42.426406871189997, "KELAS_CVI": 3, "KELAS_CV_1": "Sedang", "LAHAN": "Muara", "JENIS": "Natural", "SKOR_LAHAN": 4, "DELTA_D": -10.96, "D_MEAN": -11.397368421052626, "D_MEDIAN": -8.07, "TSS_MIN_MG": 10.8, "TSS_RATA_R": 20.1, "TSS_MEDIAN": 17.2, "TSS_MAKS_M": 75.4, "TSS_STDDEV": 8.0, "HS": 0.257526741, "MWP_MEAN_S": 3.6773, "MWD_CIRCUL": 29.63, "JARAK_MUAR": 4.2768385923696401, "NAMA_SUNGA": "KaliGangsa", "MUARA_ID": "M1", "RESPON": "Abrasi", "TSS__BATAS": 30.4, "PROKSI_NER": "Defisit/Erosi" }, "geometry": { "type": "MultiLineString", "coordinates": [ [ [ 109.103347652213827, -6.839985380452346 ], [ 109.101615502907194, -6.839462268879838 ] ] ] } },
{ "type": "Feature", "properties": { "OBJECTID_1": 2459, "OBJECTID": 36, "ID": 0, "TAHUN": 2024, "DATE": "2024-01-01", "NAMA_TITIK": "T02", "ZONA": "SEL BARAT", "SHAPE_LENG": 194.90416092300001, "TRANSECTID": 2, "TRANSORDER": 2, "SHORELINEI": "2024-01-01", "BASELINEID": 1, "DISTANCE": 185.6, "INTERSECTX": 289712.52513899998, "INTERSECTY": 9243753.086, "UNCERTAINT": 10, "NAMA_TITI2": "T02", "D_TAHUN": 0.0, "LRR": -2.19, "SKOR_SHORE": 5, "RASTERVALU": 6.56471, "SKOR_SLOPE": 3, "RASTERVA_1": -1.78074, "SKOR_ELEV": 5, "GEOM_LAP": "Pasir_Halus", "SKOR_GEOM": 3, "KATEGORI": "Abrasi Tinggi", "GELOMBANG": 0.25752674130832398, "PASUT": 0.901, "SLR": 4.69, "SKOR_GEL": 2, "SKOR_PASUT": 2, "SKOR_SLR": 5, "CVI": 33.541019662499998, "KELAS_CVI": 2, "KELAS_CV_1": "Rendah", "LAHAN": "Pantai", "JENIS": "Natural", "SKOR_LAHAN": 2, "DELTA_D": -52.09, "D_MEAN": -11.397368421052626, "D_MEDIAN": -8.07, "TSS_MIN_MG": 10.8, "TSS_RATA_R": 20.1, "TSS_MEDIAN": 17.2, "TSS_MAKS_M": 75.4, "TSS_STDDEV": 8.0, "HS": 0.257526741, "MWP_MEAN_S": 3.6773, "MWD_CIRCUL": 29.63, "JARAK_MUAR": 579.82548354246296, "NAMA_SUNGA": "KaliGangsa", "MUARA_ID": "M1", "RESPON": "Abrasi", "TSS__BATAS": 30.4, "PROKSI_NER": "Defisit/Erosi" }, "geometry": { "type": "MultiLineString", "coordinates": [ [ [ 109.097093587005844, -6.837915375673283 ], [ 109.095719805075049, -6.836810923918347 ] ] ] } },
{ "type": "Feature", "properties": { "OBJECTID_1": 2460, "OBJECTID": 36, "ID": 0, "TAHUN": 2024, "DATE": "2024-01-01", "NAMA_TITIK": "T03", "ZONA": "SEL BARAT", "SHAPE_LENG": 200.20442845700001, "TRANSECTID": 3, "TRANSORDER": 3, "SHORELINEI": "2024-01-01", "BASELINEID": 1, "DISTANCE": 178.01, "INTERSECTX": 289873.08996200003, "INTERSECTY": 9243633.6017099991, "UNCERTAINT": 10, "NAMA_TITI2": "T03", "D_TAHUN": 0.0, "LRR": -3.26, "SKOR_SHORE": 5, "RASTERVALU": 6.99672, "SKOR_SLOPE": 3, "RASTERVA_1": -1.58426, "SKOR_ELEV": 5, "GEOM_LAP": "Pasir_Halus", "SKOR_GEOM": 3, "KATEGORI": "Abrasi Tinggi", "GELOMBANG": 0.25752674130832398, "PASUT": 0.901, "SLR": 4.69, "SKOR_GEL": 2, "SKOR_PASUT": 2, "SKOR_SLR": 5, "CVI": 33.541019662499998, "KELAS_CVI": 2, "KELAS_CV_1": "Rendah", "LAHAN": "Pantai", "JENIS": "Natural", "SKOR_LAHAN": 2, "DELTA_D": -40.42, "D_MEAN": -11.397368421052626, "D_MEDIAN": -8.07, "TSS_MIN_MG": 10.8, "TSS_RATA_R": 20.1, "TSS_MEDIAN": 17.2, "TSS_MAKS_M": 75.4, "TSS_STDDEV": 8.0, "HS": 0.257526741, "MWP_MEAN_S": 3.6773, "MWD_CIRCUL": 29.63, "JARAK_MUAR": 387.64661320961198, "NAMA_SUNGA": "KaliGangsa", "MUARA_ID": "M1", "RESPON": "Abrasi", "TSS__BATAS": 30.4, "PROKSI_NER": "Defisit/Erosi" }, "geometry": { "type": "MultiLineString", "coordinates": [ [ [ 109.098541732189545, -6.839001374895279 ], [ 109.097584431075788, -6.838309987617276 ], [ 109.097093587005844, -6.837915375673283 ] ] ] } },
{ "type": "Feature", "properties": { "OBJECTID_1": 2462, "OBJECTID": 37, "ID": 0, "TAHUN": 2025, "DATE": "2025-01-01", "NAMA_TITIK": "T41", "ZONA": "SEL TIMUR", "SHAPE_LENG": 200.043617568, "TRANSECTID": 45, "TRANSORDER": 45, "SHORELINEI": "2025-01-01", "BASELINEID": 1, "DISTANCE": 205.65, "INTERSECTX": 297801.22854699998, "INTERSECTY": 9242402.2610599995, "UNCERTAINT": 10, "NAMA_TITI2": "T41", "D_TAHUN": 0.0, "LRR": -2.12, "SKOR_SHORE": 5, "RASTERVALU": 9.05717, "SKOR_SLOPE": 2, "RASTERVA_1": -1.62402, "SKOR_ELEV": 5, "GEOM_LAP": "Tambak", "SKOR_GEOM": 5, "KATEGORI": "Abrasi Tinggi", "GELOMBANG": 0.25286520228666398, "PASUT": 0.888, "SLR": 4.69, "SKOR_GEL": 2, "SKOR_PASUT": 2, "SKOR_SLR": 5, "CVI": 43.301270189219998, "KELAS_CVI": 3, "KELAS_CV_1": "Sedang", "LAHAN": "Tambak", "JENIS": "Natural", "SKOR_LAHAN": 3, "DELTA_D": -10.23, "D_MEAN": 4.6516666666666664, "D_MEDIAN": 1.355, "TSS_MIN_MG": 9.9, "TSS_RATA_R": 15.2, "TSS_MEDIAN": 13.8, "TSS_MAKS_M": 90.1, "TSS_STDDEV": 5.3, "HS": 0.252865202, "MWP_MEAN_S": 3.5703, "MWD_CIRCUL": 13.13, "JARAK_MUAR": 936.29342666807304, "NAMA_SUNGA": "Kali Ketiwon", "MUARA_ID": "M5", "RESPON": "Akresi", "TSS__BATAS": 30.4, "PROKSI_NER": "Deposisi Lokal" }, "geometry": { "type": "MultiLineString", "coordinates": [ [ [ 109.170216414770408, -6.850412427164565 ], [ 109.168655416982276, -6.849497409014738 ] ] ] } },
{ "type": "Feature", "properties": { "OBJECTID_1": 2463, "OBJECTID": 37, "ID": 0, "TAHUN": 2025, "DATE": "2025-01-01", "NAMA_TITIK": "T42", "ZONA": "SEL TIMUR", "SHAPE_LENG": 256.65481116699999, "TRANSECTID": 46, "TRANSORDER": 46, "SHORELINEI": "2025-01-01", "BASELINEID": 1, "DISTANCE": 212.71, "INTERSECTX": 297980.921829, "INTERSECTY": 9242297.7908100002, "UNCERTAINT": 10, "NAMA_TITI2": "T42", "D_TAHUN": 0.0, "LRR": -1.48, "SKOR_SHORE": 4, "RASTERVALU": 10.6361, "SKOR_SLOPE": 2, "RASTERVA_1": -1.41562, "SKOR_ELEV": 5, "GEOM_LAP": "Tambak", "SKOR_GEOM": 5, "KATEGORI": "Abrasi Sedang", "GELOMBANG": 0.25286520228666398, "PASUT": 0.888, "SLR": 4.69, "SKOR_GEL": 2, "SKOR_PASUT": 2, "SKOR_SLR": 5, "CVI": 38.729833462069998, "KELAS_CVI": 3, "KELAS_CV_1": "Sedang", "LAHAN": "Tambak", "JENIS": "Natural", "SKOR_LAHAN": 3, "DELTA_D": 5.34, "D_MEAN": 4.6516666666666664, "D_MEDIAN": 1.355, "TSS_MIN_MG": 9.9, "TSS_RATA_R": 15.2, "TSS_MEDIAN": 13.8, "TSS_MAKS_M": 90.1, "TSS_STDDEV": 5.3, "HS": 0.252865202, "MWP_MEAN_S": 3.5703, "MWD_CIRCUL": 13.13, "JARAK_MUAR": 1130.0451134499999, "NAMA_SUNGA": "Kali Ketiwon", "MUARA_ID": "M5", "RESPON": "Akresi", "TSS__BATAS": 30.4, "PROKSI_NER": "Deposisi Lokal" }, "geometry": { "type": "MultiLineString", "coordinates": [ [ [ 109.172219176137546, -6.851586384748003 ], [ 109.170216414770408, -6.850412427164565 ] ] ] } },
{ "type": "Feature", "properties": { "OBJECTID_1": 2471, "OBJECTID": 37, "ID": 0, "TAHUN": 2025, "DATE": "2025-01-01", "NAMA_TITIK": "T40", "ZONA": "SEL TIMUR", "SHAPE_LENG": 201.96811917599999, "TRANSECTID": 44, "TRANSORDER": 44, "SHORELINEI": "2025-01-01", "BASELINEID": 1, "DISTANCE": 201.47, "INTERSECTX": 297628.28832599998, "INTERSECTY": 9242502.8052200004, "UNCERTAINT": 10, "NAMA_TITI2": "T40", "D_TAHUN": 0.0, "LRR": -2.39, "SKOR_SHORE": 5, "RASTERVALU": 1.31742, "SKOR_SLOPE": 5, "RASTERVA_1": -2.87668, "SKOR_ELEV": 5, "GEOM_LAP": "Tambak", "SKOR_GEOM": 5, "KATEGORI": "Abrasi Tinggi", "GELOMBANG": 0.25286520228666398, "PASUT": 0.888, "SLR": 4.69, "SKOR_GEL": 2, "SKOR_PASUT": 2, "SKOR_SLR": 5, "CVI": 68.465319688150004, "KELAS_CVI": 4, "KELAS_CV_1": "Tinggi", "LAHAN": "Tambak", "JENIS": "Natural", "SKOR_LAHAN": 3, "DELTA_D": -22.37, "D_MEAN": 4.6516666666666664, "D_MEDIAN": 1.355, "TSS_MIN_MG": 9.9, "TSS_RATA_R": 15.2, "TSS_MEDIAN": 13.8, "TSS_MAKS_M": 90.1, "TSS_STDDEV": 5.3, "HS": 0.252865202, "MWP_MEAN_S": 3.5703, "MWD_CIRCUL": 13.13, "JARAK_MUAR": 727.664323427044, "NAMA_SUNGA": "Kali Ketiwon", "MUARA_ID": "M5", "RESPON": "Akresi", "TSS__BATAS": 30.4, "PROKSI_NER": "Deposisi Lokal" }, "geometry": { "type": "MultiLineString", "coordinates": [ [ [ 109.168655416982276, -6.849497409014738 ], [ 109.167631475385932, -6.848897197004849 ], [ 109.16717919457902, -6.848444608124874 ] ] ] } },
{ "type": "Feature", "properties": { "OBJECTID_1": 2477, "OBJECTID": 37, "ID": 0, "TAHUN": 2025, "DATE": "2025-01-01", "NAMA_TITIK": "T51", "ZONA": "SEL BARAT", "SHAPE_LENG": 217.410688002, "TRANSECTID": 20, "TRANSORDER": 20, "SHORELINEI": "2025-01-01", "BASELINEID": 1, "DISTANCE": 285.18, "INTERSECTX": 292995.40751200001, "INTERSECTY": 9242655.4432699997, "UNCERTAINT": 10, "NAMA_TITI2": "T51", "D_TAHUN": 0.0, "LRR": 0.72, "SKOR_SHORE": 3, "RASTERVALU": 2.59289, "SKOR_SLOPE": 4, "RASTERVA_1": -2.65623, "SKOR_ELEV": 5, "GEOM_LAP": "Aluvial", "SKOR_GEOM": 4, "KATEGORI": "Stabil", "GELOMBANG": 0.25286520228666398, "PASUT": 0.888, "SLR": 4.69, "SKOR_GEL": 2, "SKOR_PASUT": 2, "SKOR_SLR": 5, "CVI": 48.989794855660001, "KELAS_CVI": 3, "KELAS_CV_1": "Sedang", "LAHAN": "Muara", "JENIS": "Natural", "SKOR_LAHAN": 4, "DELTA_D": -38.55, "D_MEAN": -4.5295, "D_MEDIAN": -0.070000000000007001, "TSS_MIN_MG": 9.7, "TSS_RATA_R": 12.9, "TSS_MEDIAN": 11.6, "TSS_MAKS_M": 59.0, "TSS_STDDEV": 3.8, "HS": 0.252865202, "MWP_MEAN_S": 3.5703, "MWD_CIRCUL": 13.13, "JARAK_MUAR": 19.716633507029201, "NAMA_SUNGA": "Kali Sibelis", "MUARA_ID": "M3", "RESPON": "Stabil", "TSS__BATAS": 30.4, "PROKSI_NER": "Relatif Seimbang" }, "geometry": { "type": "MultiLineString", "coordinates": [ [ [ 109.126751041612209, -6.84795583140787 ], [ 109.12662710980112, -6.847994640002272 ], [ 109.126508241870141, -6.848031863469805 ], [ 109.126453151294726, -6.84804911468167 ], [ 109.126258296836539, -6.848110132373832 ], [ 109.126223002629899, -6.848121185175179 ], [ 109.126216775784158, -6.848123135515683 ], [ 109.126215504149087, -6.848123533799359 ], [ 109.126204736010919, -6.848126905807378 ], [ 109.126054369716499, -6.848173992439975 ], [ 109.126021640513372, -6.848184241509347 ], [ 109.1259965818777, -6.848192088379379 ], [ 109.125981584012251, -6.848196784711654 ], [ 109.125968413895819, -6.84820090862387 ], [ 109.125951485933726, -6.848206209524133 ], [ 109.125799524628235, -6.848253796155872 ], [ 109.125792930060172, -6.848255860784406 ], [ 109.12573424010678, -6.848274239777639 ], [ 109.125719583696764, -6.848278828936525 ], [ 109.125659249853982, -6.848297722286135 ], [ 109.125656500079288, -6.848298583141903 ], [ 109.125649013372566, -6.848300927280992 ], [ 109.12563811661721, -6.848304339458323 ], [ 109.125620700463017, -6.848309793951072 ], [ 109.125607422561018, -6.848313951788181 ], [ 109.125578960207619, -6.848322864887214 ], [ 109.125543500238535, -6.848333968518912 ], [ 109.125541514893811, -6.848334590048946 ], [ 109.125511483826514, -6.848343994295546 ], [ 109.125419242741501, -6.848359084257533 ], [ 109.125412211192653, -6.848360234909665 ], [ 109.125350567475579, -6.848370319604427 ], [ 109.125296651401371, -6.848379139723217 ], [ 109.125253136908725, -6.848386259060355 ], [ 109.125218624572142, -6.848391905424866 ], [ 109.125200576813853, -6.84839485752078 ], [ 109.124852511575583, -6.84845179775358 ] ] ] } },
{ "type": "Feature", "properties": { "OBJECTID_1": 2492, "OBJECTID": 37, "ID": 0, "TAHUN": 2025, "DATE": "2025-01-01", "NAMA_TITIK": "T38", "ZONA": "SEL TIMUR", "SHAPE_LENG": 180.99226727499999, "TRANSECTID": 42, "TRANSORDER": 42, "SHORELINEI": "2025-01-01", "BASELINEID": 1, "DISTANCE": 263.01, "INTERSECTX": 297318.78732399992, "INTERSECTY": 9242763.56439, "UNCERTAINT": 10, "NAMA_TITI2": "T38", "D_TAHUN": 0.0, "LRR": -4.04, "SKOR_SHORE": 5, "RASTERVALU": 0.000344, "SKOR_SLOPE": 5, "RASTERVA_1": -2.94192, "SKOR_ELEV": 5, "GEOM_LAP": "Pasir_Halus", "SKOR_GEOM": 3, "KATEGORI": "Abrasi Tinggi", "GELOMBANG": 0.25286520228666398, "PASUT": 0.888, "SLR": 4.69, "SKOR_GEL": 2, "SKOR_PASUT": 2, "SKOR_SLR": 5, "CVI": 43.301270189219998, "KELAS_CVI": 3, "KELAS_CV_1": "Sedang", "LAHAN": "Pantai", "JENIS": "Natural", "SKOR_LAHAN": 2, "DELTA_D": 15.24, "D_MEAN": 4.6516666666666664, "D_MEDIAN": 1.355, "TSS_MIN_MG": 9.9, "TSS_RATA_R": 15.2, "TSS_MEDIAN": 13.8, "TSS_MAKS_M": 90.1, "TSS_STDDEV": 5.3, "HS": 0.252865202, "MWP_MEAN_S": 3.5703, "MWD_CIRCUL": 13.13, "JARAK_MUAR": 355.43647958132902, "NAMA_SUNGA": "Kali Ketiwon", "MUARA_ID": "M5", "RESPON": "Akresi", "TSS__BATAS": 30.4, "PROKSI_NER": "Deposisi Lokal" }, "geometry": { "type": "MultiLineString", "coordinates": [ [ [ 109.165864598690845, -6.847129113970626 ], [ 109.165320777727572, -6.8465849182733 ], [ 109.165316863871965, -6.846581001934221 ], [ 109.165307611388315, -6.84657174249651 ], [ 109.165270245951376, -6.846551511511434 ], [ 109.164781785544037, -6.846287032545642 ], [ 109.164632454937035, -6.846206176786507 ], [ 109.164561010264862, -6.846167492182499 ] ] ] } },
{ "type": "Feature", "properties": { "OBJECTID_1": 2493, "OBJECTID": 37, "ID": 0, "TAHUN": 2025, "DATE": "2025-01-01", "NAMA_TITIK": "T39", "ZONA": "SEL TIMUR", "SHAPE_LENG": 205.637396483, "TRANSECTID": 43, "TRANSORDER": 43, "SHORELINEI": "2025-01-01", "BASELINEID": 1, "DISTANCE": 215.19, "INTERSECTX": 297464.66040499997, "INTERSECTY": 9242618.6237400007, "UNCERTAINT": 10, "NAMA_TITI2": "T39", "D_TAHUN": 0.0, "LRR": -3.6, "SKOR_SHORE": 5, "RASTERVALU": 0.000339, "SKOR_SLOPE": 5, "RASTERVA_1": -2.9425, "SKOR_ELEV": 5, "GEOM_LAP": "Pasir_Halus", "SKOR_GEOM": 3, "KATEGORI": "Abrasi Tinggi", "GELOMBANG": 0.25286520228666398, "PASUT": 0.888, "SLR": 4.69, "SKOR_GEL": 2, "SKOR_PASUT": 2, "SKOR_SLR": 5, "CVI": 43.301270189219998, "KELAS_CVI": 3, "KELAS_CV_1": "Sedang", "LAHAN": "Pantai", "JENIS": "Natural", "SKOR_LAHAN": 2, "DELTA_D": -2.26, "D_MEAN": 4.6516666666666664, "D_MEDIAN": 1.355, "TSS_MIN_MG": 9.9, "TSS_RATA_R": 15.2, "TSS_MEDIAN": 13.8, "TSS_MAKS_M": 90.1, "TSS_STDDEV": 5.3, "HS": 0.252865202, "MWP_MEAN_S": 3.5703, "MWD_CIRCUL": 13.13, "JARAK_MUAR": 535.47677602736997, "NAMA_SUNGA": "Kali Ketiwon", "MUARA_ID": "M5", "RESPON": "Akresi", "TSS__BATAS": 30.4, "PROKSI_NER": "Deposisi Lokal" }, "geometry": { "type": "MultiLineString", "coordinates": [ [ [ 109.16717919457902, -6.848444608124874 ], [ 109.167093879468666, -6.848359234831033 ], [ 109.16643158961034, -6.847696493341795 ], [ 109.165864598690845, -6.847129113970626 ] ] ] } },
{ "type": "Feature", "properties": { "OBJECTID_1": 2503, "OBJECTID": 37, "ID": 0, "TAHUN": 2025, "DATE": "2025-01-01", "NAMA_TITIK": "T37", "ZONA": "SEL TIMUR", "SHAPE_LENG": 221.73918243, "TRANSECTID": 41, "TRANSORDER": 41, "SHORELINEI": "2025-01-01", "BASELINEID": 1, "DISTANCE": 275.77, "INTERSECTX": 297174.27979300008, "INTERSECTY": 9242869.3706800006, "UNCERTAINT": 10, "NAMA_TITI2": "T37", "D_TAHUN": 0.0, "LRR": -4.54, "SKOR_SHORE": 5, "RASTERVALU": 0.000345, "SKOR_SLOPE": 5, "RASTERVA_1": -2.94128, "SKOR_ELEV": 5, "GEOM_LAP": "Pasir_Halus", "SKOR_GEOM": 3, "KATEGORI": "Abrasi Tinggi", "GELOMBANG": 0.25286520228666398, "PASUT": 0.888, "SLR": 4.69, "SKOR_GEL": 2, "SKOR_PASUT": 2, "SKOR_SLR": 5, "CVI": 43.301270189219998, "KELAS_CVI": 3, "KELAS_CV_1": "Sedang", "LAHAN": "Pantai", "JENIS": "Natural", "SKOR_LAHAN": 2, "DELTA_D": 13.48, "D_MEAN": 4.6516666666666664, "D_MEDIAN": 1.355, "TSS_MIN_MG": 9.9, "TSS_RATA_R": 15.2, "TSS_MEDIAN": 13.8, "TSS_MAKS_M": 90.1, "TSS_STDDEV": 5.3, "HS": 0.252865202, "MWP_MEAN_S": 3.5703, "MWD_CIRCUL": 13.13, "JARAK_MUAR": 155.29372815372599, "NAMA_SUNGA": "Kali Ketiwon", "MUARA_ID": "M5", "RESPON": "Akresi", "TSS__BATAS": 30.4, "PROKSI_NER": "Deposisi Lokal" }, "geometry": { "type": "MultiLineString", "coordinates": [ [ [ 109.164561010264862, -6.846167492182499 ], [ 109.16444113599249, -6.846102584999799 ], [ 109.164385662128979, -6.84607254805165 ], [ 109.164244258476913, -6.845876092771706 ], [ 109.164138518732983, -6.84572918535952 ], [ 109.164080085099911, -6.845648002994289 ], [ 109.163739700586831, -6.84517509859768 ], [ 109.163736780577167, -6.845171041383829 ], [ 109.163730078502354, -6.845161729284388 ], [ 109.163645261427732, -6.845043890536197 ], [ 109.163550831309948, -6.8449126960658 ], [ 109.163450740396073, -6.844933309894059 ], [ 109.16336373980927, -6.84495122780444 ], [ 109.16331903314547, -6.844960435758365 ], [ 109.163282274472948, -6.844968006820149 ], [ 109.163181667504745, -6.844988727112618 ] ] ] } },
{ "type": "Feature", "properties": { "OBJECTID_1": 2516, "OBJECTID": 37, "ID": 0, "TAHUN": 2025, "DATE": "2025-01-01", "NAMA_TITIK": "T04", "ZONA": "SEL BARAT", "SHAPE_LENG": 200.41883173799999, "TRANSECTID": 4, "TRANSORDER": 4, "SHORELINEI": "2025-01-01", "BASELINEID": 1, "DISTANCE": 215.32, "INTERSECTX": 290059.06913000002, "INTERSECTY": 9243551.1198800001, "UNCERTAINT": 10, "NAMA_TITI2": "T04", "D_TAHUN": 0.0, "LRR": -3.32, "SKOR_SHORE": 5, "RASTERVALU": 6.89058, "SKOR_SLOPE": 3, "RASTERVA_1": -2.22393, "SKOR_ELEV": 5, "GEOM_LAP": "Pasir_Halus", "SKOR_GEOM": 3, "KATEGORI": "Abrasi Tinggi", "GELOMBANG": 0.25286520228666398, "PASUT": 0.888, "SLR": 4.69, "SKOR_GEL": 2, "SKOR_PASUT": 2, "SKOR_SLR": 5, "CVI": 33.541019662499998, "KELAS_CVI": 2, "KELAS_CV_1": "Rendah", "LAHAN": "Pantai", "JENIS": "Natural", "SKOR_LAHAN": 2, "DELTA_D": 41.3, "D_MEAN": -4.5295, "D_MEDIAN": -0.070000000000007001, "TSS_MIN_MG": 9.7, "TSS_RATA_R": 12.9, "TSS_MEDIAN": 11.6, "TSS_MAKS_M": 59.0, "TSS_STDDEV": 3.8, "HS": 0.252865202, "MWP_MEAN_S": 3.5703, "MWD_CIRCUL": 13.13, "JARAK_MUAR": 191.803552089433, "NAMA_SUNGA": "KaliGangsa", "MUARA_ID": "M1", "RESPON": "Stabil", "TSS__BATAS": 30.4, "PROKSI_NER": "Relatif Seimbang" }, "geometry": { "type": "MultiLineString", "coordinates": [ [ [ 109.100221098555906, -6.839753738928196 ], [ 109.098953952293343, -6.838964089486826 ], [ 109.0987134252087, -6.838753629484383 ] ] ] } },
{ "type": "Feature", "properties": { "OBJECTID_1": 2517, "OBJECTID": 37, "ID": 0, "TAHUN": 2025, "DATE": "2025-01-01", "NAMA_TITIK": "T44", "ZONA": "SEL BARAT", "SHAPE_LENG": 139.85629694799999, "TRANSECTID": 5, "TRANSORDER": 5, "SHORELINEI": "2025-01-01", "BASELINEID": 1, "DISTANCE": 194.32, "INTERSECTX": 290183.672379, "INTERSECTY": 9243491.7168300003, "UNCERTAINT": 10, "NAMA_TITI2": "T44", "D_TAHUN": 0.0, "LRR": -2.33, "SKOR_SHORE": 5, "RASTERVALU": 0.013365, "SKOR_SLOPE": 5, "RASTERVA_1": -2.91714, "SKOR_ELEV": 5, "GEOM_LAP": "Aluvial", "SKOR_GEOM": 4, "KATEGORI": "Abrasi Tinggi", "GELOMBANG": 0.25286520228666398, "PASUT": 0.888, "SLR": 4.69, "SKOR_GEL": 2, "SKOR_PASUT": 2, "SKOR_SLR": 5, "CVI": 70.710678118649994, "KELAS_CVI": 4, "KELAS_CV_1": "Tinggi", "LAHAN": "Muara", "JENIS": "Natural", "SKOR_LAHAN": 4, "DELTA_D": -96.83, "D_MEAN": -4.5295, "D_MEDIAN": -0.070000000000007001, "TSS_MIN_MG": 9.7, "TSS_RATA_R": 12.9, "TSS_MEDIAN": 11.6, "TSS_MAKS_M": 59.0, "TSS_STDDEV": 3.8, "HS": 0.252865202, "MWP_MEAN_S": 3.5703, "MWD_CIRCUL": 13.13, "JARAK_MUAR": 61.827697463302599, "NAMA_SUNGA": "KaliGangsa", "MUARA_ID": "M1", "RESPON": "Stabil", "TSS__BATAS": 30.4, "PROKSI_NER": "Relatif Seimbang" }, "geometry": { "type": "MultiLineString", "coordinates": [ [ [ 109.101346104816741, -6.840295252756311 ], [ 109.100957545000099, -6.840212668836735 ], [ 109.100558362782152, -6.839963911331855 ], [ 109.100221098555906, -6.839753738928196 ] ] ] } },
{ "type": "Feature", "properties": { "OBJECTID_1": 2518, "OBJECTID": 37, "ID": 0, "TAHUN": 2025, "DATE": "2025-01-01", "NAMA_TITIK": "T05", "ZONA": "SEL BARAT", "SHAPE_LENG": 201.067896899, "TRANSECTID": 6, "TRANSORDER": 6, "SHORELINEI": "2025-01-01", "BASELINEID": 1, "DISTANCE": 215.02, "INTERSECTX": 290380.50652599998, "INTERSECTY": 9243450.6719799992, "UNCERTAINT": 10, "NAMA_TITI2": "T05", "D_TAHUN": 0.0, "LRR": -1.47, "SKOR_SHORE": 4, "RASTERVALU": 6.15341, "SKOR_SLOPE": 3, "RASTERVA_1": -2.46219, "SKOR_ELEV": 5, "GEOM_LAP": "Pasir_Halus", "SKOR_GEOM": 3, "KATEGORI": "Abrasi Sedang", "GELOMBANG": 0.25286520228666398, "PASUT": 0.888, "SLR": 4.69, "SKOR_GEL": 2, "SKOR_PASUT": 2, "SKOR_SLR": 5, "CVI": 42.426406871189997, "KELAS_CVI": 3, "KELAS_CV_1": "Sedang", "LAHAN": "Muara", "JENIS": "Natural", "SKOR_LAHAN": 4, "DELTA_D": -79.97, "D_MEAN": -4.5295, "D_MEDIAN": -0.070000000000007001, "TSS_MIN_MG": 9.7, "TSS_RATA_R": 12.9, "TSS_MEDIAN": 11.6, "TSS_MAKS_M": 59.0, "TSS_STDDEV": 3.8, "HS": 0.252865202, "MWP_MEAN_S": 3.5703, "MWD_CIRCUL": 13.13, "JARAK_MUAR": 4.2768385923696401, "NAMA_SUNGA": "KaliGangsa", "MUARA_ID": "M1", "RESPON": "Stabil", "TSS__BATAS": 30.4, "PROKSI_NER": "Relatif Seimbang" }, "geometry": { "type": "MultiLineString", "coordinates": [ [ [ 109.103436567146417, -6.839710452381862 ], [ 109.101346104816741, -6.840295252756311 ] ] ] } },
{ "type": "Feature", "properties": { "OBJECTID_1": 2519, "OBJECTID": 37, "ID": 0, "TAHUN": 2025, "DATE": "2025-01-01", "NAMA_TITIK": "T03", "ZONA": "SEL BARAT", "SHAPE_LENG": 201.29064730299999, "TRANSECTID": 3, "TRANSORDER": 3, "SHORELINEI": "2025-01-01", "BASELINEID": 1, "DISTANCE": 211.35, "INTERSECTX": 289891.96191299998, "INTERSECTY": 9243661.0786600001, "UNCERTAINT": 10, "NAMA_TITI2": "T03", "D_TAHUN": 0.0, "LRR": -3.26, "SKOR_SHORE": 5, "RASTERVALU": 6.99672, "SKOR_SLOPE": 3, "RASTERVA_1": -1.58426, "SKOR_ELEV": 5, "GEOM_LAP": "Pasir_Halus", "SKOR_GEOM": 3, "KATEGORI": "Abrasi Tinggi", "GELOMBANG": 0.25286520228666398, "PASUT": 0.888, "SLR": 4.69, "SKOR_GEL": 2, "SKOR_PASUT": 2, "SKOR_SLR": 5, "CVI": 33.541019662499998, "KELAS_CVI": 2, "KELAS_CV_1": "Rendah", "LAHAN": "Pantai", "JENIS": "Natural", "SKOR_LAHAN": 2, "DELTA_D": 33.34, "D_MEAN": -4.5295, "D_MEDIAN": -0.070000000000007001, "TSS_MIN_MG": 9.7, "TSS_RATA_R": 12.9, "TSS_MEDIAN": 11.6, "TSS_MAKS_M": 59.0, "TSS_STDDEV": 3.8, "HS": 0.252865202, "MWP_MEAN_S": 3.5703, "MWD_CIRCUL": 13.13, "JARAK_MUAR": 387.64661320961198, "NAMA_SUNGA": "KaliGangsa", "MUARA_ID": "M1", "RESPON": "Stabil", "TSS__BATAS": 30.4, "PROKSI_NER": "Relatif Seimbang" }, "geometry": { "type": "MultiLineString", "coordinates": [ [ [ 109.0987134252087, -6.838753629484383 ], [ 109.098427063423884, -6.838503063487528 ], [ 109.097704004966673, -6.837870387754755 ], [ 109.097343420755081, -6.837554876601388 ] ] ] } },
{ "type": "Feature", "properties": { "OBJECTID_1": 2520, "OBJECTID": 37, "ID": 0, "TAHUN": 2025, "DATE": "2025-01-01", "NAMA_TITIK": "T01", "ZONA": "SEL BARAT", "SHAPE_LENG": 49.258549956300001, "TRANSECTID": 1, "TRANSORDER": 1, "SHORELINEI": "2025-01-01", "BASELINEID": 1, "DISTANCE": 267.54, "INTERSECTX": 289594.05837099999, "INTERSECTY": 9243933.86369, "UNCERTAINT": 10, "NAMA_TITI2": "T01", "D_TAHUN": 0.0, "LRR": -0.96, "SKOR_SHORE": 3, "RASTERVALU": 0.111227, "SKOR_SLOPE": 5, "RASTERVA_1": -2.91494, "SKOR_ELEV": 5, "GEOM_LAP": "Pasir_Halus", "SKOR_GEOM": 3, "KATEGORI": "Stabil", "GELOMBANG": 0.25286520228666398, "PASUT": 0.888, "SLR": 4.69, "SKOR_GEL": 2, "SKOR_PASUT": 2, "SKOR_SLR": 5, "CVI": 33.541019662499998, "KELAS_CVI": 2, "KELAS_CV_1": "Sedang", "LAHAN": "Pantai", "JENIS": "Natural", "SKOR_LAHAN": 2, "DELTA_D": 3.55, "D_MEAN": -4.5295, "D_MEDIAN": -0.070000000000007001, "TSS_MIN_MG": 9.7, "TSS_RATA_R": 12.9, "TSS_MEDIAN": 11.6, "TSS_MAKS_M": 59.0, "TSS_STDDEV": 3.8, "HS": 0.252865202, "MWP_MEAN_S": 3.5703, "MWD_CIRCUL": 13.13, "JARAK_MUAR": 778.10088489128304, "NAMA_SUNGA": "KaliGangsa", "MUARA_ID": "M1", "RESPON": "Stabil", "TSS__BATAS": 30.4, "PROKSI_NER": "Relatif Seimbang" }, "geometry": { "type": "MultiLineString", "coordinates": [ [ [ 109.096028446612948, -6.836276725694234 ], [ 109.095924501992769, -6.836168545995821 ], [ 109.095875285897108, -6.836117324948703 ], [ 109.095761303002917, -6.835998698274109 ], [ 109.095719809157785, -6.835955513693552 ] ] ] } },
{ "type": "Feature", "properties": { "OBJECTID_1": 2521, "OBJECTID": 37, "ID": 0, "TAHUN": 2025, "DATE": "2025-01-01", "NAMA_TITIK": "T02", "ZONA": "SEL BARAT", "SHAPE_LENG": 202.95791283299999, "TRANSECTID": 2, "TRANSORDER": 2, "SHORELINEI": "2025-01-01", "BASELINEID": 1, "DISTANCE": 234.1, "INTERSECTX": 289739.986149, "INTERSECTY": 9243793.0683399998, "UNCERTAINT": 10, "NAMA_TITI2": "T02", "D_TAHUN": 0.0, "LRR": -2.19, "SKOR_SHORE": 5, "RASTERVALU": 6.56471, "SKOR_SLOPE": 3, "RASTERVA_1": -1.78074, "SKOR_ELEV": 5, "GEOM_LAP": "Pasir_Halus", "SKOR_GEOM": 3, "KATEGORI": "Abrasi Tinggi", "GELOMBANG": 0.25286520228666398, "PASUT": 0.888, "SLR": 4.69, "SKOR_GEL": 2, "SKOR_PASUT": 2, "SKOR_SLR": 5, "CVI": 33.541019662499998, "KELAS_CVI": 2, "KELAS_CV_1": "Rendah", "LAHAN": "Pantai", "JENIS": "Natural", "SKOR_LAHAN": 2, "DELTA_D": 48.5, "D_MEAN": -4.5295, "D_MEDIAN": -0.070000000000007001, "TSS_MIN_MG": 9.7, "TSS_RATA_R": 12.9, "TSS_MEDIAN": 11.6, "TSS_MAKS_M": 59.0, "TSS_STDDEV": 3.8, "HS": 0.252865202, "MWP_MEAN_S": 3.5703, "MWD_CIRCUL": 13.13, "JARAK_MUAR": 579.82548354246296, "NAMA_SUNGA": "KaliGangsa", "MUARA_ID": "M1", "RESPON": "Stabil", "TSS__BATAS": 30.4, "PROKSI_NER": "Relatif Seimbang" }, "geometry": { "type": "MultiLineString", "coordinates": [ [ [ 109.097343420755081, -6.837554876601388 ], [ 109.096797994801165, -6.837077627068475 ], [ 109.096528571115527, -6.836797227470674 ], [ 109.096348020099569, -6.836609320253218 ], [ 109.096028446612948, -6.836276725694234 ] ] ] } },
{ "type": "Feature", "properties": { "OBJECTID_1": 2523, "OBJECTID": 38, "ID": 0, "TAHUN": 2002, "DATE": "2002-01-01", "NAMA_TITIK": "T42", "ZONA": "SEL TIMUR", "SHAPE_LENG": 212.100219912, "TRANSECTID": 46, "TRANSORDER": 46, "SHORELINEI": "2002-01-01", "BASELINEID": 1, "DISTANCE": 280.56, "INTERSECTX": 298018.35809200001, "INTERSECTY": 9242354.3803400006, "UNCERTAINT": 10, "NAMA_TITI2": "T42", "D_TAHUN": 0.0, "LRR": -1.48, "SKOR_SHORE": 4, "RASTERVALU": 10.6361, "SKOR_SLOPE": 2, "RASTERVA_1": -1.41562, "SKOR_ELEV": 5, "GEOM_LAP": "Tambak", "SKOR_GEOM": 5, "KATEGORI": "Abrasi Sedang", "GELOMBANG": 0.25959058368907201, "PASUT": 0.884, "SLR": 4.69, "SKOR_GEL": 3, "SKOR_PASUT": 3, "SKOR_SLR": 5, "CVI": 58.094750193110002, "KELAS_CVI": 4, "KELAS_CV_1": "Tinggi", "LAHAN": "Tambak", "JENIS": "Natural", "SKOR_LAHAN": 3, "DELTA_D": -10.09, "D_MEAN": -0.607222222222216, "D_MEDIAN": 1.985, "TSS_MIN_MG": 15.9, "TSS_RATA_R": 44.4, "TSS_MEDIAN": 30.3, "TSS_MAKS_M": 193.1, "TSS_STDDEV": 28.3, "HS": 0.259590584, "MWP_MEAN_S": 3.6004, "MWD_CIRCUL": 36.28, "JARAK_MUAR": 1130.0451134499999, "NAMA_SUNGA": "Kali Ketiwon", "MUARA_ID": "M5", "RESPON": "Akresi", "TSS__BATAS": 30.4, "PROKSI_NER": "Deposisi Lokal" }, "geometry": { "type": "MultiLineString", "coordinates": [ [ [ 109.172182028361405, -6.850855195896028 ], [ 109.170671655617824, -6.849672488200084 ] ] ] } },
{ "type": "Feature", "properties": { "OBJECTID_1": 2524, "OBJECTID": 38, "ID": 0, "TAHUN": 2002, "DATE": "2002-01-01", "NAMA_TITIK": "T51", "ZONA": "SEL BARAT", "SHAPE_LENG": 201.42800722600001, "TRANSECTID": 20, "TRANSORDER": 20, "SHORELINEI": "2002-01-01", "BASELINEID": 1, "DISTANCE": 235.53, "INTERSECTX": 292988.574051, "INTERSECTY": 9242606.2640400007, "UNCERTAINT": 10, "NAMA_TITI2": "T51", "D_TAHUN": 0.0, "LRR": 0.72, "SKOR_SHORE": 3, "RASTERVALU": 2.59289, "SKOR_SLOPE": 4, "RASTERVA_1": -2.65623, "SKOR_ELEV": 5, "GEOM_LAP": "Aluvial", "SKOR_GEOM": 4, "KATEGORI": "Stabil", "GELOMBANG": 0.25959058368907201, "PASUT": 0.884, "SLR": 4.69, "SKOR_GEL": 3, "SKOR_PASUT": 3, "SKOR_SLR": 5, "CVI": 73.484692283499996, "KELAS_CVI": 4, "KELAS_CV_1": "Tinggi", "LAHAN": "Muara", "JENIS": "Natural", "SKOR_LAHAN": 4, "DELTA_D": -1.19, "D_MEAN": -1.415, "D_MEDIAN": -1.58, "TSS_MIN_MG": 17.6, "TSS_RATA_R": 37.1, "TSS_MEDIAN": 34.1, "TSS_MAKS_M": 90.4, "TSS_STDDEV": 12.3, "HS": 0.259590584, "MWP_MEAN_S": 3.6004, "MWD_CIRCUL": 36.28, "JARAK_MUAR": 19.716633507029201, "NAMA_SUNGA": "Kali Sibelis", "MUARA_ID": "M3", "RESPON": "Abrasi", "TSS__BATAS": 30.4, "PROKSI_NER": "Bypass/Export" }, "geometry": { "type": "MultiLineString", "coordinates": [ [ [ 109.126687491533943, -6.848400226373347 ], [ 109.126653980895611, -6.84838794605772 ], [ 109.126584661573133, -6.848362541951209 ], [ 109.126583243354517, -6.848362021973141 ], [ 109.12658316837836, -6.848361994557004 ], [ 109.126562271772102, -6.848354336494025 ], [ 109.126550121155489, -6.848349883305921 ], [ 109.12654564156793, -6.848348242027118 ], [ 109.126539260484023, -6.848345903485094 ], [ 109.126532689701818, -6.848343495489677 ], [ 109.126521876006564, -6.848339532125976 ], [ 109.126487659883381, -6.848326993182199 ], [ 109.126476890451116, -6.848323046264569 ], [ 109.126455500635018, -6.848315207257524 ], [ 109.126452085166946, -6.848313955285475 ], [ 109.126446164778741, -6.848311785802358 ], [ 109.126407027153888, -6.848310010312148 ], [ 109.126270939073237, -6.848303837981401 ], [ 109.126098218733375, -6.848296003841725 ], [ 109.126006014882734, -6.848291821655908 ], [ 109.125997020972306, -6.848291414084092 ], [ 109.125904400177703, -6.848287212170806 ], [ 109.125824775510125, -6.848283600686782 ], [ 109.125719583696764, -6.848278828936525 ], [ 109.125495550049308, -6.848268667047385 ], [ 109.125345414060277, -6.848261857408606 ], [ 109.125307122132924, -6.848260120390703 ], [ 109.125213333732844, -6.848255865873809 ], [ 109.1251893557165, -6.848254778697613 ], [ 109.125018865000442, -6.848247045097752 ], [ 109.124882676669259, -6.848240867470985 ] ] ] } },
{ "type": "Feature", "properties": { "OBJECTID_1": 2533, "OBJECTID": 38, "ID": 0, "TAHUN": 2002, "DATE": "2002-01-01", "NAMA_TITIK": "T40", "ZONA": "SEL TIMUR", "SHAPE_LENG": 200.192488524, "TRANSECTID": 44, "TRANSORDER": 44, "SHORELINEI": "2002-01-01", "BASELINEID": 1, "DISTANCE": 314.96, "INTERSECTX": 297687.36316499999, "INTERSECTY": 9242599.7018899992, "UNCERTAINT": 10, "NAMA_TITI2": "T40", "D_TAHUN": 0.0, "LRR": -2.39, "SKOR_SHORE": 5, "RASTERVALU": 1.31742, "SKOR_SLOPE": 5, "RASTERVA_1": -2.87668, "SKOR_ELEV": 5, "GEOM_LAP": "Tambak", "SKOR_GEOM": 5, "KATEGORI": "Abrasi Tinggi", "GELOMBANG": 0.25959058368907201, "PASUT": 0.884, "SLR": 4.69, "SKOR_GEL": 3, "SKOR_PASUT": 3, "SKOR_SLR": 5, "CVI": 102.69797953222, "KELAS_CVI": 5, "KELAS_CV_1": "Sangat Tinggi", "LAHAN": "Tambak", "JENIS": "Natural", "SKOR_LAHAN": 3, "DELTA_D": 7.59, "D_MEAN": -0.607222222222216, "D_MEDIAN": 1.985, "TSS_MIN_MG": 15.9, "TSS_RATA_R": 44.4, "TSS_MEDIAN": 30.3, "TSS_MAKS_M": 193.1, "TSS_STDDEV": 28.3, "HS": 0.259590584, "MWP_MEAN_S": 3.6004, "MWD_CIRCUL": 36.28, "JARAK_MUAR": 727.664323427044, "NAMA_SUNGA": "Kali Ketiwon", "MUARA_ID": "M5", "RESPON": "Akresi", "TSS__BATAS": 30.4, "PROKSI_NER": "Deposisi Lokal" }, "geometry": { "type": "MultiLineString", "coordinates": [ [ [ 109.169193164663952, -6.848623367088863 ], [ 109.169190301636689, -6.848621429437032 ], [ 109.169092727709796, -6.848555399203031 ], [ 109.168857390211073, -6.848396143333247 ], [ 109.168753234043834, -6.848325659445931 ], [ 109.168707918322227, -6.848294993400811 ], [ 109.168706990748305, -6.848294366002622 ], [ 109.168655285793307, -6.8482593754695 ], [ 109.16854822335867, -6.848186924801579 ], [ 109.168533842379418, -6.848177192879565 ], [ 109.168453576710689, -6.848122875780981 ], [ 109.168415908083261, -6.848097385282869 ], [ 109.16839262314295, -6.848081627622319 ], [ 109.168391680232745, -6.848080989315486 ], [ 109.168386149992273, -6.848077246757724 ], [ 109.168363090627068, -6.848061642757291 ], [ 109.168170360586402, -6.847931217837484 ], [ 109.168087580282318, -6.847875198545762 ], [ 109.16799467070868, -6.847812325152858 ], [ 109.167877312283593, -6.847732906640847 ], [ 109.167700374679242, -6.847613169174338 ], [ 109.167693567687976, -6.847608562801813 ] ] ] } },
{ "type": "Feature", "properties": { "OBJECTID_1": 2536, "OBJECTID": 38, "ID": 0, "TAHUN": 2002, "DATE": "2002-01-01", "NAMA_TITIK": "T41", "ZONA": "SEL TIMUR", "SHAPE_LENG": 200.542639525, "TRANSECTID": 45, "TRANSORDER": 45, "SHORELINEI": "2002-01-01", "BASELINEID": 1, "DISTANCE": 301.72, "INTERSECTX": 297851.23950899998, "INTERSECTY": 9242484.2908399999, "UNCERTAINT": 10, "NAMA_TITI2": "T41", "D_TAHUN": 0.0, "LRR": -2.12, "SKOR_SHORE": 5, "RASTERVALU": 9.05717, "SKOR_SLOPE": 2, "RASTERVA_1": -1.62402, "SKOR_ELEV": 5, "GEOM_LAP": "Tambak", "SKOR_GEOM": 5, "KATEGORI": "Abrasi Tinggi", "GELOMBANG": 0.25959058368907201, "PASUT": 0.884, "SLR": 4.69, "SKOR_GEL": 3, "SKOR_PASUT": 3, "SKOR_SLR": 5, "CVI": 64.951905283830001, "KELAS_CVI": 4, "KELAS_CV_1": "Tinggi", "LAHAN": "Tambak", "JENIS": "Natural", "SKOR_LAHAN": 3, "DELTA_D": 16.21, "D_MEAN": -0.607222222222216, "D_MEDIAN": 1.985, "TSS_MIN_MG": 15.9, "TSS_RATA_R": 44.4, "TSS_MEDIAN": 30.3, "TSS_MAKS_M": 193.1, "TSS_STDDEV": 28.3, "HS": 0.259590584, "MWP_MEAN_S": 3.6004, "MWD_CIRCUL": 36.28, "JARAK_MUAR": 936.29342666807304, "NAMA_SUNGA": "Kali Ketiwon", "MUARA_ID": "M5", "RESPON": "Akresi", "TSS__BATAS": 30.4, "PROKSI_NER": "Deposisi Lokal" }, "geometry": { "type": "MultiLineString", "coordinates": [ [ [ 109.170671655617824, -6.849672488200084 ], [ 109.170214605005427, -6.849314589295795 ], [ 109.170201065810659, -6.849305426610418 ], [ 109.170182806618115, -6.84929307057309 ], [ 109.170147551473704, -6.84926921320942 ], [ 109.170120234875583, -6.84925072779826 ], [ 109.170093152882984, -6.849232400601749 ], [ 109.170040475008932, -6.849196752760171 ], [ 109.169931684184789, -6.849123132974018 ], [ 109.169747305891875, -6.8489983613808 ], [ 109.169738758297768, -6.848992577522585 ], [ 109.169725631478869, -6.848983693973332 ], [ 109.169665331844016, -6.848942888732457 ], [ 109.169497929768426, -6.848829605680368 ], [ 109.169264907299294, -6.848671916611075 ], [ 109.169212005790243, -6.848636116864928 ], [ 109.169193259408203, -6.848623430740333 ], [ 109.16919322060933, -6.848623404372169 ], [ 109.169193164663952, -6.848623367088863 ] ] ] } },
{ "type": "Feature", "properties": { "OBJECTID_1": 2557, "OBJECTID": 38, "ID": 0, "TAHUN": 2002, "DATE": "2002-01-01", "NAMA_TITIK": "T39", "ZONA": "SEL TIMUR", "SHAPE_LENG": 200.12819052899999, "TRANSECTID": 43, "TRANSORDER": 43, "SHORELINEI": "2002-01-01", "BASELINEID": 1, "DISTANCE": 323.74, "INTERSECTX": 297521.167266, "INTERSECTY": 9242711.3083299994, "UNCERTAINT": 10, "NAMA_TITI2": "T39", "D_TAHUN": 0.0, "LRR": -3.6, "SKOR_SHORE": 5, "RASTERVALU": 0.000339, "SKOR_SLOPE": 5, "RASTERVA_1": -2.9425, "SKOR_ELEV": 5, "GEOM_LAP": "Pasir_Halus", "SKOR_GEOM": 3, "KATEGORI": "Abrasi Tinggi", "GELOMBANG": 0.25959058368907201, "PASUT": 0.884, "SLR": 4.69, "SKOR_GEL": 3, "SKOR_PASUT": 3, "SKOR_SLR": 5, "CVI": 64.951905283830001, "KELAS_CVI": 4, "KELAS_CV_1": "Tinggi", "LAHAN": "Pantai", "JENIS": "Natural", "SKOR_LAHAN": 2, "DELTA_D": -21.83, "D_MEAN": -0.607222222222216, "D_MEDIAN": 1.985, "TSS_MIN_MG": 15.9, "TSS_RATA_R": 44.4, "TSS_MEDIAN": 30.3, "TSS_MAKS_M": 193.1, "TSS_STDDEV": 28.3, "HS": 0.259590584, "MWP_MEAN_S": 3.6004, "MWD_CIRCUL": 36.28, "JARAK_MUAR": 535.47677602736997, "NAMA_SUNGA": "Kali Ketiwon", "MUARA_ID": "M5", "RESPON": "Akresi", "TSS__BATAS": 30.4, "PROKSI_NER": "Deposisi Lokal" }, "geometry": { "type": "MultiLineString", "coordinates": [ [ [ 109.167693567687976, -6.847608562801813 ], [ 109.167693509039339, -6.847608522795642 ], [ 109.167635760604952, -6.847569443190031 ], [ 109.167451561384766, -6.847444791954655 ], [ 109.167203157024403, -6.847276691975553 ], [ 109.166866587022355, -6.84704892721105 ], [ 109.166823948129846, -6.847021406848224 ], [ 109.166752289533989, -6.846975156659767 ], [ 109.166368252855591, -6.846727290414494 ], [ 109.166184704690707, -6.846608823914954 ] ] ] } },
{ "type": "Feature", "properties": { "OBJECTID_1": 2564, "OBJECTID": 38, "ID": 0, "TAHUN": 2002, "DATE": "2002-01-01", "NAMA_TITIK": "T38", "ZONA": "SEL TIMUR", "SHAPE_LENG": 186.216930945, "TRANSECTID": 42, "TRANSORDER": 42, "SHORELINEI": "2002-01-01", "BASELINEID": 1, "DISTANCE": 330.56, "INTERSECTX": 297353.95286800002, "INTERSECTY": 9242821.2441799995, "UNCERTAINT": 10, "NAMA_TITI2": "T38", "D_TAHUN": 0.0, "LRR": -4.04, "SKOR_SHORE": 5, "RASTERVALU": 0.000344, "SKOR_SLOPE": 5, "RASTERVA_1": -2.94192, "SKOR_ELEV": 5, "GEOM_LAP": "Pasir_Halus", "SKOR_GEOM": 3, "KATEGORI": "Abrasi Tinggi", "GELOMBANG": 0.25959058368907201, "PASUT": 0.884, "SLR": 4.69, "SKOR_GEL": 3, "SKOR_PASUT": 3, "SKOR_SLR": 5, "CVI": 64.951905283830001, "KELAS_CVI": 4, "KELAS_CV_1": "Tinggi", "LAHAN": "Pantai", "JENIS": "Natural", "SKOR_LAHAN": 2, "DELTA_D": -0.92000000000001603, "D_MEAN": -0.607222222222216, "D_MEDIAN": 1.985, "TSS_MIN_MG": 15.9, "TSS_RATA_R": 44.4, "TSS_MEDIAN": 30.3, "TSS_MAKS_M": 193.1, "TSS_STDDEV": 28.3, "HS": 0.259590584, "MWP_MEAN_S": 3.6004, "MWD_CIRCUL": 36.28, "JARAK_MUAR": 355.43647958132902, "NAMA_SUNGA": "Kali Ketiwon", "MUARA_ID": "M5", "RESPON": "Akresi", "TSS__BATAS": 30.4, "PROKSI_NER": "Deposisi Lokal" }, "geometry": { "type": "MultiLineString", "coordinates": [ [ [ 109.166184704690707, -6.846608823914954 ], [ 109.166092249328045, -6.846549150892465 ], [ 109.166072611221495, -6.846520104325545 ], [ 109.165870829339525, -6.846221658816145 ], [ 109.165863765169263, -6.846211210643727 ], [ 109.165716456644702, -6.845993333705071 ], [ 109.165698981094138, -6.845967486126677 ], [ 109.165600499325549, -6.845821826303517 ], [ 109.165519114432229, -6.845701453846477 ], [ 109.165437137897754, -6.845685058949109 ], [ 109.164978956967047, -6.845593423553351 ] ] ] } },
{ "type": "Feature", "properties": { "OBJECTID_1": 2565, "OBJECTID": 38, "ID": 0, "TAHUN": 2002, "DATE": "2002-01-01", "NAMA_TITIK": "T37", "ZONA": "SEL TIMUR", "SHAPE_LENG": 209.90497480299999, "TRANSECTID": 41, "TRANSORDER": 41, "SHORELINEI": "2002-01-01", "BASELINEID": 1, "DISTANCE": 354.3, "INTERSECTX": 297220.23806499998, "INTERSECTY": 9242933.0399300009, "UNCERTAINT": 10, "NAMA_TITI2": "T37", "D_TAHUN": 0.0, "LRR": -4.54, "SKOR_SHORE": 5, "RASTERVALU": 0.000345, "SKOR_SLOPE": 5, "RASTERVA_1": -2.94128, "SKOR_ELEV": 5, "GEOM_LAP": "Pasir_Halus", "SKOR_GEOM": 3, "KATEGORI": "Abrasi Tinggi", "GELOMBANG": 0.25959058368907201, "PASUT": 0.884, "SLR": 4.69, "SKOR_GEL": 3, "SKOR_PASUT": 3, "SKOR_SLR": 5, "CVI": 64.951905283830001, "KELAS_CVI": 4, "KELAS_CV_1": "Tinggi", "LAHAN": "Pantai", "JENIS": "Natural", "SKOR_LAHAN": 2, "DELTA_D": 6.54, "D_MEAN": -0.607222222222216, "D_MEDIAN": 1.985, "TSS_MIN_MG": 15.9, "TSS_RATA_R": 44.4, "TSS_MEDIAN": 30.3, "TSS_MAKS_M": 193.1, "TSS_STDDEV": 28.3, "HS": 0.259590584, "MWP_MEAN_S": 3.6004, "MWD_CIRCUL": 36.28, "JARAK_MUAR": 155.29372815372599, "NAMA_SUNGA": "Kali Ketiwon", "MUARA_ID": "M5", "RESPON": "Akresi", "TSS__BATAS": 30.4, "PROKSI_NER": "Deposisi Lokal" }, "geometry": { "type": "MultiLineString", "coordinates": [ [ [ 109.164978956967047, -6.845593423553351 ], [ 109.164853333775781, -6.84556829878586 ], [ 109.164836847727244, -6.845565001719335 ], [ 109.16467989492898, -6.845533610923037 ], [ 109.164619286708401, -6.845521489102118 ], [ 109.164506886399522, -6.845499008732676 ], [ 109.164344098746497, -6.845466450910632 ], [ 109.164183660465397, -6.845434363125334 ], [ 109.164171641697735, -6.845431959215379 ], [ 109.16416055669535, -6.845420749755224 ], [ 109.164009389455813, -6.845267878724153 ], [ 109.163946652601609, -6.845204434684902 ], [ 109.163869958828414, -6.845126876033251 ], [ 109.163836198328426, -6.845092734868244 ], [ 109.163696307317309, -6.844951266566715 ], [ 109.163656214497422, -6.844910722448343 ], [ 109.163482172046585, -6.844734717242564 ], [ 109.163445909124476, -6.844698045742305 ], [ 109.163415606371217, -6.844667401451093 ] ] ] } },
{ "type": "Feature", "properties": { "OBJECTID_1": 2577, "OBJECTID": 38, "ID": 0, "TAHUN": 2002, "DATE": "2002-01-01", "NAMA_TITIK": "T44", "ZONA": "SEL BARAT", "SHAPE_LENG": 101.546970949, "TRANSECTID": 5, "TRANSORDER": 5, "SHORELINEI": "2002-01-01", "BASELINEID": 1, "DISTANCE": 317.17, "INTERSECTX": 290220.99666200002, "INTERSECTY": 9243608.7608800009, "UNCERTAINT": 10, "NAMA_TITI2": "T44", "D_TAHUN": 0.0, "LRR": -2.33, "SKOR_SHORE": 5, "RASTERVALU": 0.013365, "SKOR_SLOPE": 5, "RASTERVA_1": -2.91714, "SKOR_ELEV": 5, "GEOM_LAP": "Aluvial", "SKOR_GEOM": 4, "KATEGORI": "Abrasi Tinggi", "GELOMBANG": 0.25959058368907201, "PASUT": 0.884, "SLR": 4.69, "SKOR_GEL": 3, "SKOR_PASUT": 3, "SKOR_SLR": 5, "CVI": 106.06601717798, "KELAS_CVI": 5, "KELAS_CV_1": "Sangat Tinggi", "LAHAN": "Muara", "JENIS": "Natural", "SKOR_LAHAN": 4, "DELTA_D": 0.85000000000002296, "D_MEAN": -1.415, "D_MEDIAN": -1.58, "TSS_MIN_MG": 17.6, "TSS_RATA_R": 37.1, "TSS_MEDIAN": 34.1, "TSS_MAKS_M": 90.4, "TSS_STDDEV": 12.3, "HS": 0.259590584, "MWP_MEAN_S": 3.6004, "MWD_CIRCUL": 36.28, "JARAK_MUAR": 61.827697463302599, "NAMA_SUNGA": "KaliGangsa", "MUARA_ID": "M1", "RESPON": "Abrasi", "TSS__BATAS": 30.4, "PROKSI_NER": "Bypass/Export" }, "geometry": { "type": "MultiLineString", "coordinates": [ [ [ 109.101687909104982, -6.839238385972825 ], [ 109.101619334656547, -6.839218802608583 ], [ 109.10159958899817, -6.839213163488252 ], [ 109.101560044824268, -6.839189157784038 ], [ 109.101541098457048, -6.839177655905039 ], [ 109.101521079107414, -6.83916550334886 ], [ 109.101517926040955, -6.839163589551682 ], [ 109.101469985736216, -6.839134486759591 ], [ 109.101422095972737, -6.839105414903655 ], [ 109.101416555097671, -6.839102051427205 ], [ 109.10135565692066, -6.839065083222232 ], [ 109.101298632857663, -6.839030465631188 ], [ 109.101073612143864, -6.838893864412723 ], [ 109.101069286835866, -6.838891238968731 ], [ 109.10095933038626, -6.838824489024842 ], [ 109.100917752228497, -6.838799248372252 ], [ 109.100892993400294, -6.838784218278728 ] ] ] } },
{ "type": "Feature", "properties": { "OBJECTID_1": 2579, "OBJECTID": 38, "ID": 0, "TAHUN": 2002, "DATE": "2002-01-01", "NAMA_TITIK": "T05", "ZONA": "SEL BARAT", "SHAPE_LENG": 200.11786405699999, "TRANSECTID": 6, "TRANSORDER": 6, "SHORELINEI": "2002-01-01", "BASELINEID": 1, "DISTANCE": 324.04, "INTERSECTX": 290413.62926800002, "INTERSECTY": 9243554.5405400004, "UNCERTAINT": 10, "NAMA_TITI2": "T05", "D_TAHUN": 0.0, "LRR": -1.47, "SKOR_SHORE": 4, "RASTERVALU": 6.15341, "SKOR_SLOPE": 3, "RASTERVA_1": -2.46219, "SKOR_ELEV": 5, "GEOM_LAP": "Pasir_Halus", "SKOR_GEOM": 3, "KATEGORI": "Abrasi Sedang", "GELOMBANG": 0.25959058368907201, "PASUT": 0.884, "SLR": 4.69, "SKOR_GEL": 3, "SKOR_PASUT": 3, "SKOR_SLR": 5, "CVI": 63.639610306789997, "KELAS_CVI": 4, "KELAS_CV_1": "Tinggi", "LAHAN": "Muara", "JENIS": "Natural", "SKOR_LAHAN": 4, "DELTA_D": -1.97, "D_MEAN": -1.415, "D_MEDIAN": -1.58, "TSS_MIN_MG": 17.6, "TSS_RATA_R": 37.1, "TSS_MEDIAN": 34.1, "TSS_MAKS_M": 90.4, "TSS_STDDEV": 12.3, "HS": 0.259590584, "MWP_MEAN_S": 3.6004, "MWD_CIRCUL": 36.28, "JARAK_MUAR": 4.2768385923696401, "NAMA_SUNGA": "KaliGangsa", "MUARA_ID": "M1", "RESPON": "Abrasi", "TSS__BATAS": 30.4, "PROKSI_NER": "Bypass/Export" }, "geometry": { "type": "MultiLineString", "coordinates": [ [ [ 109.103428477323888, -6.839735464558446 ], [ 109.101687909104982, -6.839238385972825 ] ] ] } },
{ "type": "Feature", "properties": { "OBJECTID_1": 2582, "OBJECTID": 38, "ID": 0, "TAHUN": 2002, "DATE": "2002-01-01", "NAMA_TITIK": "T03", "ZONA": "SEL BARAT", "SHAPE_LENG": 200.18750798799999, "TRANSECTID": 3, "TRANSORDER": 3, "SHORELINEI": "2002-01-01", "BASELINEID": 1, "DISTANCE": 337.77, "INTERSECTX": 289963.53860799997, "INTERSECTY": 9243765.292, "UNCERTAINT": 10, "NAMA_TITI2": "T03", "D_TAHUN": 0.0, "LRR": -3.26, "SKOR_SHORE": 5, "RASTERVALU": 6.99672, "SKOR_SLOPE": 3, "RASTERVA_1": -1.58426, "SKOR_ELEV": 5, "GEOM_LAP": "Pasir_Halus", "SKOR_GEOM": 3, "KATEGORI": "Abrasi Tinggi", "GELOMBANG": 0.25959058368907201, "PASUT": 0.884, "SLR": 4.69, "SKOR_GEL": 3, "SKOR_PASUT": 3, "SKOR_SLR": 5, "CVI": 50.311529493750001, "KELAS_CVI": 4, "KELAS_CV_1": "Tinggi", "LAHAN": "Pantai", "JENIS": "Natural", "SKOR_LAHAN": 2, "DELTA_D": 14.26, "D_MEAN": -1.415, "D_MEDIAN": -1.58, "TSS_MIN_MG": 17.6, "TSS_RATA_R": 37.1, "TSS_MEDIAN": 34.1, "TSS_MAKS_M": 90.4, "TSS_STDDEV": 12.3, "HS": 0.259590584, "MWP_MEAN_S": 3.6004, "MWD_CIRCUL": 36.28, "JARAK_MUAR": 387.64661320961198, "NAMA_SUNGA": "KaliGangsa", "MUARA_ID": "M1", "RESPON": "Abrasi", "TSS__BATAS": 30.4, "PROKSI_NER": "Bypass/Export" }, "geometry": { "type": "MultiLineString", "coordinates": [ [ [ 109.099364610517213, -6.837813992876892 ], [ 109.099207717247268, -6.837711646715498 ], [ 109.099062460437736, -6.837616891323098 ], [ 109.099009669485525, -6.837582454817526 ], [ 109.098921858422031, -6.837525173128813 ], [ 109.098726675491463, -6.837397849523247 ], [ 109.098697609075117, -6.837379878429752 ], [ 109.098528903710331, -6.837275572356346 ], [ 109.09847625374141, -6.837243020545654 ], [ 109.098476099435842, -6.837242925003979 ], [ 109.098357941588475, -6.837169871318881 ], [ 109.098329914740106, -6.837152542622841 ], [ 109.098306420516423, -6.837138017412011 ], [ 109.09826518832395, -6.83711252482047 ], [ 109.098226777861626, -6.837088776563728 ], [ 109.098177852038603, -6.837058526856236 ], [ 109.098094924773534, -6.837007255030841 ], [ 109.098086982980419, -6.837002345046638 ], [ 109.09798858544562, -6.836941508025598 ], [ 109.097934637047103, -6.836908152711059 ], [ 109.097909873215983, -6.836892841315113 ], [ 109.097896600203939, -6.836884635558151 ], [ 109.097834514217539, -6.836846249228707 ] ] ] } },
{ "type": "Feature", "properties": { "OBJECTID_1": 2584, "OBJECTID": 38, "ID": 0, "TAHUN": 2002, "DATE": "2002-01-01", "NAMA_TITIK": "T04", "ZONA": "SEL BARAT", "SHAPE_LENG": 200.18451507699999, "TRANSECTID": 4, "TRANSORDER": 4, "SHORELINEI": "2002-01-01", "BASELINEID": 1, "DISTANCE": 345.76, "INTERSECTX": 290132.922051, "INTERSECTY": 9243658.6473299991, "UNCERTAINT": 10, "NAMA_TITI2": "T04", "D_TAHUN": 0.0, "LRR": -3.32, "SKOR_SHORE": 5, "RASTERVALU": 6.89058, "SKOR_SLOPE": 3, "RASTERVA_1": -2.22393, "SKOR_ELEV": 5, "GEOM_LAP": "Pasir_Halus", "SKOR_GEOM": 3, "KATEGORI": "Abrasi Tinggi", "GELOMBANG": 0.25959058368907201, "PASUT": 0.884, "SLR": 4.69, "SKOR_GEL": 3, "SKOR_PASUT": 3, "SKOR_SLR": 5, "CVI": 50.311529493750001, "KELAS_CVI": 4, "KELAS_CV_1": "Tinggi", "LAHAN": "Pantai", "JENIS": "Natural", "SKOR_LAHAN": 2, "DELTA_D": 0.39999999999997699, "D_MEAN": -1.415, "D_MEDIAN": -1.58, "TSS_MIN_MG": 17.6, "TSS_RATA_R": 37.1, "TSS_MEDIAN": 34.1, "TSS_MAKS_M": 90.4, "TSS_STDDEV": 12.3, "HS": 0.259590584, "MWP_MEAN_S": 3.6004, "MWD_CIRCUL": 36.28, "JARAK_MUAR": 191.803552089433, "NAMA_SUNGA": "KaliGangsa", "MUARA_ID": "M1", "RESPON": "Abrasi", "TSS__BATAS": 30.4, "PROKSI_NER": "Bypass/Export" }, "geometry": { "type": "MultiLineString", "coordinates": [ [ [ 109.100892993400294, -6.838784218278728 ], [ 109.100892807501481, -6.838784105434658 ], [ 109.100301424337871, -6.838425100164051 ], [ 109.100277287116313, -6.838409354634472 ], [ 109.100227049360669, -6.838376583731358 ], [ 109.100170223323616, -6.83833951486845 ], [ 109.100120312202634, -6.83830695681065 ], [ 109.100043940569947, -6.838257137783081 ], [ 109.09973167014887, -6.838053435380632 ], [ 109.099675153671456, -6.838016568415479 ], [ 109.099519168823889, -6.837914815390838 ], [ 109.099364610517213, -6.837813992876892 ] ] ] } },
{ "type": "Feature", "properties": { "OBJECTID_1": 2585, "OBJECTID": 38, "ID": 0, "TAHUN": 2002, "DATE": "2002-01-01", "NAMA_TITIK": "T02", "ZONA": "SEL BARAT", "SHAPE_LENG": 200.608506672, "TRANSECTID": 2, "TRANSORDER": 2, "SHORELINEI": "2002-01-01", "BASELINEID": 1, "DISTANCE": 329.45, "INTERSECTX": 289793.96587700001, "INTERSECTY": 9243871.6610700004, "UNCERTAINT": 10, "NAMA_TITI2": "T02", "D_TAHUN": 0.0, "LRR": -2.19, "SKOR_SHORE": 5, "RASTERVALU": 6.56471, "SKOR_SLOPE": 3, "RASTERVA_1": -1.78074, "SKOR_ELEV": 5, "GEOM_LAP": "Pasir_Halus", "SKOR_GEOM": 3, "KATEGORI": "Abrasi Tinggi", "GELOMBANG": 0.25959058368907201, "PASUT": 0.884, "SLR": 4.69, "SKOR_GEL": 3, "SKOR_PASUT": 3, "SKOR_SLR": 5, "CVI": 50.311529493750001, "KELAS_CVI": 4, "KELAS_CV_1": "Tinggi", "LAHAN": "Pantai", "JENIS": "Natural", "SKOR_LAHAN": 2, "DELTA_D": -6.15, "D_MEAN": -1.415, "D_MEDIAN": -1.58, "TSS_MIN_MG": 17.6, "TSS_RATA_R": 37.1, "TSS_MEDIAN": 34.1, "TSS_MAKS_M": 90.4, "TSS_STDDEV": 12.3, "HS": 0.259590584, "MWP_MEAN_S": 3.6004, "MWD_CIRCUL": 36.28, "JARAK_MUAR": 579.82548354246296, "NAMA_SUNGA": "KaliGangsa", "MUARA_ID": "M1", "RESPON": "Abrasi", "TSS__BATAS": 30.4, "PROKSI_NER": "Bypass/Export" }, "geometry": { "type": "MultiLineString", "coordinates": [ [ [ 109.097834514217539, -6.836846249228707 ], [ 109.097735620449583, -6.836785105525307 ], [ 109.097336983915085, -6.836538637916463 ], [ 109.097268619796012, -6.836481847879567 ], [ 109.0971167002958, -6.836355647781099 ], [ 109.097103358196222, -6.83634456393973 ], [ 109.097043776766938, -6.836295069545857 ], [ 109.097004165217328, -6.836262164124886 ], [ 109.096835123307727, -6.83612173966588 ], [ 109.096577562885173, -6.835907781667857 ], [ 109.096391341904905, -6.835753086468425 ] ] ] } },
{ "type": "Feature", "properties": { "OBJECTID_1": 2586, "OBJECTID": 38, "ID": 0, "TAHUN": 2002, "DATE": "2002-01-01", "NAMA_TITIK": "T01", "ZONA": "SEL BARAT", "SHAPE_LENG": 73.386106656300001, "TRANSECTID": 1, "TRANSORDER": 1, "SHORELINEI": "2002-01-01", "BASELINEID": 1, "DISTANCE": 338.0, "INTERSECTX": 289633.94674699998, "INTERSECTY": 9243991.9398699999, "UNCERTAINT": 10, "NAMA_TITI2": "T01", "D_TAHUN": 0.0, "LRR": -0.96, "SKOR_SHORE": 3, "RASTERVALU": 0.111227, "SKOR_SLOPE": 5, "RASTERVA_1": -2.91494, "SKOR_ELEV": 5, "GEOM_LAP": "Pasir_Halus", "SKOR_GEOM": 3, "KATEGORI": "Stabil", "GELOMBANG": 0.25959058368907201, "PASUT": 0.884, "SLR": 4.69, "SKOR_GEL": 3, "SKOR_PASUT": 3, "SKOR_SLR": 5, "CVI": 50.311529493750001, "KELAS_CVI": 4, "KELAS_CV_1": "Tinggi", "LAHAN": "Pantai", "JENIS": "Natural", "SKOR_LAHAN": 2, "DELTA_D": -3.37, "D_MEAN": -1.415, "D_MEDIAN": -1.58, "TSS_MIN_MG": 17.6, "TSS_RATA_R": 37.1, "TSS_MEDIAN": 34.1, "TSS_MAKS_M": 90.4, "TSS_STDDEV": 12.3, "HS": 0.259590584, "MWP_MEAN_S": 3.6004, "MWD_CIRCUL": 36.28, "JARAK_MUAR": 778.10088489128304, "NAMA_SUNGA": "KaliGangsa", "MUARA_ID": "M1", "RESPON": "Abrasi", "TSS__BATAS": 30.4, "PROKSI_NER": "Bypass/Export" }, "geometry": { "type": "MultiLineString", "coordinates": [ [ [ 109.096391341904905, -6.835753086468425 ], [ 109.096385209134425, -6.835747991946752 ], [ 109.095880823047352, -6.835328993745051 ] ] ] } },
{ "type": "Feature", "properties": { "OBJECTID_1": 2587, "OBJECTID": 2, "ID": 0, "TAHUN": 1989, "DATE": "1989-01-01", "NAMA_TITIK": "T51", "ZONA": "SEL BARAT", "SHAPE_LENG": 201.068505751, "TRANSECTID": 20, "TRANSORDER": 20, "SHORELINEI": "1989-01-01", "BASELINEID": 1, "DISTANCE": 251.14, "INTERSECTX": 292990.72183, "INTERSECTY": 9242621.7212300003, "UNCERTAINT": 10, "NAMA_TITI2": "T51", "D_TAHUN": 0.0, "LRR": 0.72, "SKOR_SHORE": 3, "RASTERVALU": 2.59289, "SKOR_SLOPE": 4, "RASTERVA_1": -2.65623, "SKOR_ELEV": 5, "GEOM_LAP": "Aluvial", "SKOR_GEOM": 4, "KATEGORI": "Stabil", "GELOMBANG": 0.214001871207181, "PASUT": 0.873, "SLR": 4.69, "SKOR_GEL": 1, "SKOR_PASUT": 4, "SKOR_SLR": 5, "CVI": 48.989794855660001, "KELAS_CVI": 3, "KELAS_CV_1": "Sedang", "LAHAN": "Muara", "JENIS": "Natural", "SKOR_LAHAN": 4, "DELTA_D": 27.14, "D_MEAN": 6.1995, "D_MEDIAN": 12.465, "TSS_MIN_MG": 0.0, "TSS_RATA_R": 0.0, "TSS_MEDIAN": 0.0, "TSS_MAKS_M": 0.0, "TSS_STDDEV": 0.0, "HS": 0.214001871, "MWP_MEAN_S": 3.2901, "MWD_CIRCUL": 17.02, "JARAK_MUAR": 19.716633507029201, "NAMA_SUNGA": "Kali Sibelis", "MUARA_ID": "M3", "RESPON": "Akresi", "TSS__BATAS": 30.4, "PROKSI_NER": null }, "geometry": { "type": "MultiLineString", "coordinates": [ [ [ 109.126707465015116, -6.848260551151132 ], [ 109.125126935381758, -6.847865407306125 ], [ 109.124942948138099, -6.847819409886063 ] ] ] } }
]
}
